customer_id,snapshot_date,tenure_months,monthly_charge,usage_previous,support_tickets,failed_payments,contract,payment_method,usage_current,churn_next_30d
C00000,2025-01-01,7,2366.77,26.42,1,1,monthly,manual,6.09,1
C00001,2025-01-01,56,933.1,24.2,0,0,monthly,manual,21.21,0
C00002,2025-01-01,48,787.66,72.69,1,0,monthly,automatic,71.41,0
C00003,2025-01-01,32,2497.64,52.63,1,0,monthly,automatic,12.44,1
C00004,2025-01-01,32,1851.99,61.92,0,1,monthly,manual,58.29,0
C00005,2025-01-01,62,307.94,72.31,1,1,annual,manual,3.62,1
C00006,2025-01-01,7,341.34,57.01,0,0,monthly,automatic,83.29,0
C00007,2025-01-01,51,257.65,79.83,0,0,monthly,automatic,86.78,0
C00008,2025-01-01,15,1578.12,35.29,0,0,monthly,automatic,22.36,0
C00009,2025-01-01,7,363.6,86.6,1,0,annual,manual,83.51,1
C00010,2025-01-01,38,2345.79,15.23,1,0,monthly,automatic,15.35,0
C00011,2025-01-01,71,2353.89,65.23,1,0,annual,manual,71.04,0
C00012,2025-01-01,53,1454.92,89.56,2,0,monthly,automatic,84.57,0
C00013,2025-01-01,55,1617.27,29.01,1,0,monthly,automatic,36.28,0
C00014,2025-01-01,52,870.36,36.05,1,0,monthly,automatic,17.17,0
C00015,2025-01-01,57,346.14,34.02,0,1,monthly,automatic,29.76,0
C00016,2025-01-01,37,1895.16,58.61,0,0,monthly,automatic,90.57,0
C00017,2025-01-01,10,433.11,44.22,0,1,monthly,manual,35.24,0
C00018,2025-01-01,61,395.78,15.26,0,1,monthly,automatic,15.33,0
C00019,2025-01-01,33,914.81,89.67,1,0,annual,automatic,51.26,0
C00020,2025-01-01,37,227.67,24.44,2,0,monthly,manual,40.93,0
C00021,2025-01-01,27,1197.28,55.74,0,0,annual,automatic,56.85,0
C00022,2025-01-01,14,1826.67,61.51,1,0,annual,automatic,29.49,0
C00023,2025-01-01,67,2042.1,8.87,1,0,monthly,manual,11.55,0
C00024,2025-01-01,57,,14.09,2,0,monthly,automatic,7.67,0
C00025,2025-01-01,47,2146.81,97.31,3,0,monthly,automatic,112.81,0
C00026,2025-01-01,29,1133.96,68.13,1,1,monthly,automatic,87.24,0
C00027,2025-01-01,60,2151.18,8.19,1,0,monthly,automatic,13.34,0
C00028,2025-01-01,40,1363.89,80.45,4,0,monthly,automatic,80.32,1
C00029,2025-01-01,32,711.98,53.31,0,0,monthly,manual,49.96,0
C00030,2025-01-01,33,2370.53,12.14,1,1,monthly,automatic,2.56,1
C00031,2025-01-01,17,831.43,69.67,0,1,annual,manual,52.96,1
C00032,2025-01-01,7,259.26,52.44,1,0,monthly,manual,35.14,1
C00033,2025-01-01,40,757.15,24.47,0,0,monthly,automatic,20.96,0
C00034,2025-01-01,64,1042.38,88.38,2,0,monthly,automatic,65.22,0
C00035,2025-01-01,5,1007.1,32.68,0,0,annual,automatic,39.06,0
C00036,2025-01-01,62,1405.74,32.03,2,1,annual,automatic,23.19,0
C00037,2025-01-01,60,2230.19,30.91,2,0,monthly,manual,33.58,1
C00038,2025-01-01,20,871.38,77.91,0,0,annual,automatic,68.53,0
C00039,2025-01-01,46,1396.77,72.08,1,0,monthly,automatic,50.6,0
C00040,2025-01-01,12,981.32,90.8,0,0,monthly,automatic,60.86,1
C00041,2025-01-01,55,2089.08,26.79,0,0,monthly,manual,26.83,0
C00042,2025-01-01,51,561.48,79.7,1,0,annual,automatic,111.56,0
C00043,2025-01-01,26,437.07,59.44,2,0,monthly,automatic,39.48,0
C00044,2025-01-01,5,1355.89,34.32,2,0,monthly,automatic,32.15,1
C00045,2025-01-01,70,1744.34,8.37,3,0,monthly,manual,9.12,0
C00046,2025-01-01,33,2028.71,82.8,2,0,annual,automatic,75.6,0
C00047,2025-01-01,65,1555.14,27.9,0,1,annual,automatic,8.48,0
C00048,2025-01-01,49,1978.85,65.02,1,0,monthly,manual,70.72,1
C00049,2025-01-01,57,1102.23,57.14,0,0,monthly,manual,22.44,0
C00050,2025-01-01,55,274.6,5.42,0,0,monthly,automatic,2.15,0
C00051,2025-01-01,15,466.03,99.46,2,1,annual,manual,46.09,1
C00052,2025-01-01,27,288.06,82.36,0,0,monthly,automatic,71.11,0
C00053,2025-01-01,34,955.57,51.21,0,1,monthly,manual,29.84,1
C00054,2025-01-01,36,1338.63,69.63,0,0,monthly,manual,29.08,1
C00055,2025-01-01,4,1018.53,50.28,1,0,monthly,automatic,52.94,1
C00056,2025-01-01,40,1488.38,75.74,1,0,monthly,automatic,68.97,0
C00057,2025-01-01,12,1304.4,17.76,0,0,monthly,automatic,21.05,0
C00058,2025-01-01,54,1758.27,47.4,1,0,annual,automatic,31.51,1
C00059,2025-01-01,50,1733.01,36.88,0,0,annual,automatic,33.11,0
C00060,2025-01-01,67,930.55,48.67,0,0,monthly,manual,58.41,0
C00061,2025-01-01,54,995.29,47.79,1,0,monthly,automatic,22.0,0
C00062,2025-01-01,27,1544.84,18.59,3,0,monthly,automatic,12.8,1
C00063,2025-01-01,70,1570.79,97.77,2,0,monthly,automatic,123.92,0
C00064,2025-01-01,30,922.81,6.47,2,0,monthly,automatic,6.0,0
C00065,2025-01-01,24,958.73,5.96,1,0,monthly,automatic,5.17,0
C00066,2025-01-01,66,1795.3,40.48,1,0,monthly,manual,36.69,0
C00067,2025-01-01,27,1688.04,63.94,0,0,annual,automatic,86.19,0
C00068,2025-01-01,6,509.62,22.07,0,1,monthly,automatic,20.12,1
C00069,2025-01-01,34,1213.4,55.65,0,0,monthly,automatic,52.09,1
C00070,2025-01-01,58,2252.22,73.66,0,0,monthly,automatic,67.34,0
C00071,2025-01-01,14,282.5,13.94,0,0,annual,automatic,4.94,0
C00072,2025-01-01,34,2165.88,98.52,1,0,monthly,automatic,107.97,1
C00073,2025-01-01,10,574.31,36.99,2,0,monthly,automatic,23.4,0
C00074,2025-01-01,50,1365.67,66.03,1,0,monthly,automatic,31.58,1
C00075,2025-01-01,35,1174.97,15.52,0,0,monthly,automatic,4.79,1
C00076,2025-01-01,24,222.3,72.4,1,0,monthly,manual,27.62,1
C00077,2025-01-01,17,2304.41,84.84,1,0,monthly,manual,10.67,0
C00078,2025-01-01,41,1245.33,15.0,1,0,monthly,automatic,8.42,0
C00079,2025-01-01,49,2393.82,16.96,2,0,monthly,automatic,13.02,1
C00080,2025-01-01,68,858.51,31.7,2,0,monthly,automatic,40.94,0
C00081,2025-01-01,32,2191.43,6.13,0,0,monthly,automatic,5.77,0
C00082,2025-01-01,12,2320.5,98.67,1,0,annual,automatic,99.53,1
C00083,2025-01-01,60,1479.71,61.85,0,0,monthly,manual,84.6,0
C00084,2025-01-01,46,665.16,62.72,1,0,annual,automatic,3.14,1
C00085,2025-01-01,51,1775.07,96.1,0,1,monthly,automatic,101.59,0
C00086,2025-01-01,8,1461.65,84.04,1,1,annual,automatic,86.58,0
C00087,2025-01-01,23,2371.42,82.35,1,0,monthly,automatic,99.5,0
C00088,2025-01-01,56,1209.33,37.25,0,0,annual,automatic,10.85,1
C00089,2025-01-01,60,816.58,36.81,2,0,monthly,manual,26.47,0
C00090,2025-01-01,32,517.06,32.72,3,0,monthly,automatic,19.44,1
C00091,2025-01-01,58,1805.86,37.94,1,1,monthly,manual,17.8,1
C00092,2025-01-01,61,2439.45,40.1,2,0,monthly,manual,69.35,0
C00093,2025-01-01,28,264.19,18.3,1,0,monthly,automatic,13.21,0
C00094,2025-01-01,65,1902.02,38.82,0,1,monthly,automatic,48.31,0
C00095,2025-01-01,21,2330.94,47.44,1,1,monthly,automatic,55.36,1
C00096,2025-01-01,18,371.0,34.39,1,0,monthly,manual,14.3,1
C00097,2025-01-01,50,452.39,20.71,2,0,monthly,manual,15.25,0
C00098,2025-01-01,46,1790.5,40.47,2,0,annual,manual,38.09,1
C00099,2025-01-01,11,1689.32,50.69,2,0,monthly,automatic,53.65,0
C00100,2025-01-01,60,357.3,73.47,2,1,monthly,manual,76.1,1
C00101,2025-01-01,15,2118.17,72.57,0,0,monthly,automatic,111.29,0
C00102,2025-01-01,58,1402.87,24.26,2,0,monthly,,30.05,0
C00103,2025-01-01,1,2285.55,8.48,0,0,annual,manual,9.75,0
C00104,2025-01-01,58,2218.38,33.86,0,1,annual,manual,42.63,0
C00105,2025-01-01,57,2067.77,19.93,1,0,monthly,automatic,27.77,0
C00106,2025-01-01,57,1385.57,42.6,1,0,monthly,automatic,29.9,0
C00107,2025-01-01,48,777.93,98.04,1,1,monthly,manual,36.0,1
C00108,2025-01-01,34,1362.74,22.2,1,1,monthly,automatic,15.71,0
C00109,2025-01-01,51,430.87,35.29,1,0,monthly,automatic,15.5,0
C00110,2025-01-01,20,1714.35,73.89,1,0,annual,manual,42.56,0
C00111,2025-01-01,57,507.15,53.37,0,2,monthly,manual,50.96,0
C00112,2025-01-01,41,1374.7,9.17,1,0,monthly,manual,6.66,0
C00113,2025-01-01,34,324.08,20.36,1,0,annual,automatic,23.35,0
C00114,2025-01-01,37,887.88,93.85,0,0,monthly,manual,96.31,0
C00115,2025-01-01,41,732.79,14.8,1,1,monthly,manual,15.51,1
C00116,2025-01-01,3,1625.07,65.33,0,1,monthly,automatic,31.18,1
C00117,2025-01-01,11,2008.61,80.27,1,0,monthly,automatic,49.19,1
C00118,2025-01-01,18,330.8,30.22,1,0,monthly,manual,7.6,1
C00119,2025-01-01,9,2154.65,73.88,2,0,monthly,automatic,82.66,0
C00120,2025-01-01,32,2178.77,21.14,1,0,monthly,automatic,33.67,0
C00121,2025-01-01,49,986.22,32.05,1,1,annual,automatic,31.49,1
C00122,2025-01-01,48,1714.71,34.62,5,0,monthly,manual,35.09,1
C00123,2025-01-01,34,1125.01,99.66,2,0,monthly,automatic,73.14,0
C00124,2025-01-01,62,553.64,25.38,0,0,monthly,automatic,21.43,0
C00125,2025-01-01,41,1414.92,17.27,1,0,monthly,automatic,23.59,0
C00126,2025-01-01,6,397.63,92.94,2,0,monthly,automatic,88.46,1
C00127,2025-01-01,56,2219.49,20.38,0,0,monthly,automatic,23.31,0
C00128,2025-01-01,42,2324.87,88.53,1,0,monthly,automatic,121.75,0
C00129,2025-01-01,46,2088.71,66.79,2,0,monthly,automatic,87.17,0
C00130,2025-01-01,41,1492.81,59.8,0,0,monthly,automatic,55.69,0
C00131,2025-01-01,40,1481.48,76.38,1,0,monthly,automatic,73.1,0
C00132,2025-01-01,7,2463.6,73.97,3,0,annual,automatic,58.05,1
C00133,2025-01-01,41,769.17,15.5,0,0,monthly,automatic,16.97,0
C00134,2025-01-01,58,373.68,99.95,2,0,annual,automatic,77.49,0
C00135,2025-01-01,22,1491.46,94.48,1,1,monthly,automatic,98.5,0
C00136,2025-01-01,44,955.21,90.18,0,0,monthly,automatic,115.74,0
C00137,2025-01-01,3,940.38,64.12,3,0,monthly,automatic,21.15,1
C00138,2025-01-01,26,215.3,54.67,2,0,monthly,automatic,14.75,0
C00139,2025-01-01,32,1570.35,55.95,1,0,monthly,automatic,50.6,0
C00140,2025-01-01,71,806.28,6.42,0,0,monthly,manual,7.41,0
C00141,2025-01-01,16,631.07,52.45,2,0,monthly,automatic,53.52,0
C00142,2025-01-01,20,291.99,64.26,0,0,monthly,manual,31.88,1
C00143,2025-01-01,30,1037.03,67.58,1,0,monthly,automatic,83.45,0
C00144,2025-01-01,72,2220.63,36.55,0,0,monthly,automatic,58.04,0
C00145,2025-01-01,62,973.34,49.77,0,0,monthly,automatic,30.66,0
C00146,2025-01-01,3,1760.87,65.45,1,0,monthly,automatic,43.61,1
C00147,2025-01-01,17,1939.06,45.69,1,0,monthly,manual,42.44,1
C00148,2025-01-01,60,953.63,96.4,1,0,monthly,automatic,84.44,0
C00149,2025-01-01,5,2088.77,72.02,2,0,monthly,manual,96.58,0
C00150,2025-01-01,62,1790.32,5.12,1,2,monthly,automatic,5.22,1
C00151,2025-01-01,21,1485.26,7.21,1,0,monthly,manual,5.9,1
C00152,2025-01-01,67,201.28,70.58,1,0,annual,automatic,50.37,0
C00153,2025-01-01,22,279.71,44.2,1,1,monthly,automatic,17.03,1
C00154,2025-01-01,32,2477.99,84.75,2,0,monthly,manual,118.59,1
C00155,2025-01-01,48,1998.25,21.44,1,0,monthly,automatic,24.43,0
C00156,2025-01-01,10,2355.4,6.31,5,1,annual,manual,5.61,1
C00157,2025-01-01,41,2274.3,41.87,1,0,annual,automatic,40.11,0
C00158,2025-01-01,37,246.02,74.93,2,0,monthly,manual,66.11,0
C00159,2025-01-01,57,2020.25,97.31,3,0,annual,manual,29.39,1
C00160,2025-01-01,72,1236.64,88.95,2,1,monthly,automatic,37.59,1
C00161,2025-01-01,48,2014.98,50.99,2,0,annual,manual,43.27,1
C00162,2025-01-01,30,214.45,82.22,1,0,monthly,manual,69.28,1
C00163,2025-01-01,30,861.86,11.68,2,0,monthly,automatic,10.7,0
C00164,2025-01-01,31,1927.04,59.37,1,1,monthly,automatic,89.89,0
C00165,2025-01-01,59,2022.95,92.81,0,0,monthly,manual,76.08,0
C00166,2025-01-01,24,1624.34,42.66,1,0,annual,manual,27.86,0
C00167,2025-01-01,13,891.89,96.21,1,0,monthly,manual,90.3,0
C00168,2025-01-01,25,912.83,25.97,2,0,monthly,manual,11.2,1
C00169,2025-01-01,2,2422.56,15.04,0,0,monthly,automatic,14.66,1
C00170,2025-01-01,8,1209.19,54.85,0,0,annual,automatic,36.55,0
C00171,2025-01-01,7,1227.39,91.19,0,1,annual,automatic,91.08,0
C00172,2025-01-01,56,1469.37,34.57,1,0,monthly,automatic,29.62,0
C00173,2025-01-01,53,1140.86,81.02,1,0,monthly,manual,70.53,0
C00174,2025-01-01,51,1470.14,21.07,2,1,monthly,manual,24.0,1
C00175,2025-01-01,34,1193.37,75.83,0,0,monthly,manual,89.25,0
C00176,2025-01-01,52,2100.44,57.92,1,0,annual,manual,94.5,0
C00177,2025-01-01,12,2289.82,21.63,3,0,annual,manual,25.16,0
C00178,2025-01-01,65,2342.85,73.22,0,0,monthly,automatic,61.08,0
C00179,2025-01-01,37,1496.88,72.81,2,0,monthly,automatic,50.86,0
C00180,2025-01-01,68,1215.94,53.97,1,0,annual,automatic,56.2,0
C00181,2025-01-01,11,1821.05,26.42,3,0,annual,manual,37.82,1
C00182,2025-01-01,36,2127.14,17.57,2,0,annual,automatic,21.43,0
C00183,2025-01-01,51,1493.86,95.94,1,0,monthly,manual,64.35,1
C00184,2025-01-01,36,1808.96,67.3,0,0,monthly,automatic,72.58,0
C00185,2025-01-01,33,1923.38,81.88,1,1,annual,automatic,81.69,0
C00186,2025-01-01,12,1754.71,71.21,0,0,monthly,automatic,91.66,0
C00187,2025-01-01,28,1915.11,83.8,1,2,monthly,automatic,85.94,1
C00188,2025-01-01,18,678.88,20.44,1,0,monthly,automatic,20.69,0
C00189,2025-01-01,22,1345.26,52.21,2,0,monthly,automatic,26.45,1
C00190,2025-01-01,50,1552.02,68.38,1,0,annual,automatic,81.87,0
C00191,2025-01-01,46,204.7,14.82,0,1,annual,automatic,6.42,1
C00192,2025-01-01,44,2167.71,19.25,0,1,annual,automatic,18.31,0
C00193,2025-01-01,27,1602.06,65.23,0,0,monthly,manual,47.44,0
C00194,2025-01-01,70,496.01,87.53,0,0,annual,automatic,61.85,1
C00195,2025-01-01,7,2076.62,67.74,4,0,monthly,automatic,76.13,1
C00196,2025-01-01,25,1848.23,8.44,0,0,monthly,manual,7.76,0
C00197,2025-01-01,9,1943.09,97.19,0,2,monthly,automatic,8.0,1
C00198,2025-01-01,25,1100.7,18.25,2,0,annual,manual,15.53,0
C00199,2025-01-01,70,,27.09,0,0,annual,manual,21.24,1
C00200,2025-01-01,27,1151.26,97.62,2,0,annual,manual,132.77,0
C00201,2025-01-01,66,1511.17,78.25,1,1,annual,automatic,37.96,0
C00202,2025-01-01,36,200.48,93.97,1,0,monthly,manual,149.5,0
C00203,2025-01-01,51,1682.21,81.63,2,0,annual,automatic,99.58,0
C00204,2025-01-01,33,1850.8,66.91,0,0,monthly,automatic,55.05,1
C00205,2025-01-01,20,1503.35,32.03,0,0,annual,automatic,24.77,0
C00206,2025-01-01,56,1341.09,36.05,0,0,annual,automatic,25.11,0
C00207,2025-01-01,70,2061.85,94.99,0,1,monthly,automatic,98.01,0
C00208,2025-01-01,19,1766.16,86.76,0,0,monthly,manual,55.9,0
C00209,2025-01-01,57,838.57,39.15,3,1,monthly,automatic,34.41,0
C00210,2025-01-01,19,2404.87,40.46,2,0,annual,automatic,21.84,1
C00211,2025-01-01,52,1825.71,33.28,0,1,monthly,automatic,38.92,1
C00212,2025-01-01,57,2471.26,35.98,0,0,monthly,automatic,35.24,0
C00213,2025-01-01,33,2432.9,86.76,1,1,annual,manual,65.61,1
C00214,2025-01-01,54,2312.49,6.0,0,0,monthly,manual,5.01,0
C00215,2025-01-01,20,1936.35,46.42,1,0,monthly,manual,31.45,1
C00216,2025-01-01,6,1600.69,94.57,2,0,annual,manual,97.37,1
C00217,2025-01-01,7,594.99,56.55,1,0,monthly,manual,27.19,1
C00218,2025-01-01,33,1448.71,47.79,2,1,monthly,automatic,59.05,0
C00219,2025-01-01,65,1959.37,34.68,4,0,annual,automatic,34.01,0
C00220,2025-01-01,10,1396.97,12.02,0,0,monthly,automatic,9.17,0
C00221,2025-01-01,33,2195.95,26.33,0,0,monthly,automatic,29.64,0
C00222,2025-01-01,51,451.21,13.59,5,0,monthly,manual,14.35,0
C00223,2025-01-01,15,1075.16,17.04,0,1,annual,manual,9.44,1
C00224,2025-01-01,52,1362.72,20.53,1,1,monthly,automatic,28.28,0
C00225,2025-01-01,23,1193.35,33.69,0,0,annual,automatic,1.68,0
C00226,2025-01-01,59,448.75,6.05,2,0,monthly,manual,7.87,0
C00227,2025-01-01,42,552.12,95.26,3,0,monthly,manual,82.2,0
C00228,2025-01-01,40,2125.52,16.76,1,0,monthly,manual,21.23,1
C00229,2025-01-01,13,1313.08,41.4,3,1,monthly,manual,58.96,1
C00230,2025-01-01,34,311.06,88.56,0,0,annual,manual,68.23,0
C00231,2025-01-01,62,236.93,15.12,1,0,monthly,automatic,11.9,0
C00232,2025-01-01,2,1287.99,50.94,0,0,monthly,automatic,52.47,0
C00233,2025-01-01,55,577.07,85.25,4,0,annual,automatic,44.6,0
C00234,2025-01-01,36,1820.79,57.91,0,0,monthly,automatic,46.55,0
C00235,2025-01-01,52,2028.24,24.98,0,0,annual,manual,19.34,1
C00236,2025-01-01,48,724.08,74.87,1,0,monthly,manual,37.8,0
C00237,2025-01-01,32,1561.01,69.73,0,1,monthly,automatic,52.7,0
C00238,2025-01-01,23,554.22,39.41,1,0,monthly,automatic,46.64,0
C00239,2025-01-01,46,897.24,9.4,1,1,monthly,automatic,10.89,0
C00240,2025-01-01,11,2243.23,5.75,0,0,annual,automatic,4.93,0
C00241,2025-01-01,43,1450.43,83.41,2,0,monthly,manual,78.56,1
C00242,2025-01-01,7,2236.54,35.55,0,0,annual,manual,28.92,0
C00243,2025-01-01,47,717.07,18.09,2,0,monthly,manual,5.49,1
C00244,2025-01-01,46,958.06,54.26,1,1,monthly,automatic,30.61,1
C00245,2025-01-01,7,1282.19,92.48,0,0,monthly,manual,116.12,0
C00246,2025-01-01,55,1303.18,5.81,0,0,annual,manual,7.78,0
C00247,2025-01-01,30,2493.59,10.33,2,0,annual,manual,6.4,1
C00248,2025-01-01,57,462.22,44.62,2,0,monthly,automatic,58.53,0
C00249,2025-01-01,3,2158.52,69.22,0,0,monthly,automatic,34.59,0
C00250,2025-01-01,13,2185.47,50.23,0,0,annual,automatic,37.12,1
C00251,2025-01-01,36,1471.36,90.27,0,0,monthly,automatic,79.29,0
C00252,2025-01-01,14,990.29,9.19,3,0,monthly,,7.58,1
C00253,2025-01-01,24,1393.22,37.31,2,0,annual,manual,25.29,0
C00254,2025-01-01,48,871.68,38.38,0,0,monthly,automatic,37.01,0
C00255,2025-01-01,11,2036.95,37.31,1,0,annual,automatic,44.46,0
C00256,2025-01-01,49,1345.04,51.33,0,0,monthly,automatic,21.11,1
C00257,2025-01-01,8,2328.44,80.1,1,1,monthly,manual,77.23,1
C00258,2025-01-01,13,1631.19,35.2,0,0,monthly,automatic,44.27,0
C00259,2025-01-01,43,1381.93,75.73,1,0,monthly,automatic,58.73,0
C00260,2025-01-01,58,1834.46,18.91,2,0,annual,manual,13.78,0
C00261,2025-01-01,13,1358.05,58.27,0,0,monthly,,36.26,0
C00262,2025-01-01,22,2279.36,40.63,1,0,annual,automatic,65.83,0
C00263,2025-01-01,67,623.23,56.23,0,0,monthly,manual,81.12,0
C00264,2025-01-01,72,2437.7,15.24,2,0,annual,automatic,12.45,0
C00265,2025-01-01,42,2067.04,95.58,0,1,annual,automatic,127.42,0
C00266,2025-01-01,33,2178.69,91.09,1,1,monthly,manual,67.03,1
C00267,2025-01-01,25,1309.69,83.51,1,0,monthly,automatic,72.28,1
C00268,2025-01-01,45,2124.56,89.81,0,0,monthly,automatic,49.31,0
C00269,2025-01-01,43,904.58,18.94,2,1,monthly,automatic,5.21,1
C00270,2025-01-01,22,1951.48,52.85,1,0,annual,automatic,37.89,0
C00271,2025-01-01,2,522.04,35.2,0,1,annual,automatic,27.15,0
C00272,2025-01-01,11,905.22,89.3,1,0,monthly,automatic,95.49,0
C00273,2025-01-01,70,1224.19,23.0,1,1,monthly,automatic,26.43,0
C00274,2025-01-01,31,940.34,25.89,1,0,monthly,manual,22.71,0
C00275,2025-01-01,35,1089.14,70.24,2,0,annual,automatic,40.25,0
C00276,2025-01-01,34,2085.24,13.45,2,0,monthly,manual,9.28,1
C00277,2025-01-01,57,789.35,74.57,3,0,monthly,automatic,110.13,0
C00278,2025-01-01,5,1913.15,30.47,0,0,monthly,automatic,34.74,0
C00279,2025-01-01,6,368.54,67.79,0,0,annual,automatic,96.13,0
C00280,2025-01-01,20,1960.2,87.94,0,0,monthly,automatic,135.6,0
C00281,2025-01-01,36,2020.65,62.91,0,1,monthly,automatic,43.4,1
C00282,2025-01-01,49,1122.91,25.2,1,1,monthly,automatic,30.42,1
C00283,2025-01-01,36,1860.7,9.67,0,1,annual,manual,5.84,0
C00284,2025-01-01,32,2303.82,9.24,0,2,annual,automatic,11.84,0
C00285,2025-01-01,68,2040.64,13.44,1,1,annual,automatic,16.26,0
C00286,2025-01-01,12,1097.03,60.08,0,1,annual,manual,10.82,1
C00287,2025-01-01,42,1312.69,38.08,2,0,monthly,automatic,40.4,1
C00288,2025-01-01,40,1991.52,28.1,1,0,monthly,manual,17.43,1
C00289,2025-01-01,35,871.97,25.83,2,1,annual,manual,20.69,0
C00290,2025-01-01,59,2047.93,95.12,1,0,monthly,automatic,65.55,0
C00291,2025-01-01,20,953.56,16.29,0,0,monthly,automatic,20.16,0
C00292,2025-01-01,69,2052.78,33.96,1,0,monthly,manual,23.12,1
C00293,2025-01-01,24,398.64,49.79,0,0,annual,manual,23.52,1
C00294,2025-01-01,40,301.11,5.04,2,0,monthly,manual,3.21,1
C00295,2025-01-01,38,2493.65,92.49,2,0,monthly,automatic,78.15,1
C00296,2025-01-01,62,2198.75,14.41,3,0,monthly,automatic,15.33,0
C00297,2025-01-01,32,2229.55,69.83,3,0,monthly,automatic,93.47,0
C00298,2025-01-01,21,2386.94,64.74,2,0,monthly,automatic,71.2,0
C00299,2025-01-01,2,1207.13,81.86,1,0,monthly,automatic,92.04,1
C00300,2025-01-01,27,858.72,66.88,2,0,annual,manual,78.82,0
C00301,2025-01-01,60,498.06,78.09,1,0,annual,automatic,94.18,0
C00302,2025-01-01,1,1351.78,45.02,1,0,monthly,manual,57.7,1
C00303,2025-01-01,65,705.11,51.43,0,1,monthly,automatic,92.41,0
C00304,2025-01-01,40,2350.77,71.66,2,0,annual,manual,86.01,1
C00305,2025-01-01,11,208.21,59.0,0,1,monthly,automatic,60.2,0
C00306,2025-01-01,22,528.35,53.6,2,1,monthly,manual,40.58,0
C00307,2025-01-01,40,765.89,24.53,1,1,monthly,manual,25.23,0
C00308,2025-01-01,23,656.6,29.52,1,0,monthly,automatic,39.08,0
C00309,2025-01-01,8,718.29,39.06,0,0,monthly,manual,19.28,0
C00310,2025-01-01,48,1707.91,5.88,1,0,monthly,automatic,8.0,0
C00311,2025-01-01,49,952.28,44.65,1,0,monthly,automatic,34.41,1
C00312,2025-01-01,9,1613.56,5.26,0,0,monthly,automatic,4.41,0
C00313,2025-01-01,21,2246.59,58.68,2,0,monthly,manual,64.7,1
C00314,2025-01-01,18,1584.88,71.88,1,0,monthly,manual,52.88,0
C00315,2025-01-01,48,1796.43,58.4,1,0,monthly,automatic,63.11,0
C00316,2025-01-01,53,1039.66,70.88,1,0,monthly,automatic,36.63,1
C00317,2025-01-01,53,566.4,5.0,3,0,monthly,automatic,6.13,0
C00318,2025-01-01,68,936.34,10.65,0,0,monthly,automatic,10.53,0
C00319,2025-01-01,56,2416.85,71.35,0,0,monthly,manual,65.55,1
C00320,2025-01-01,24,1629.17,81.28,1,0,monthly,automatic,82.59,0
C00321,2025-01-01,8,837.28,73.18,1,1,monthly,automatic,66.81,0
C00322,2025-01-01,45,1236.11,67.99,2,0,monthly,manual,73.06,0
C00323,2025-01-01,66,2120.68,72.2,4,1,monthly,manual,61.19,0
C00324,2025-01-01,71,1736.42,75.26,1,0,monthly,automatic,61.58,0
C00325,2025-01-01,17,1488.5,73.82,2,0,monthly,automatic,22.24,1
C00326,2025-01-01,18,2234.87,75.11,0,0,monthly,automatic,104.98,1
C00327,2025-01-01,3,1745.61,12.03,1,0,monthly,automatic,6.17,1
C00328,2025-01-01,11,1677.28,11.01,2,0,monthly,automatic,16.35,0
C00329,2025-01-01,40,635.47,39.31,0,0,annual,automatic,32.83,0
C00330,2025-01-01,40,443.69,55.12,1,0,monthly,automatic,74.2,0
C00331,2025-01-01,27,2418.83,77.45,3,0,monthly,manual,99.51,0
C00332,2025-01-01,23,1576.37,36.8,1,0,monthly,automatic,46.25,0
C00333,2025-01-01,60,1155.07,31.14,1,1,monthly,manual,29.15,1
C00334,2025-01-01,34,1553.75,79.24,1,0,annual,automatic,39.77,0
C00335,2025-01-01,59,341.17,28.69,0,0,monthly,manual,24.57,0
C00336,2025-01-01,70,2089.89,82.98,1,0,monthly,manual,67.21,0
C00337,2025-01-01,23,697.28,21.83,0,0,monthly,manual,19.3,0
C00338,2025-01-01,15,2049.46,39.15,1,1,annual,automatic,19.2,0
C00339,2025-01-01,69,1428.07,43.1,0,0,annual,automatic,35.33,0
C00340,2025-01-01,46,835.12,33.45,0,0,annual,manual,1.67,1
C00341,2025-01-01,21,268.48,5.32,0,0,monthly,automatic,4.34,0
C00342,2025-01-01,45,2075.42,27.37,2,0,monthly,automatic,26.39,1
C00343,2025-01-01,38,604.86,37.08,1,0,annual,automatic,23.97,0
C00344,2025-01-01,66,318.15,34.79,1,0,monthly,manual,28.72,0
C00345,2025-01-01,19,1937.52,79.63,1,1,monthly,automatic,,0
C00346,2025-01-01,72,1004.1,9.5,0,0,annual,automatic,12.11,0
C00347,2025-01-01,68,1094.47,41.95,2,0,monthly,manual,54.08,0
C00348,2025-01-01,14,767.26,8.56,4,0,annual,,8.79,0
C00349,2025-01-01,12,2175.11,93.41,1,0,annual,automatic,84.98,1
C00350,2025-01-01,39,882.86,80.07,1,0,annual,automatic,83.62,0
C00351,2025-01-01,4,682.44,98.31,1,1,monthly,automatic,152.38,0
C00352,2025-01-01,22,910.27,91.47,1,0,monthly,automatic,100.21,0
C00353,2025-01-01,32,666.24,35.0,0,0,monthly,automatic,35.39,0
C00354,2025-01-01,70,929.61,70.7,0,1,annual,automatic,91.59,0
C00355,2025-01-01,72,389.75,34.12,0,1,annual,manual,31.96,0
C00356,2025-01-01,11,563.62,89.38,1,0,annual,automatic,55.53,0
C00357,2025-01-01,65,1158.22,44.02,1,1,annual,automatic,47.57,0
C00358,2025-01-01,7,2221.77,40.71,2,0,monthly,manual,39.88,1
C00359,2025-01-01,54,330.77,91.84,3,1,annual,automatic,77.47,1
C00360,2025-01-01,61,688.15,84.49,0,0,monthly,manual,93.81,0
C00361,2025-01-01,65,2288.2,96.81,2,0,annual,manual,27.65,0
C00362,2025-01-01,17,2246.03,11.32,0,1,annual,automatic,8.27,0
C00363,2025-01-01,65,1761.74,28.12,0,0,monthly,automatic,17.22,1
C00364,2025-01-01,9,752.09,33.58,1,1,monthly,manual,21.79,1
C00365,2025-01-01,38,1164.56,45.31,2,0,monthly,manual,39.24,1
C00366,2025-01-01,34,684.81,49.95,0,0,annual,manual,30.04,0
C00367,2025-01-01,23,494.75,32.69,0,0,monthly,automatic,49.26,0
C00368,2025-01-01,2,1073.0,80.09,0,0,monthly,manual,86.34,1
C00369,2025-01-01,56,1523.39,26.21,4,0,monthly,automatic,16.83,1
C00370,2025-01-01,25,1026.85,71.17,1,0,monthly,manual,,0
C00371,2025-01-01,48,1603.9,85.92,1,0,annual,manual,61.5,0
C00372,2025-01-01,30,880.39,62.35,0,0,monthly,automatic,50.17,0
C00373,2025-01-01,27,994.46,38.65,2,0,monthly,automatic,26.97,0
C00374,2025-01-01,64,2017.55,22.85,0,0,annual,manual,41.36,0
C00375,2025-01-01,7,2219.12,17.76,2,0,monthly,manual,6.06,1
C00376,2025-01-01,54,939.68,75.7,0,1,monthly,automatic,71.0,1
C00377,2025-01-01,54,1513.49,49.57,0,0,monthly,manual,43.35,0
C00378,2025-01-01,28,838.77,9.4,2,0,annual,automatic,7.83,0
C00379,2025-01-01,19,321.67,98.46,1,0,annual,automatic,23.75,1
C00380,2025-01-01,1,1896.07,68.77,1,0,monthly,automatic,62.24,1
C00381,2025-01-01,68,592.31,85.2,2,0,monthly,automatic,83.76,0
C00382,2025-01-01,69,1178.14,46.63,0,0,monthly,automatic,54.48,0
C00383,2025-01-01,18,1319.2,95.77,0,1,monthly,automatic,104.31,0
C00384,2025-01-01,3,623.28,23.95,0,1,monthly,automatic,32.25,0
C00385,2025-01-01,9,416.48,22.59,2,0,monthly,automatic,4.6,1
C00386,2025-01-01,5,999.43,89.58,1,0,monthly,manual,75.05,1
C00387,2025-01-01,60,2389.26,89.71,2,0,annual,automatic,161.17,0
C00388,2025-01-01,65,1613.81,52.41,1,0,monthly,automatic,67.66,0
C00389,2025-01-01,12,1076.24,16.95,0,0,monthly,manual,6.97,1
C00390,2025-01-01,54,288.49,34.0,1,0,annual,manual,32.33,0
C00391,2025-01-01,13,1579.63,76.64,0,0,monthly,manual,42.41,0
C00392,2025-01-01,27,411.19,85.37,2,1,annual,automatic,65.65,1
C00393,2025-01-01,44,1446.85,38.03,0,0,monthly,automatic,61.6,0
C00394,2025-01-01,52,1928.49,10.82,0,0,annual,automatic,13.58,0
C00395,2025-01-01,63,1173.25,68.24,0,0,monthly,manual,26.48,1
C00396,2025-01-01,4,887.65,75.25,1,1,annual,automatic,49.08,1
C00397,2025-01-01,15,307.98,45.28,2,0,annual,automatic,41.67,0
C00398,2025-01-01,21,255.99,60.39,0,1,monthly,automatic,49.97,1
C00399,2025-01-01,23,1188.06,98.8,4,2,monthly,automatic,101.73,1
C00400,2025-01-01,72,2230.69,28.27,0,0,annual,automatic,18.35,1
C00401,2025-01-01,56,760.34,59.43,3,0,monthly,automatic,47.06,0
C00402,2025-01-01,24,1519.33,63.04,0,0,monthly,automatic,40.65,0
C00403,2025-01-01,70,1772.9,57.17,2,0,monthly,automatic,45.24,1
C00404,2025-01-01,36,338.91,87.57,2,0,monthly,automatic,102.14,0
C00405,2025-01-01,37,551.13,62.48,0,1,monthly,automatic,63.97,1
C00406,2025-01-01,32,960.94,53.25,2,1,monthly,manual,35.92,1
C00407,2025-01-01,11,1740.21,16.69,0,0,monthly,automatic,21.97,0
C00408,2025-01-01,68,,71.8,0,0,monthly,automatic,92.79,0
C00409,2025-01-01,2,1887.65,17.55,1,0,monthly,manual,16.14,0
C00410,2025-01-01,13,2194.48,7.52,0,0,annual,automatic,6.24,0
C00411,2025-01-01,17,1943.26,51.41,1,0,monthly,automatic,79.01,1
C00412,2025-01-01,21,2481.17,59.38,3,1,monthly,automatic,88.03,1
C00413,2025-01-01,10,1934.03,99.91,0,0,monthly,manual,38.94,1
C00414,2025-01-01,2,2159.01,72.67,1,0,annual,automatic,97.23,0
C00415,2025-01-01,49,2113.44,85.62,0,0,monthly,automatic,130.43,0
C00416,2025-01-01,70,1878.61,37.91,1,0,monthly,automatic,43.59,0
C00417,2025-01-01,9,2043.14,53.35,0,1,monthly,manual,40.36,0
C00418,2025-01-01,22,2348.77,97.56,1,1,monthly,automatic,77.95,0
C00419,2025-01-01,37,1291.98,44.65,0,0,annual,manual,67.81,0
C00420,2025-01-01,67,1667.06,81.69,0,0,monthly,automatic,99.04,0
C00421,2025-01-01,50,1383.36,54.97,0,1,annual,automatic,61.1,0
C00422,2025-01-01,56,2156.39,26.28,1,0,monthly,manual,45.63,0
C00423,2025-01-01,42,1191.13,60.14,0,0,monthly,automatic,34.12,0
C00424,2025-01-01,31,2084.37,25.72,2,1,monthly,automatic,22.85,0
C00425,2025-01-01,15,2037.52,5.29,1,0,monthly,manual,5.22,0
C00426,2025-01-01,63,2411.34,27.41,2,0,annual,manual,23.19,0
C00427,2025-01-01,58,771.52,23.35,0,0,monthly,automatic,6.44,1
C00428,2025-01-01,2,1831.12,40.24,0,0,monthly,manual,51.16,0
C00429,2025-01-01,52,1939.91,89.42,1,1,monthly,automatic,58.76,0
C00430,2025-01-01,7,2352.44,41.85,1,0,annual,automatic,27.24,0
C00431,2025-01-01,54,2284.88,85.29,1,0,annual,manual,67.75,0
C00432,2025-01-01,60,1518.11,57.78,1,0,monthly,manual,48.5,1
C00433,2025-01-01,10,1531.05,5.72,2,1,monthly,automatic,5.02,1
C00434,2025-01-01,32,583.77,22.93,4,0,monthly,automatic,28.83,0
C00435,2025-01-01,9,2441.41,93.47,3,0,monthly,automatic,124.23,1
C00436,2025-01-01,41,785.54,62.4,0,0,monthly,manual,,1
C00437,2025-01-01,67,1865.89,93.31,0,0,monthly,automatic,66.31,1
C00438,2025-01-01,6,2029.33,34.46,2,0,monthly,automatic,30.15,0
C00439,2025-01-01,29,1213.8,73.07,2,0,monthly,automatic,44.37,1
C00440,2025-01-01,71,,78.34,1,0,monthly,manual,71.3,1
C00441,2025-01-01,22,633.61,97.69,2,0,monthly,automatic,57.53,1
C00442,2025-01-01,10,2168.94,6.73,2,0,monthly,manual,11.2,0
C00443,2025-01-01,36,1373.74,95.46,2,0,annual,automatic,92.1,0
C00444,2025-01-01,37,406.32,42.2,0,1,monthly,manual,30.88,1
C00445,2025-01-01,48,1848.14,84.61,0,0,monthly,automatic,98.74,0
C00446,2025-01-01,23,774.39,56.75,1,0,annual,automatic,27.74,1
C00447,2025-01-01,69,2214.71,58.64,0,0,annual,manual,39.34,1
C00448,2025-01-01,38,911.02,39.14,4,0,annual,automatic,41.81,0
C00449,2025-01-01,21,659.62,83.7,0,0,monthly,automatic,80.97,0
C00450,2025-01-01,70,394.17,30.08,1,0,monthly,manual,38.71,0
C00451,2025-01-01,67,1375.52,51.76,0,0,monthly,automatic,2.59,1
C00452,2025-01-01,36,1235.7,58.22,1,0,annual,manual,70.23,0
C00453,2025-01-01,2,1927.02,75.54,1,0,monthly,automatic,55.13,0
C00454,2025-01-01,43,1267.59,49.81,1,0,monthly,manual,25.42,1
C00455,2025-01-01,40,989.78,69.63,0,0,monthly,manual,22.07,0
C00456,2025-01-01,11,800.81,51.1,3,1,monthly,automatic,37.07,1
C00457,2025-01-01,46,838.74,67.64,1,0,monthly,automatic,99.87,0
C00458,2025-01-01,61,2333.05,69.04,0,0,monthly,automatic,86.93,0
C00459,2025-01-01,8,578.68,72.4,0,0,monthly,automatic,108.02,0
C00460,2025-01-01,53,2471.81,83.21,0,1,annual,automatic,73.24,0
C00461,2025-01-01,11,950.91,56.37,0,0,annual,manual,53.97,0
C00462,2025-01-01,54,402.3,23.36,0,1,monthly,automatic,8.58,0
C00463,2025-01-01,31,770.99,69.57,2,0,monthly,manual,25.55,1
C00464,2025-01-01,1,333.35,12.33,0,0,annual,manual,10.71,0
C00465,2025-01-01,70,2016.07,25.8,1,0,monthly,automatic,11.31,1
C00466,2025-01-01,12,1377.87,80.25,0,0,monthly,automatic,49.75,0
C00467,2025-01-01,43,974.07,46.33,2,0,monthly,manual,43.33,0
C00468,2025-01-01,14,1721.71,52.31,1,1,monthly,automatic,71.42,1
C00469,2025-01-01,68,1649.49,98.8,0,1,monthly,manual,91.24,0
C00470,2025-01-01,54,2360.71,27.34,1,0,monthly,automatic,12.14,0
C00471,2025-01-01,58,2409.9,6.86,0,0,monthly,automatic,1.94,0
C00472,2025-01-01,32,1764.57,15.58,0,0,monthly,automatic,14.99,0
C00473,2025-01-01,34,2079.98,28.23,1,0,annual,automatic,19.76,0
C00474,2025-01-01,46,2021.58,73.96,0,0,monthly,automatic,71.05,0
C00475,2025-01-01,57,1329.0,78.7,3,0,monthly,automatic,66.78,1
C00476,2025-01-01,61,1819.25,58.72,0,0,annual,automatic,52.57,0
C00477,2025-01-01,2,379.0,29.23,1,1,monthly,automatic,39.18,0
C00478,2025-01-01,48,1942.45,54.57,1,0,monthly,automatic,70.33,1
C00479,2025-01-01,8,2411.22,6.42,1,0,monthly,automatic,6.74,1
C00480,2025-01-01,21,394.44,69.77,0,1,annual,automatic,42.33,0
C00481,2025-01-01,60,2122.07,63.36,0,0,annual,automatic,46.07,0
C00482,2025-01-01,19,2344.85,7.07,1,0,monthly,manual,8.39,1
C00483,2025-01-01,58,719.23,82.62,1,1,annual,automatic,113.64,0
C00484,2025-01-01,34,1406.07,77.53,2,0,monthly,automatic,36.76,1
C00485,2025-01-01,17,2333.07,34.28,2,0,annual,manual,,0
C00486,2025-01-01,25,2407.52,65.36,1,0,monthly,manual,42.29,1
C00487,2025-01-01,39,493.13,62.14,1,0,monthly,automatic,71.71,0
C00488,2025-01-01,56,1001.71,18.6,0,0,monthly,manual,35.35,0
C00489,2025-01-01,44,1804.73,23.36,2,0,monthly,manual,8.49,1
C00490,2025-01-01,68,708.58,69.9,1,0,monthly,manual,76.67,0
C00491,2025-01-01,63,945.97,93.69,2,1,annual,automatic,75.9,0
C00492,2025-01-01,55,252.57,59.75,2,0,annual,automatic,64.32,1
C00493,2025-01-01,44,552.1,58.94,1,0,monthly,manual,41.46,1
C00494,2025-01-01,21,1492.36,66.43,2,0,annual,automatic,3.47,1
C00495,2025-01-01,30,1701.11,46.85,0,0,annual,manual,30.74,1
C00496,2025-01-01,9,1691.5,10.15,2,0,annual,automatic,10.57,0
C00497,2025-01-01,27,1989.23,42.67,1,1,monthly,manual,59.41,1
C00498,2025-01-01,67,1154.15,90.52,2,1,monthly,manual,96.13,1
C00499,2025-01-01,31,,81.47,1,1,annual,automatic,116.95,0
C00500,2025-01-01,9,234.84,93.11,1,0,monthly,automatic,69.58,0
C00501,2025-01-01,47,674.25,19.52,1,0,monthly,manual,14.03,0
C00502,2025-01-01,70,917.49,53.07,1,1,monthly,manual,,0
C00503,2025-01-01,63,608.88,60.55,1,0,monthly,manual,47.76,0
C00504,2025-01-01,20,245.33,24.94,1,0,monthly,manual,32.74,1
C00505,2025-01-01,33,561.13,24.09,1,0,monthly,automatic,10.31,0
C00506,2025-01-01,39,1731.03,79.29,1,1,monthly,manual,96.89,1
C00507,2025-01-01,18,1647.05,68.83,1,0,monthly,manual,92.43,0
C00508,2025-01-01,20,2351.07,66.48,2,1,monthly,automatic,69.66,1
C00509,2025-01-01,18,2034.79,30.36,0,1,monthly,automatic,37.63,0
C00510,2025-01-01,72,1504.84,53.14,2,0,monthly,manual,36.81,0
C00511,2025-01-01,54,515.38,7.19,0,0,monthly,manual,4.52,0
C00512,2025-01-01,61,1496.37,17.34,0,0,monthly,manual,18.09,0
C00513,2025-01-01,59,340.67,54.23,2,0,annual,automatic,36.18,0
C00514,2025-01-01,70,1190.04,34.42,3,0,monthly,manual,35.29,0
C00515,2025-01-01,8,1096.59,96.74,0,0,monthly,automatic,99.21,0
C00516,2025-01-01,64,1182.97,49.79,0,0,monthly,automatic,44.63,0
C00517,2025-01-01,5,842.6,12.94,1,0,monthly,automatic,13.18,0
C00518,2025-01-01,35,,6.7,0,0,monthly,manual,7.65,0
C00519,2025-01-01,43,2133.17,73.9,2,0,annual,manual,65.4,0
C00520,2025-01-01,26,1966.59,21.29,1,0,monthly,automatic,16.03,1
C00521,2025-01-01,11,1642.83,22.84,0,1,monthly,manual,27.59,0
C00522,2025-01-01,14,1437.19,45.26,1,0,monthly,manual,45.97,0
C00523,2025-01-01,60,270.49,30.09,0,0,monthly,automatic,32.43,0
C00524,2025-01-01,23,1861.75,63.57,2,0,monthly,automatic,71.45,1
C00525,2025-01-01,23,1452.46,51.14,1,0,annual,manual,49.71,1
C00526,2025-01-01,67,821.7,15.59,3,0,monthly,automatic,12.46,0
C00527,2025-01-01,11,953.04,79.55,1,0,monthly,manual,56.01,1
C00528,2025-01-01,66,2350.9,45.46,1,0,monthly,automatic,40.42,0
C00529,2025-01-01,67,1635.03,63.03,1,0,monthly,automatic,68.62,0
C00530,2025-01-01,44,1293.6,5.37,0,1,monthly,manual,5.93,0
C00531,2025-01-01,12,1627.12,64.51,2,0,monthly,automatic,62.6,0
C00532,2025-01-01,12,1150.61,31.87,2,0,monthly,automatic,33.25,0
C00533,2025-01-01,21,1280.42,51.97,1,0,annual,automatic,27.72,0
C00534,2025-01-01,42,866.71,33.28,0,0,monthly,manual,25.21,1
C00535,2025-01-01,12,1210.66,99.64,2,1,annual,automatic,115.07,0
C00536,2025-01-01,33,1775.86,26.93,0,0,annual,manual,16.92,0
C00537,2025-01-01,9,290.87,91.72,2,0,monthly,automatic,88.92,1
C00538,2025-01-01,39,2027.56,92.21,1,0,monthly,automatic,86.5,1
C00539,2025-01-01,2,849.85,45.0,1,1,monthly,automatic,39.61,0
C00540,2025-01-01,52,1768.89,33.88,0,0,monthly,automatic,39.22,0
C00541,2025-01-01,4,1677.27,41.2,2,1,monthly,automatic,41.18,1
C00542,2025-01-01,15,1700.04,98.99,0,0,monthly,automatic,49.58,0
C00543,2025-01-01,13,1597.7,63.79,1,1,monthly,automatic,70.21,0
C00544,2025-01-01,60,2404.93,56.75,1,1,monthly,automatic,42.14,1
C00545,2025-01-01,4,1368.19,8.41,0,1,monthly,automatic,3.72,1
C00546,2025-01-01,31,1883.33,85.55,0,1,monthly,automatic,100.93,0
C00547,2025-01-01,43,1821.53,12.96,0,1,annual,automatic,6.54,1
C00548,2025-01-01,38,742.42,9.46,0,1,monthly,automatic,7.53,0
C00549,2025-01-01,50,850.6,31.11,2,0,annual,manual,31.82,0
C00550,2025-01-01,58,1174.24,50.2,1,0,annual,manual,44.9,0
C00551,2025-01-01,29,837.71,90.05,0,0,annual,manual,63.17,1
C00552,2025-01-01,60,1042.51,80.06,1,0,monthly,automatic,45.81,1
C00553,2025-01-01,23,1098.21,23.78,1,0,annual,manual,15.55,0
C00554,2025-01-01,71,1587.89,40.35,2,0,monthly,automatic,21.91,0
C00555,2025-01-01,37,704.75,79.12,1,1,monthly,automatic,69.29,0
C00556,2025-01-01,53,2048.87,55.07,0,0,monthly,automatic,40.15,1
C00557,2025-01-01,64,1205.33,21.58,0,0,monthly,manual,9.44,0
C00558,2025-01-01,58,1823.36,42.63,4,0,annual,manual,34.9,1
C00559,2025-01-01,62,386.32,64.46,4,0,monthly,manual,44.79,1
C00560,2025-01-01,39,1279.92,97.46,0,0,monthly,automatic,98.81,1
C00561,2025-01-01,4,263.9,67.87,3,0,monthly,manual,71.04,1
C00562,2025-01-01,36,1753.59,6.54,0,0,monthly,manual,9.09,0
C00563,2025-01-01,14,989.53,71.98,4,1,annual,automatic,82.54,0
C00564,2025-01-01,65,2382.28,28.83,1,0,annual,automatic,15.54,1
C00565,2025-01-01,18,944.49,86.91,0,0,monthly,manual,13.86,1
C00566,2025-01-01,17,1495.75,41.47,1,0,monthly,automatic,16.11,1
C00567,2025-01-01,18,790.99,23.96,1,0,monthly,automatic,17.83,0
C00568,2025-01-01,47,1625.26,49.45,0,0,monthly,manual,17.66,0
C00569,2025-01-01,42,1273.2,29.24,1,1,monthly,manual,20.6,1
C00570,2025-01-01,69,1051.45,27.4,1,0,annual,automatic,25.52,0
C00571,2025-01-01,30,667.49,59.46,2,0,monthly,manual,42.98,1
C00572,2025-01-01,21,455.5,77.9,0,0,monthly,manual,79.27,0
C00573,2025-01-01,4,474.72,84.32,0,0,monthly,automatic,59.62,1
C00574,2025-01-01,1,2496.79,42.78,0,0,monthly,manual,,1
C00575,2025-01-01,27,1147.31,11.35,0,0,annual,manual,17.23,0
C00576,2025-01-01,67,203.44,50.98,0,0,monthly,manual,46.31,0
C00577,2025-01-01,38,2390.74,46.21,1,0,annual,automatic,44.32,0
C00578,2025-01-01,65,244.95,23.71,0,0,monthly,automatic,28.82,0
C00579,2025-01-01,8,1161.75,90.13,0,0,annual,automatic,110.59,1
C00580,2025-01-01,7,1849.2,97.54,1,0,monthly,automatic,77.24,0
C00581,2025-01-01,61,2302.58,9.92,2,0,monthly,automatic,12.76,0
C00582,2025-01-01,8,1838.64,80.6,1,0,monthly,automatic,61.49,1
C00583,2025-01-01,4,1265.34,66.34,1,1,monthly,automatic,84.63,1
C00584,2025-01-01,30,2440.22,29.84,2,0,monthly,automatic,14.57,0
C00585,2025-01-01,67,289.43,65.34,2,0,monthly,manual,53.1,0
C00586,2025-01-01,50,2468.85,17.22,2,0,monthly,automatic,17.18,1
C00587,2025-01-01,8,2152.6,11.59,1,0,annual,manual,12.13,1
C00588,2025-01-01,61,2335.54,99.38,0,1,annual,automatic,62.09,0
C00589,2025-01-01,61,784.98,65.46,1,0,annual,manual,22.45,1
C00590,2025-01-01,58,526.65,29.06,0,1,annual,automatic,31.42,0
C00591,2025-01-01,65,1724.63,47.75,0,0,annual,automatic,40.48,0
C00592,2025-01-01,18,1385.48,95.26,2,0,monthly,manual,74.61,1
C00593,2025-01-01,71,1402.29,46.68,1,0,annual,automatic,69.98,0
C00594,2025-01-01,24,2325.62,90.54,2,0,monthly,manual,74.01,1
C00595,2025-01-01,58,1625.19,87.54,2,0,monthly,automatic,64.7,1
C00596,2025-01-01,42,914.45,37.69,0,0,monthly,automatic,10.93,0
C00597,2025-01-01,57,1119.15,71.12,1,0,monthly,automatic,38.48,0
C00598,2025-01-01,46,506.04,67.75,1,1,monthly,manual,83.1,0
C00599,2025-01-01,47,641.32,78.27,3,0,monthly,automatic,52.14,0
C00600,2025-01-01,45,528.71,39.76,2,0,annual,automatic,45.33,0
C00601,2025-01-01,57,2062.67,9.96,1,1,annual,manual,4.66,0
C00602,2025-01-01,54,1820.21,21.25,1,0,monthly,automatic,13.09,0
C00603,2025-01-01,10,1418.79,63.57,0,0,monthly,automatic,38.58,1
C00604,2025-01-01,60,1060.05,78.63,1,0,monthly,automatic,85.46,0
C00605,2025-01-01,39,1736.54,76.82,1,0,monthly,manual,64.98,1
C00606,2025-01-01,24,2068.68,60.45,0,1,monthly,automatic,32.12,0
C00607,2025-01-01,38,2225.84,13.05,1,1,monthly,automatic,15.27,1
C00608,2025-01-01,70,1457.14,6.64,3,0,annual,automatic,7.26,0
C00609,2025-01-01,62,2084.74,79.3,0,1,monthly,manual,82.4,0
C00610,2025-01-01,61,1375.0,57.19,1,0,monthly,automatic,58.52,0
C00611,2025-01-01,34,1290.42,79.36,2,0,monthly,automatic,49.29,0
C00612,2025-01-01,57,2189.49,20.46,1,0,monthly,manual,27.84,0
C00613,2025-01-01,28,1087.66,43.71,1,0,monthly,automatic,38.67,0
C00614,2025-01-01,50,1109.6,92.32,1,0,monthly,manual,93.59,1
C00615,2025-01-01,47,900.3,21.3,2,0,annual,manual,22.45,0
C00616,2025-01-01,18,1392.01,10.85,3,1,monthly,manual,6.39,1
C00617,2025-01-01,20,1452.16,67.08,1,0,monthly,automatic,106.24,0
C00618,2025-01-01,5,1718.06,61.48,1,1,monthly,automatic,55.98,1
C00619,2025-01-01,11,1189.16,95.44,1,0,annual,manual,88.92,0
C00620,2025-01-01,32,700.03,91.11,0,0,monthly,automatic,70.67,0
C00621,2025-01-01,35,2192.74,76.2,1,0,annual,automatic,100.77,0
C00622,2025-01-01,12,994.8,6.82,0,0,annual,automatic,9.12,0
C00623,2025-01-01,31,2321.77,50.64,1,1,annual,automatic,49.39,0
C00624,2025-01-01,44,675.91,90.13,2,0,annual,automatic,36.68,0
C00625,2025-01-01,17,1487.13,46.2,0,0,monthly,automatic,39.84,0
C00626,2025-01-01,25,1433.21,96.4,1,0,monthly,automatic,86.5,0
C00627,2025-01-01,27,2104.89,66.99,0,0,annual,manual,51.04,1
C00628,2025-01-01,37,518.36,15.4,2,0,monthly,automatic,8.87,0
C00629,2025-01-01,27,2291.86,53.38,1,1,annual,automatic,20.07,1
C00630,2025-01-01,54,1421.28,71.08,1,0,annual,automatic,101.99,0
C00631,2025-01-01,24,1547.05,11.21,1,0,monthly,manual,13.22,0
C00632,2025-01-01,32,1372.38,37.74,0,0,monthly,manual,35.18,1
C00633,2025-01-01,28,281.86,73.12,0,1,monthly,automatic,50.64,1
C00634,2025-01-01,14,1342.31,19.92,0,0,monthly,manual,20.84,0
C00635,2025-01-01,50,805.16,38.09,1,0,monthly,automatic,37.76,1
C00636,2025-01-01,17,987.18,70.54,2,1,monthly,automatic,54.99,1
C00637,2025-01-01,22,1691.93,78.68,1,0,annual,automatic,83.12,0
C00638,2025-01-01,58,1343.7,54.26,1,0,annual,manual,59.65,0
C00639,2025-01-01,69,413.4,95.9,1,0,monthly,manual,111.3,0
C00640,2025-01-01,49,366.99,92.91,0,1,annual,manual,56.6,0
C00641,2025-01-01,66,626.01,49.98,0,0,monthly,automatic,53.53,0
C00642,2025-01-01,62,638.04,20.23,1,0,monthly,automatic,26.95,1
C00643,2025-01-01,35,1598.09,78.43,1,0,annual,automatic,80.29,0
C00644,2025-01-01,56,607.97,28.1,0,0,annual,automatic,47.57,0
C00645,2025-01-01,24,2226.95,85.07,2,0,monthly,manual,72.89,0
C00646,2025-01-01,34,681.45,60.78,1,0,monthly,manual,19.38,1
C00647,2025-01-01,39,408.6,42.44,0,0,monthly,automatic,26.44,0
C00648,2025-01-01,70,2213.22,57.86,1,0,annual,manual,39.68,0
C00649,2025-01-01,62,878.25,55.62,1,1,monthly,automatic,62.04,0
C00650,2025-01-01,36,1177.47,92.85,3,0,monthly,automatic,112.45,0
C00651,2025-01-01,47,2404.76,25.36,1,0,annual,automatic,24.54,0
C00652,2025-01-01,15,2371.05,93.18,1,0,monthly,manual,95.27,0
C00653,2025-01-01,58,1843.31,7.98,0,0,monthly,automatic,12.69,0
C00654,2025-01-01,40,357.56,78.07,1,1,monthly,automatic,49.12,1
C00655,2025-01-01,39,1563.68,92.37,1,2,monthly,automatic,82.62,0
C00656,2025-01-01,56,2473.88,42.43,1,0,monthly,manual,32.32,1
C00657,2025-01-01,46,2376.91,11.94,2,0,monthly,automatic,6.08,1
C00658,2025-01-01,6,442.81,81.44,1,0,monthly,manual,17.21,1
C00659,2025-01-01,21,1109.72,85.07,1,1,monthly,manual,116.87,0
C00660,2025-01-01,13,924.73,36.94,0,0,monthly,manual,24.1,0
C00661,2025-01-01,53,497.37,54.27,1,0,monthly,automatic,45.17,0
C00662,2025-01-01,3,1797.04,81.9,2,0,annual,automatic,87.69,0
C00663,2025-01-01,15,828.85,23.24,1,0,annual,automatic,,1
C00664,2025-01-01,44,992.19,64.75,1,0,monthly,manual,40.66,0
C00665,2025-01-01,51,406.83,45.91,1,0,monthly,manual,41.89,0
C00666,2025-01-01,37,1344.33,21.57,2,0,monthly,automatic,16.54,0
C00667,2025-01-01,62,562.79,83.99,1,0,monthly,automatic,39.76,1
C00668,2025-01-01,67,1192.81,35.84,0,0,monthly,automatic,40.59,0
C00669,2025-01-01,10,528.69,93.77,1,0,monthly,automatic,71.03,1
C00670,2025-01-01,69,2392.85,59.05,1,0,annual,automatic,57.15,0
C00671,2025-01-01,45,532.46,53.88,0,0,monthly,manual,50.64,1
C00672,2025-01-01,46,1399.34,45.21,1,0,annual,automatic,56.94,0
C00673,2025-01-01,7,652.05,43.06,2,0,monthly,automatic,44.94,1
C00674,2025-01-01,45,374.63,82.71,3,1,monthly,automatic,51.12,1
C00675,2025-01-01,53,664.31,69.36,2,1,monthly,manual,92.02,0
C00676,2025-01-01,42,324.98,78.5,0,0,annual,automatic,59.22,0
C00677,2025-01-01,7,519.61,45.0,0,0,monthly,manual,28.58,0
C00678,2025-01-01,38,1334.01,29.84,4,1,monthly,automatic,17.41,1
C00679,2025-01-01,68,1698.18,13.25,1,0,monthly,automatic,1.32,1
C00680,2025-01-01,53,399.88,78.78,0,0,monthly,automatic,55.7,0
C00681,2025-01-01,10,1213.34,44.45,0,0,annual,manual,47.07,0
C00682,2025-01-01,70,1535.87,53.38,1,0,annual,automatic,23.67,0
C00683,2025-01-01,70,737.72,49.59,1,1,monthly,automatic,75.28,0
C00684,2025-01-01,13,1054.78,45.96,0,0,monthly,manual,6.24,1
C00685,2025-01-01,58,364.22,69.97,1,1,annual,automatic,45.19,0
C00686,2025-01-01,30,705.3,62.83,1,0,annual,automatic,25.09,0
C00687,2025-01-01,43,1272.53,97.35,3,0,annual,automatic,120.84,0
C00688,2025-01-01,33,2477.02,18.2,0,0,monthly,automatic,20.9,0
C00689,2025-01-01,57,2490.41,59.48,2,1,annual,manual,49.18,1
C00690,2025-01-01,72,2452.13,11.01,0,1,annual,automatic,4.65,0
C00691,2025-01-01,58,1172.1,81.75,2,0,monthly,automatic,40.92,1
C00692,2025-01-01,68,384.56,63.55,1,1,annual,automatic,64.03,0
C00693,2025-01-01,69,943.22,45.7,1,1,monthly,manual,31.23,1
C00694,2025-01-01,7,745.74,81.21,1,1,monthly,automatic,58.74,1
C00695,2025-01-01,19,231.49,48.23,1,0,monthly,automatic,43.13,0
C00696,2025-01-01,52,418.04,26.64,2,1,monthly,manual,20.66,0
C00697,2025-01-01,43,1241.34,49.89,3,0,monthly,manual,15.35,1
C00698,2025-01-01,4,980.22,11.73,2,0,monthly,automatic,5.33,1
C00699,2025-01-01,7,613.81,90.3,1,0,annual,automatic,41.78,1
C00700,2025-01-01,38,1846.03,74.44,1,0,monthly,manual,49.53,1
C00701,2025-01-01,45,1020.37,77.23,0,1,monthly,automatic,73.49,0
C00702,2025-01-01,13,2158.3,88.08,4,0,monthly,manual,82.54,1
C00703,2025-01-01,13,753.25,80.2,1,0,monthly,automatic,107.09,0
C00704,2025-01-01,10,1437.31,46.03,2,1,annual,automatic,19.68,0
C00705,2025-01-01,41,622.52,16.27,1,0,monthly,automatic,16.71,1
C00706,2025-01-01,1,1338.19,40.47,1,0,monthly,automatic,26.09,1
C00707,2025-01-01,42,549.67,93.74,1,0,monthly,automatic,151.06,0
C00708,2025-01-01,35,570.63,95.16,1,0,annual,automatic,84.02,0
C00709,2025-01-01,34,1607.11,77.95,2,0,monthly,manual,56.39,0
C00710,2025-01-01,49,805.71,24.42,0,1,annual,automatic,24.81,0
C00711,2025-01-01,38,595.44,23.47,0,0,monthly,automatic,23.21,0
C00712,2025-01-01,53,2337.47,88.58,2,0,annual,automatic,69.71,0
C00713,2025-01-01,56,297.91,18.48,1,0,monthly,automatic,20.84,0
C00714,2025-01-01,67,1498.84,60.49,3,1,annual,manual,87.63,0
C00715,2025-01-01,58,1460.01,40.93,2,0,monthly,automatic,50.81,0
C00716,2025-01-01,38,775.4,33.69,3,1,monthly,automatic,29.24,0
C00717,2025-01-01,36,1240.38,69.35,2,0,monthly,manual,106.93,0
C00718,2025-01-01,17,400.8,96.16,2,0,monthly,automatic,104.69,0
C00719,2025-01-01,44,1857.92,78.88,2,0,monthly,manual,42.26,1
C00720,2025-01-01,11,708.9,51.19,0,0,monthly,automatic,48.08,0
C00721,2025-01-01,68,643.79,46.87,2,0,annual,automatic,39.56,0
C00722,2025-01-01,61,923.22,91.23,6,0,monthly,automatic,66.64,1
C00723,2025-01-01,9,2274.45,59.92,4,0,monthly,automatic,61.72,0
C00724,2025-01-01,57,2030.87,52.18,0,0,annual,manual,13.69,0
C00725,2025-01-01,9,2376.85,69.87,0,0,annual,manual,103.48,0
C00726,2025-01-01,52,1698.51,27.53,0,0,monthly,manual,31.22,0
C00727,2025-01-01,7,1723.72,11.05,2,0,monthly,manual,3.04,1
C00728,2025-01-01,36,1303.07,86.24,0,1,monthly,manual,97.45,1
C00729,2025-01-01,48,2280.93,62.69,1,1,annual,automatic,67.4,0
C00730,2025-01-01,53,1374.02,20.66,0,0,monthly,manual,29.6,1
C00731,2025-01-01,31,1015.64,33.31,0,0,monthly,automatic,50.74,0
C00732,2025-01-01,67,,99.04,2,1,annual,manual,156.72,0
C00733,2025-01-01,56,1455.12,65.27,0,1,monthly,manual,53.7,0
C00734,2025-01-01,15,484.25,65.43,0,0,annual,manual,72.58,0
C00735,2025-01-01,49,1102.27,11.86,2,0,annual,manual,8.92,0
C00736,2025-01-01,53,919.65,97.05,3,0,annual,manual,122.52,0
C00737,2025-01-01,25,2146.72,89.81,0,0,monthly,automatic,14.68,0
C00738,2025-01-01,54,1070.34,57.04,0,0,monthly,automatic,27.01,1
C00739,2025-01-01,65,2088.58,34.39,2,0,monthly,manual,26.42,1
C00740,2025-01-01,59,1216.5,71.32,0,0,monthly,manual,64.11,0
C00741,2025-01-01,55,1932.05,84.17,0,0,monthly,automatic,82.25,0
C00742,2025-01-01,46,510.15,79.68,2,0,monthly,automatic,108.84,0
C00743,2025-01-01,20,2325.7,97.82,1,0,monthly,automatic,67.74,0
C00744,2025-01-01,58,1304.29,65.5,2,0,monthly,manual,30.64,1
C00745,2025-01-01,27,796.54,35.52,3,0,monthly,manual,27.86,1
C00746,2025-01-01,39,754.43,52.3,0,2,monthly,manual,37.02,1
C00747,2025-01-01,23,808.68,82.55,2,0,monthly,,91.93,0
C00748,2025-01-01,23,1042.47,30.21,1,0,monthly,automatic,43.92,0
C00749,2025-01-01,12,1849.29,26.98,2,0,monthly,automatic,38.37,0
C00750,2025-01-01,70,2383.09,73.86,1,0,annual,automatic,96.11,0
C00751,2025-01-01,11,1737.79,47.22,2,1,annual,automatic,34.03,0
C00752,2025-01-01,7,1457.48,82.57,2,1,annual,automatic,71.29,0
C00753,2025-01-01,68,1230.77,18.65,1,0,annual,automatic,19.93,0
C00754,2025-01-01,40,2103.85,36.89,0,0,monthly,automatic,23.99,0
C00755,2025-01-01,32,2153.21,30.47,1,0,monthly,,20.81,1
C00756,2025-01-01,54,872.99,71.3,2,0,annual,automatic,74.94,0
C00757,2025-01-01,28,2391.87,77.14,1,0,annual,automatic,34.13,0
C00758,2025-01-01,10,1107.77,48.32,0,0,monthly,manual,62.93,0
C00759,2025-01-01,53,2039.18,50.41,0,0,annual,automatic,39.29,1
C00760,2025-01-01,13,2422.69,17.54,0,0,annual,manual,19.46,0
C00761,2025-01-01,40,1817.41,71.67,2,1,annual,automatic,,0
C00762,2025-01-01,69,570.57,99.27,1,0,monthly,automatic,134.9,0
C00763,2025-01-01,68,1547.11,78.9,1,1,monthly,automatic,13.82,1
C00764,2025-01-01,26,472.19,26.2,2,1,monthly,manual,35.66,0
C00765,2025-01-01,57,2014.03,64.2,2,0,monthly,manual,86.88,1
C00766,2025-01-01,45,846.02,33.02,2,1,monthly,automatic,33.63,0
C00767,2025-01-01,35,1797.99,7.87,1,0,monthly,manual,8.68,1
C00768,2025-01-01,11,2292.21,22.08,1,0,annual,automatic,24.92,0
C00769,2025-01-01,28,615.32,14.75,1,0,monthly,automatic,8.92,1
C00770,2025-01-01,47,1102.57,23.61,4,0,monthly,automatic,22.17,0
C00771,2025-01-01,72,1687.37,80.58,1,0,monthly,automatic,99.23,0
C00772,2025-01-01,1,1164.21,32.82,0,0,annual,automatic,9.66,0
C00773,2025-01-01,52,601.08,76.92,2,0,annual,automatic,83.45,0
C00774,2025-01-01,61,265.86,95.14,2,1,monthly,automatic,90.43,0
C00775,2025-01-01,69,1134.18,59.56,1,0,monthly,automatic,67.87,0
C00776,2025-01-01,31,1692.18,51.11,0,0,monthly,automatic,24.27,0
C00777,2025-01-01,9,1519.16,76.26,0,0,monthly,automatic,50.31,0
C00778,2025-01-01,20,558.35,14.22,2,1,annual,automatic,6.13,0
C00779,2025-01-01,62,1235.59,45.68,1,0,annual,automatic,19.53,1
C00780,2025-01-01,64,1048.78,52.39,0,1,monthly,automatic,63.43,0
C00781,2025-01-01,46,829.67,83.95,1,0,monthly,automatic,59.93,0
C00782,2025-01-01,9,1876.32,82.35,1,0,monthly,automatic,56.67,0
C00783,2025-01-01,9,911.2,85.59,1,0,monthly,automatic,111.41,0
C00784,2025-01-01,35,1441.33,71.3,4,0,monthly,automatic,57.02,1
C00785,2025-01-01,43,2322.41,55.4,0,0,monthly,automatic,69.65,0
C00786,2025-01-01,3,1439.33,83.65,0,1,annual,automatic,46.23,0
C00787,2025-01-01,50,1618.15,87.96,0,0,monthly,automatic,70.26,0
C00788,2025-01-01,40,367.47,50.65,0,0,monthly,automatic,30.54,0
C00789,2025-01-01,1,608.71,98.64,1,0,monthly,manual,109.66,1
C00790,2025-01-01,7,431.19,88.11,1,0,annual,automatic,74.68,1
C00791,2025-01-01,33,1958.07,53.49,1,0,annual,automatic,62.9,0
C00792,2025-01-01,53,2121.62,11.58,1,1,annual,manual,11.27,0
C00793,2025-01-01,60,627.85,26.33,0,1,monthly,automatic,6.29,0
C00794,2025-01-01,32,703.33,78.76,0,0,monthly,automatic,65.18,0
C00795,2025-01-01,22,942.38,15.56,2,0,annual,automatic,5.95,0
C00796,2025-01-01,70,1558.48,49.63,0,0,annual,manual,51.68,0
C00797,2025-01-01,34,1629.13,62.46,0,0,monthly,automatic,69.6,0
C00798,2025-01-01,23,1778.53,88.44,0,0,monthly,automatic,101.76,0
C00799,2025-01-01,32,2280.94,85.48,1,0,monthly,automatic,74.97,0
C00800,2025-01-01,1,877.59,77.61,0,0,monthly,automatic,27.07,1
C00801,2025-01-01,22,1714.15,43.73,2,2,monthly,automatic,43.44,1
C00802,2025-01-01,38,1486.36,18.51,1,1,monthly,manual,19.67,1
C00803,2025-01-01,67,902.43,68.62,1,0,monthly,automatic,58.75,0
C00804,2025-01-01,54,2286.05,22.22,1,1,monthly,manual,21.11,1
C00805,2025-01-01,57,418.61,58.32,4,1,monthly,manual,,1
C00806,2025-01-01,40,1836.6,98.16,0,0,monthly,automatic,92.58,0
C00807,2025-01-01,8,1873.11,57.28,0,1,monthly,automatic,50.52,0
C00808,2025-01-01,29,2304.25,66.33,0,1,monthly,automatic,32.87,1
C00809,2025-01-01,72,1391.74,69.37,1,0,monthly,manual,76.65,1
C00810,2025-01-01,4,938.73,83.89,3,1,monthly,automatic,62.67,1
C00811,2025-01-01,64,2102.8,46.32,4,0,monthly,automatic,46.33,0
C00812,2025-01-01,50,1971.86,52.26,0,0,monthly,automatic,57.01,0
C00813,2025-01-01,21,1349.73,21.72,4,0,monthly,automatic,22.48,0
C00814,2025-01-01,57,1965.07,63.39,3,0,monthly,automatic,28.57,1
C00815,2025-01-01,61,815.11,33.1,0,0,annual,automatic,26.0,0
C00816,2025-01-01,4,1554.86,53.22,0,0,annual,manual,88.63,0
C00817,2025-01-01,8,2188.92,77.82,2,1,monthly,manual,109.6,0
C00818,2025-01-01,48,930.36,6.67,1,1,monthly,manual,8.08,0
C00819,2025-01-01,72,1311.16,58.57,2,0,monthly,automatic,59.51,0
C00820,2025-01-01,2,2386.4,21.48,0,0,annual,automatic,12.33,0
C00821,2025-01-01,48,2034.89,31.54,0,0,monthly,automatic,27.23,0
C00822,2025-01-01,10,2239.19,8.3,1,0,monthly,automatic,6.41,1
C00823,2025-01-01,47,1085.07,21.1,2,0,monthly,manual,18.79,0
C00824,2025-01-01,45,2490.96,98.73,0,1,monthly,manual,40.85,0
C00825,2025-01-01,7,549.9,99.86,1,0,monthly,automatic,125.23,0
C00826,2025-01-01,50,1392.17,73.39,1,0,monthly,manual,,0
C00827,2025-01-01,65,1301.33,63.13,0,0,monthly,automatic,77.02,0
C00828,2025-01-01,63,2035.39,78.82,1,0,monthly,manual,96.69,0
C00829,2025-01-01,3,2288.82,90.17,1,0,monthly,automatic,156.39,0
C00830,2025-01-01,18,1880.62,54.33,0,0,annual,manual,45.23,0
C00831,2025-01-01,18,1640.68,8.35,0,0,monthly,manual,6.16,0
C00832,2025-01-01,33,1182.09,72.39,0,1,monthly,automatic,69.65,1
C00833,2025-01-01,11,1372.75,98.54,0,0,monthly,automatic,109.96,0
C00834,2025-01-01,62,1370.39,29.52,2,0,monthly,automatic,26.23,0
C00835,2025-01-01,56,245.85,49.03,0,0,annual,manual,24.81,0
C00836,2025-01-01,59,1356.01,39.32,0,0,monthly,automatic,43.86,0
C00837,2025-01-01,15,2167.73,42.09,1,0,monthly,manual,38.71,0
C00838,2025-01-01,2,1830.33,73.53,0,1,annual,manual,41.7,1
C00839,2025-01-01,66,2029.13,40.95,3,1,annual,automatic,14.39,0
C00840,2025-01-01,21,1097.12,94.4,1,0,annual,automatic,168.42,0
C00841,2025-01-01,48,1415.64,80.02,2,0,monthly,manual,96.92,0
C00842,2025-01-01,66,276.01,7.63,2,0,monthly,automatic,8.51,0
C00843,2025-01-01,3,1079.9,82.76,0,0,annual,automatic,72.81,0
C00844,2025-01-01,1,1290.16,78.42,0,1,monthly,automatic,91.08,0
C00845,2025-01-01,1,785.98,54.07,0,0,annual,automatic,29.83,1
C00846,2025-01-01,12,270.85,52.2,1,0,monthly,automatic,51.67,0
C00847,2025-01-01,4,1786.94,84.38,0,0,annual,automatic,84.81,0
C00848,2025-01-01,60,1199.7,45.35,3,0,monthly,automatic,25.41,1
C00849,2025-01-01,44,1155.06,20.15,2,0,annual,automatic,17.8,0
C00850,2025-01-01,71,773.97,34.73,0,0,annual,manual,26.93,0
C00851,2025-01-01,58,1436.01,30.19,1,1,annual,automatic,19.7,0
C00852,2025-01-01,70,1206.46,69.7,1,0,annual,automatic,50.98,0
C00853,2025-01-01,18,1289.16,21.99,0,1,annual,manual,7.09,1
C00854,2025-01-01,21,1535.0,66.25,2,0,monthly,manual,85.59,1
C00855,2025-01-01,62,213.55,49.27,1,0,monthly,automatic,72.27,0
C00856,2025-01-01,18,2286.7,84.77,0,0,annual,manual,50.5,0
C00857,2025-01-01,5,362.5,51.07,0,0,annual,automatic,66.82,0
C00858,2025-01-01,49,1236.13,93.33,1,1,monthly,manual,84.82,0
C00859,2025-01-01,58,675.96,90.54,1,1,monthly,automatic,82.97,0
C00860,2025-01-01,70,1403.7,22.6,1,0,annual,automatic,10.55,0
C00861,2025-01-01,67,843.53,70.19,0,0,monthly,manual,50.87,0
C00862,2025-01-01,9,2177.01,25.39,3,0,annual,automatic,28.09,1
C00863,2025-01-01,56,1110.63,83.21,1,0,monthly,automatic,48.15,0
C00864,2025-01-01,61,1668.14,65.39,1,0,annual,manual,43.18,0
C00865,2025-01-01,51,771.42,32.94,1,0,monthly,automatic,24.45,0
C00866,2025-01-01,60,243.63,28.67,1,0,monthly,automatic,1.43,0
C00867,2025-01-01,61,1128.56,45.81,1,1,monthly,automatic,47.41,1
C00868,2025-01-01,33,1432.92,81.07,1,0,monthly,manual,92.66,0
C00869,2025-01-01,3,1255.96,80.64,0,0,annual,manual,84.48,0
C00870,2025-01-01,33,2411.63,8.17,0,1,monthly,automatic,10.21,0
C00871,2025-01-01,15,1824.73,33.72,1,0,monthly,automatic,25.78,0
C00872,2025-01-01,9,2489.04,45.17,0,0,monthly,automatic,70.19,0
C00873,2025-01-01,9,877.64,60.63,0,0,monthly,automatic,37.85,0
C00874,2025-01-01,51,2013.82,19.21,0,0,annual,automatic,16.16,0
C00875,2025-01-01,37,1476.78,36.85,1,0,annual,automatic,29.73,0
C00876,2025-01-01,39,1606.05,89.13,1,0,monthly,manual,87.81,0
C00877,2025-01-01,54,2466.46,50.27,2,0,monthly,manual,42.03,1
C00878,2025-01-01,40,1703.17,75.69,2,0,annual,automatic,66.91,1
C00879,2025-01-01,46,2266.28,51.05,1,0,monthly,automatic,34.84,0
C00880,2025-01-01,7,1868.23,49.17,2,0,monthly,manual,37.69,1
C00881,2025-01-01,62,491.99,64.08,0,1,annual,automatic,8.84,0
C00882,2025-01-01,33,1807.67,29.64,1,0,annual,automatic,35.59,0
C00883,2025-01-01,12,1312.93,28.73,1,0,monthly,automatic,16.16,1
C00884,2025-01-01,59,2312.24,98.99,0,0,monthly,automatic,74.07,0
C00885,2025-01-01,53,2054.72,87.55,2,0,monthly,automatic,48.07,1
C00886,2025-01-01,4,438.51,75.09,1,0,annual,manual,84.05,0
C00887,2025-01-01,14,507.01,18.03,1,0,monthly,automatic,13.16,1
C00888,2025-01-01,2,359.11,7.87,0,0,monthly,automatic,0.51,1
C00889,2025-01-01,20,1333.46,21.66,0,0,monthly,automatic,22.06,0
C00890,2025-01-01,8,384.78,94.08,1,0,monthly,manual,61.95,0
C00891,2025-01-01,52,1863.46,82.55,0,0,monthly,manual,75.27,0
C00892,2025-01-01,38,1469.42,54.69,1,0,annual,automatic,66.24,0
C00893,2025-01-01,71,2121.54,97.03,1,0,monthly,automatic,55.73,0
C00894,2025-01-01,54,842.53,18.93,0,0,monthly,automatic,17.08,0
C00895,2025-01-01,45,1393.02,58.12,3,0,monthly,automatic,37.77,0
C00896,2025-01-01,37,469.2,22.41,0,0,monthly,automatic,28.36,0
C00897,2025-01-01,4,2233.6,34.11,1,0,monthly,automatic,32.32,1
C00898,2025-01-01,6,601.51,94.31,1,0,monthly,automatic,86.0,0
C00899,2025-01-01,45,434.43,87.49,0,0,monthly,manual,42.49,0
C00900,2025-01-01,1,670.62,14.67,0,0,monthly,manual,17.35,0
C00901,2025-01-01,4,2053.33,28.71,1,0,monthly,automatic,35.23,0
C00902,2025-01-01,16,442.37,61.48,1,0,monthly,manual,40.08,0
C00903,2025-01-01,64,1612.18,10.83,1,0,annual,manual,10.55,0
C00904,2025-01-01,34,1915.22,57.26,2,0,annual,automatic,64.46,0
C00905,2025-01-01,52,1926.49,60.53,0,0,monthly,automatic,102.68,0
C00906,2025-01-01,30,636.14,32.64,1,0,monthly,manual,34.5,1
C00907,2025-01-01,13,340.74,32.85,2,0,monthly,automatic,30.22,0
C00908,2025-01-01,27,1231.25,26.76,2,0,monthly,manual,23.16,1
C00909,2025-01-01,7,664.72,93.89,0,1,annual,automatic,83.22,0
C00910,2025-01-01,56,1807.32,41.94,1,2,monthly,manual,49.85,1
C00911,2025-01-01,14,1019.39,60.6,1,0,monthly,automatic,37.04,1
C00912,2025-01-01,28,1232.51,33.65,0,0,monthly,manual,41.94,0
C00913,2025-01-01,71,460.02,71.75,0,0,annual,automatic,27.31,0
C00914,2025-01-01,43,1504.37,14.64,0,0,monthly,automatic,16.88,0
C00915,2025-01-01,34,625.71,11.81,0,0,annual,automatic,14.77,0
C00916,2025-01-01,40,1760.67,75.71,0,0,annual,automatic,91.02,0
C00917,2025-01-01,57,362.69,74.03,0,0,monthly,automatic,75.11,0
C00918,2025-01-01,19,2443.56,30.18,1,0,monthly,automatic,31.94,0
C00919,2025-01-01,46,1773.41,38.73,0,0,monthly,manual,30.21,0
C00920,2025-01-01,63,616.98,95.94,1,0,monthly,automatic,50.49,0
C00921,2025-01-01,42,231.42,14.91,2,1,monthly,automatic,15.02,0
C00922,2025-01-01,33,968.26,22.4,0,0,monthly,automatic,21.15,0
C00923,2025-01-01,11,550.47,45.85,0,0,annual,manual,57.0,0
C00924,2025-01-01,18,701.35,31.8,1,0,annual,manual,27.68,0
C00925,2025-01-01,69,2206.33,66.66,2,0,monthly,automatic,65.04,1
C00926,2025-01-01,39,1586.37,70.61,1,0,annual,manual,72.06,0
C00927,2025-01-01,22,604.85,55.01,3,0,annual,manual,61.63,1
C00928,2025-01-01,31,1479.32,63.06,0,1,annual,automatic,78.95,0
C00929,2025-01-01,42,787.3,46.17,0,1,monthly,automatic,27.06,0
C00930,2025-01-01,39,2444.26,77.24,1,0,monthly,automatic,90.03,0
C00931,2025-01-01,51,274.34,9.0,0,0,monthly,manual,7.71,1
C00932,2025-01-01,19,1883.33,34.72,1,0,monthly,manual,39.75,0
C00933,2025-01-01,47,1976.89,70.02,2,1,monthly,automatic,100.65,0
C00934,2025-01-01,32,353.47,36.32,0,0,monthly,automatic,6.61,1
C00935,2025-01-01,68,594.3,12.46,0,0,annual,automatic,16.76,0
C00936,2025-01-01,12,1082.91,37.78,1,0,annual,,33.19,0
C00937,2025-01-01,11,2195.76,72.59,2,0,monthly,manual,45.05,1
C00938,2025-01-01,34,1434.1,16.59,2,0,monthly,manual,12.72,1
C00939,2025-01-01,37,1706.21,73.84,1,1,monthly,manual,41.28,1
C00940,2025-01-01,50,1999.93,78.67,0,0,annual,automatic,86.35,0
C00941,2025-01-01,30,2103.68,65.35,0,0,monthly,manual,36.45,0
C00942,2025-01-01,66,1294.45,28.2,1,0,annual,manual,37.83,0
C00943,2025-01-01,35,1369.22,81.5,1,0,annual,manual,94.72,0
C00944,2025-01-01,10,1850.41,25.37,2,0,monthly,manual,25.36,1
C00945,2025-01-01,9,804.69,91.05,1,1,annual,automatic,18.88,0
C00946,2025-01-01,71,2164.33,72.13,0,0,monthly,automatic,32.97,0
C00947,2025-01-01,10,246.81,10.2,1,1,monthly,automatic,9.1,1
C00948,2025-01-01,69,649.27,80.93,2,0,annual,manual,73.73,0
C00949,2025-01-01,21,2039.46,53.11,1,1,monthly,automatic,66.33,0
C00950,2025-01-01,7,981.59,48.0,1,1,monthly,manual,2.4,1
C00951,2025-01-01,22,543.62,44.95,1,0,monthly,automatic,29.41,0
C00952,2025-01-01,45,628.54,62.63,3,1,monthly,manual,75.97,1
C00953,2025-01-01,31,1419.74,73.83,2,0,monthly,manual,59.21,1
C00954,2025-01-01,57,2145.22,90.12,2,0,monthly,automatic,68.17,1
C00955,2025-01-01,44,361.5,30.93,0,0,monthly,automatic,11.0,1
C00956,2025-01-01,29,269.11,64.92,1,0,monthly,manual,83.78,0
C00957,2025-01-01,46,1268.89,70.2,0,0,monthly,manual,52.67,1
C00958,2025-01-01,70,2398.23,69.11,1,1,monthly,automatic,90.04,0
C00959,2025-01-01,30,840.72,51.84,0,1,monthly,automatic,74.29,1
C00960,2025-01-01,12,2405.09,42.15,2,0,annual,manual,58.21,0
C00961,2025-01-01,30,2240.67,77.43,1,1,monthly,automatic,70.36,1
C00962,2025-01-01,61,850.21,33.5,1,1,monthly,automatic,25.14,1
C00963,2025-01-01,16,2077.98,24.77,0,0,annual,manual,18.0,1
C00964,2025-01-01,69,1776.49,56.85,5,0,monthly,manual,91.47,0
C00965,2025-01-01,43,1376.19,30.42,0,0,monthly,automatic,25.73,0
C00966,2025-01-01,44,1171.71,8.16,2,0,monthly,manual,10.52,1
C00967,2025-01-01,23,2074.66,9.9,1,1,monthly,manual,10.78,1
C00968,2025-01-01,67,2023.08,71.03,1,0,monthly,automatic,55.12,1
C00969,2025-01-01,3,1939.95,97.45,1,1,annual,automatic,81.02,1
C00970,2025-01-01,22,2494.99,48.2,0,1,monthly,manual,64.31,0
C00971,2025-01-01,31,1299.58,18.97,1,0,annual,manual,17.66,0
C00972,2025-01-01,35,2054.92,82.72,1,1,annual,automatic,62.96,0
C00973,2025-01-01,35,2182.7,29.84,2,0,monthly,automatic,19.03,0
C00974,2025-01-01,11,685.69,99.58,0,0,annual,automatic,102.77,0
C00975,2025-01-01,17,295.75,58.51,3,0,monthly,manual,43.25,1
C00976,2025-01-01,7,1129.92,27.1,1,1,annual,automatic,30.57,1
C00977,2025-01-01,42,2169.49,52.12,1,1,annual,manual,94.36,0
C00978,2025-01-01,26,863.94,36.86,1,0,monthly,automatic,40.6,1
C00979,2025-01-01,41,1809.02,79.05,1,0,monthly,automatic,122.64,0
C00980,2025-01-01,43,215.9,15.05,1,0,monthly,automatic,10.08,1
C00981,2025-01-01,51,1016.34,86.42,0,1,annual,manual,100.19,0
C00982,2025-01-01,40,1614.69,77.9,1,1,monthly,automatic,105.9,0
C00983,2025-01-01,47,497.44,86.83,1,2,annual,automatic,121.82,0
C00984,2025-01-01,43,2261.2,90.02,1,0,monthly,automatic,123.12,0
C00985,2025-01-01,47,558.43,26.83,2,0,annual,automatic,24.84,0
C00986,2025-01-01,45,2291.53,54.5,0,0,monthly,manual,67.12,0
C00987,2025-01-01,23,696.7,85.74,2,0,monthly,automatic,48.34,1
C00988,2025-01-01,18,2485.84,40.85,2,0,monthly,automatic,60.56,0
C00989,2025-01-01,57,1589.92,10.74,0,1,annual,manual,6.3,1
C00990,2025-01-01,25,392.99,32.71,2,0,annual,automatic,44.45,0
C00991,2025-01-01,40,349.14,27.98,2,1,monthly,automatic,35.96,0
C00992,2025-01-01,15,371.32,87.66,1,0,annual,automatic,,0
C00993,2025-01-01,32,1555.75,49.07,3,0,monthly,manual,80.62,1
C00994,2025-01-01,39,2061.03,69.94,1,0,monthly,manual,90.11,0
C00995,2025-01-01,46,1125.81,96.4,1,0,monthly,automatic,43.93,1
C00996,2025-01-01,38,1222.12,33.42,1,1,monthly,automatic,37.65,1
C00997,2025-01-01,26,1554.36,77.31,0,0,monthly,automatic,20.0,0
C00998,2025-01-01,70,1424.99,7.16,0,0,monthly,automatic,6.36,0
C00999,2025-01-01,37,1781.54,14.89,1,0,monthly,automatic,11.5,1
C01000,2025-01-01,59,1284.11,20.38,2,1,monthly,automatic,23.3,1
C01001,2025-01-01,54,1840.88,34.68,1,1,monthly,automatic,21.92,1
C01002,2025-01-01,41,2492.81,43.28,0,1,monthly,automatic,27.81,0
C01003,2025-01-01,64,1004.69,50.32,0,0,monthly,automatic,55.12,0
C01004,2025-01-01,10,227.1,28.31,2,0,monthly,manual,37.69,0
C01005,2025-01-01,67,487.94,11.29,3,0,monthly,automatic,10.4,0
C01006,2025-01-01,62,1472.08,69.36,2,1,monthly,manual,120.21,0
C01007,2025-01-01,37,990.79,7.25,1,0,annual,automatic,5.8,0
C01008,2025-01-01,53,2360.96,81.9,2,0,monthly,automatic,94.83,1
C01009,2025-01-01,38,1642.13,93.27,0,0,monthly,automatic,96.95,0
C01010,2025-01-01,20,1395.82,72.49,3,0,annual,manual,57.99,0
C01011,2025-01-01,58,2034.49,61.62,0,0,annual,manual,84.97,0
C01012,2025-01-01,18,793.76,67.42,0,0,monthly,automatic,41.02,0
C01013,2025-01-01,23,2084.4,66.96,1,0,annual,automatic,12.95,0
C01014,2025-01-01,38,206.04,93.51,1,1,monthly,automatic,81.9,1
C01015,2025-01-01,61,1624.26,96.61,0,0,monthly,automatic,80.2,0
C01016,2025-01-01,28,,45.54,1,0,monthly,automatic,58.84,0
C01017,2025-01-01,36,2011.08,63.62,1,0,monthly,manual,30.7,1
C01018,2025-01-01,3,2162.36,81.27,2,0,annual,manual,89.66,0
C01019,2025-01-01,9,1112.0,5.1,1,0,monthly,manual,5.41,1
C01020,2025-01-01,5,2094.75,55.07,2,0,monthly,automatic,56.89,0
C01021,2025-01-01,6,1465.91,67.02,1,0,monthly,automatic,86.15,0
C01022,2025-01-01,63,1621.64,73.13,1,0,annual,automatic,66.68,0
C01023,2025-01-01,61,334.51,40.03,0,0,monthly,manual,37.56,0
C01024,2025-01-01,60,662.57,33.09,1,0,monthly,automatic,35.66,0
C01025,2025-01-01,5,1466.22,22.3,2,0,annual,automatic,19.72,0
C01026,2025-01-01,6,334.24,57.99,0,0,monthly,automatic,25.88,1
C01027,2025-01-01,21,1904.33,92.33,0,0,monthly,automatic,71.68,0
C01028,2025-01-01,41,2131.13,90.12,0,0,monthly,automatic,74.74,0
C01029,2025-01-01,25,2315.83,39.2,0,0,monthly,automatic,28.35,0
C01030,2025-01-01,36,433.07,29.5,0,0,monthly,manual,23.87,0
C01031,2025-01-01,13,2360.36,79.94,0,0,monthly,manual,78.57,0
C01032,2025-01-01,53,354.53,73.87,1,0,monthly,manual,60.88,1
C01033,2025-01-01,23,1289.33,53.01,0,0,monthly,manual,64.61,0
C01034,2025-01-01,5,2131.58,41.96,0,0,annual,automatic,51.37,0
C01035,2025-01-01,54,360.72,16.76,0,0,monthly,automatic,1.47,0
C01036,2025-01-01,66,240.93,79.59,0,0,monthly,automatic,33.3,1
C01037,2025-01-01,2,256.38,63.66,0,0,monthly,automatic,4.99,1
C01038,2025-01-01,32,1374.92,40.8,0,0,annual,manual,33.63,0
C01039,2025-01-01,60,2065.67,92.28,1,0,annual,manual,74.05,1
C01040,2025-01-01,51,492.08,67.67,0,0,monthly,automatic,65.83,1
C01041,2025-01-01,62,485.6,93.28,1,0,annual,automatic,113.32,0
C01042,2025-01-01,30,1506.66,50.07,0,0,monthly,automatic,45.32,0
C01043,2025-01-01,27,737.88,48.19,4,1,monthly,automatic,34.17,1
C01044,2025-01-01,52,1878.49,94.04,1,0,monthly,automatic,86.37,1
C01045,2025-01-01,12,2383.16,96.18,2,0,monthly,manual,71.86,0
C01046,2025-01-01,18,1960.88,96.27,0,0,monthly,automatic,38.79,1
C01047,2025-01-01,44,2216.5,82.8,1,0,monthly,manual,103.93,0
C01048,2025-01-01,49,,48.93,1,1,annual,automatic,52.29,0
C01049,2025-01-01,9,2113.33,24.98,1,0,annual,automatic,35.65,0
C01050,2025-01-01,37,619.68,41.43,1,1,annual,automatic,20.18,0
C01051,2025-01-01,27,,94.14,0,0,monthly,automatic,33.4,1
C01052,2025-01-01,37,1707.69,39.54,1,1,monthly,automatic,23.42,1
C01053,2025-01-01,70,318.49,76.89,0,0,monthly,automatic,81.47,0
C01054,2025-01-01,6,2251.71,92.69,1,0,monthly,automatic,113.14,0
C01055,2025-01-01,72,1789.57,97.19,2,0,annual,automatic,99.15,0
C01056,2025-01-01,33,2389.06,95.03,4,1,monthly,automatic,92.2,0
C01057,2025-01-01,56,920.94,57.73,1,0,annual,automatic,70.38,0
C01058,2025-01-01,31,1317.16,51.73,0,0,monthly,manual,39.27,1
C01059,2025-01-01,23,1904.89,98.83,1,0,monthly,manual,127.47,0
C01060,2025-01-01,56,757.39,25.73,1,1,monthly,automatic,41.55,0
C01061,2025-01-01,50,1445.25,22.82,0,0,annual,manual,12.51,0
C01062,2025-01-01,11,1715.77,96.5,1,0,monthly,automatic,80.2,1
C01063,2025-01-01,51,2450.26,70.47,0,0,monthly,manual,30.55,0
C01064,2025-01-01,55,1911.82,55.95,3,1,monthly,automatic,32.57,1
C01065,2025-01-01,28,470.7,17.54,3,1,monthly,manual,18.55,1
C01066,2025-01-01,67,1292.27,53.76,0,0,monthly,automatic,17.74,1
C01067,2025-01-01,47,1553.17,94.7,1,0,annual,manual,61.28,0
C01068,2025-01-01,25,536.23,62.27,0,0,monthly,manual,80.25,0
C01069,2025-01-01,1,1192.52,43.44,1,0,monthly,automatic,43.36,0
C01070,2025-01-01,49,852.21,57.35,0,0,monthly,automatic,68.18,0
C01071,2025-01-01,16,472.3,89.18,1,0,monthly,manual,41.67,1
C01072,2025-01-01,55,1376.7,91.72,2,0,annual,automatic,86.56,0
C01073,2025-01-01,38,579.96,43.01,2,0,monthly,manual,67.97,1
C01074,2025-01-01,34,1557.24,62.77,2,0,annual,automatic,43.21,0
C01075,2025-01-01,12,589.3,31.52,1,0,monthly,automatic,23.61,0
C01076,2025-01-01,52,1863.27,47.85,3,2,annual,manual,53.76,1
C01077,2025-01-01,12,648.06,25.89,0,1,monthly,automatic,15.66,1
C01078,2025-01-01,31,2260.46,55.49,2,0,annual,automatic,64.98,0
C01079,2025-01-01,61,259.28,59.93,0,0,monthly,automatic,17.45,0
C01080,2025-01-01,67,1399.59,37.09,1,1,monthly,manual,2.63,1
C01081,2025-01-01,72,935.24,30.85,0,1,monthly,automatic,31.78,1
C01082,2025-01-01,69,716.68,19.35,0,0,monthly,automatic,11.17,0
C01083,2025-01-01,41,1283.69,18.26,0,0,annual,automatic,13.18,0
C01084,2025-01-01,15,2135.64,72.59,1,2,monthly,automatic,89.05,1
C01085,2025-01-01,61,2304.14,26.06,2,0,annual,automatic,29.67,0
C01086,2025-01-01,58,896.47,16.21,1,0,monthly,automatic,7.95,0
C01087,2025-01-01,72,553.76,99.89,1,0,monthly,automatic,110.07,0
C01088,2025-01-01,47,1855.32,29.69,2,1,monthly,manual,24.2,0
C01089,2025-01-01,11,1537.6,90.12,0,0,monthly,manual,,1
C01090,2025-01-01,37,661.34,62.87,1,0,monthly,manual,57.4,1
C01091,2025-01-01,33,1947.68,72.93,0,0,annual,manual,28.72,1
C01092,2025-01-01,61,1392.54,58.29,2,0,monthly,automatic,39.08,1
C01093,2025-01-01,29,1701.81,22.18,1,0,monthly,manual,1.68,1
C01094,2025-01-01,24,1025.48,85.47,1,0,monthly,automatic,84.17,0
C01095,2025-01-01,6,1208.92,83.66,2,0,monthly,manual,88.59,1
C01096,2025-01-01,61,613.79,38.22,0,1,annual,manual,25.74,0
C01097,2025-01-01,55,1938.99,77.57,0,0,annual,automatic,68.22,0
C01098,2025-01-01,3,560.13,56.59,4,0,monthly,manual,32.77,1
C01099,2025-01-01,32,1989.1,91.36,2,0,monthly,automatic,124.23,0
C01100,2025-03-01,35,2034.42,81.27,1,0,monthly,manual,38.19,1
C01101,2025-03-01,34,1916.18,8.89,1,0,monthly,automatic,7.21,1
C01102,2025-03-01,67,243.67,88.53,3,0,monthly,automatic,41.22,1
C01103,2025-03-01,11,827.21,97.01,0,0,annual,manual,97.22,0
C01104,2025-03-01,23,1276.18,75.5,1,0,monthly,automatic,96.89,0
C01105,2025-03-01,14,1568.75,16.39,0,0,annual,automatic,3.17,0
C01106,2025-03-01,18,2313.21,81.7,1,0,monthly,automatic,93.87,0
C01107,2025-03-01,66,,66.51,2,0,annual,automatic,99.17,0
C01108,2025-03-01,68,2211.55,37.19,2,0,annual,automatic,35.89,0
C01109,2025-03-01,4,574.89,88.98,0,0,annual,automatic,60.85,0
C01110,2025-03-01,46,1052.95,58.73,0,1,monthly,automatic,53.25,1
C01111,2025-03-01,17,319.25,86.03,0,0,monthly,automatic,62.72,0
C01112,2025-03-01,14,1906.73,68.66,2,1,monthly,manual,110.37,0
C01113,2025-03-01,22,545.5,32.41,0,1,monthly,manual,39.29,1
C01114,2025-03-01,14,790.15,97.63,1,1,monthly,automatic,120.59,1
C01115,2025-03-01,36,1982.04,59.25,0,1,annual,automatic,99.2,0
C01116,2025-03-01,72,1428.85,54.09,0,0,monthly,manual,75.22,0
C01117,2025-03-01,43,231.14,43.33,0,0,monthly,automatic,38.02,0
C01118,2025-03-01,53,204.14,17.95,1,0,monthly,manual,16.67,0
C01119,2025-03-01,36,1373.52,70.19,1,0,monthly,manual,122.55,0
C01120,2025-03-01,2,900.4,45.93,1,0,monthly,manual,30.37,0
C01121,2025-03-01,7,613.72,93.79,0,0,monthly,automatic,80.65,0
C01122,2025-03-01,20,1610.27,96.68,3,0,monthly,automatic,54.67,1
C01123,2025-03-01,18,724.4,77.93,1,0,annual,manual,22.1,1
C01124,2025-03-01,61,1561.08,28.04,1,0,monthly,automatic,17.16,1
C01125,2025-03-01,61,1071.31,73.02,1,0,annual,automatic,45.2,1
C01126,2025-03-01,62,628.52,6.94,0,1,monthly,automatic,4.87,0
C01127,2025-03-01,46,516.64,83.51,0,0,monthly,,94.72,0
C01128,2025-03-01,41,743.78,51.89,0,0,annual,automatic,47.52,0
C01129,2025-03-01,47,267.61,93.99,2,0,annual,automatic,119.73,0
C01130,2025-03-01,30,907.69,40.89,0,0,monthly,manual,39.78,1
C01131,2025-03-01,49,2273.5,30.0,0,0,monthly,automatic,29.48,0
C01132,2025-03-01,58,2111.13,99.53,0,0,monthly,manual,81.42,1
C01133,2025-03-01,55,1054.61,55.41,1,0,monthly,manual,88.74,0
C01134,2025-03-01,45,1523.42,87.0,4,1,monthly,manual,67.15,1
C01135,2025-03-01,5,1503.93,91.55,1,0,monthly,manual,113.6,0
C01136,2025-03-01,53,2105.1,54.25,1,0,monthly,automatic,27.46,1
C01137,2025-03-01,27,742.47,48.29,0,0,annual,manual,40.31,0
C01138,2025-03-01,54,880.69,57.52,1,0,annual,automatic,93.33,0
C01139,2025-03-01,39,893.11,85.54,0,0,annual,manual,,0
C01140,2025-03-01,64,293.0,96.64,0,0,monthly,automatic,41.56,0
C01141,2025-03-01,25,922.78,36.19,0,0,monthly,manual,20.22,1
C01142,2025-03-01,68,2218.2,75.17,0,0,monthly,automatic,111.31,0
C01143,2025-03-01,61,2296.57,32.11,1,0,monthly,automatic,30.53,0
C01144,2025-03-01,24,451.16,63.04,1,0,annual,automatic,51.92,0
C01145,2025-03-01,35,1252.53,81.46,2,0,monthly,automatic,52.73,0
C01146,2025-03-01,39,1076.1,89.22,2,0,monthly,automatic,72.17,0
C01147,2025-03-01,56,1324.53,47.63,3,0,annual,manual,67.39,0
C01148,2025-03-01,50,1474.85,40.13,2,0,monthly,automatic,27.09,1
C01149,2025-03-01,62,245.6,29.08,2,0,annual,manual,20.63,1
C01150,2025-03-01,27,2136.16,17.67,0,0,annual,manual,19.96,0
C01151,2025-03-01,37,2438.43,39.67,1,0,monthly,automatic,22.06,1
C01152,2025-03-01,32,1701.83,87.84,1,0,monthly,manual,52.07,1
C01153,2025-03-01,66,1718.04,44.79,2,0,monthly,automatic,41.31,0
C01154,2025-03-01,22,1413.35,35.14,2,0,monthly,automatic,32.71,1
C01155,2025-03-01,43,967.83,75.22,1,0,annual,automatic,47.9,0
C01156,2025-03-01,9,541.65,25.48,1,0,monthly,manual,27.66,1
C01157,2025-03-01,62,1542.35,29.35,1,0,annual,automatic,29.25,0
C01158,2025-03-01,28,302.37,93.91,1,0,annual,automatic,21.53,0
C01159,2025-03-01,25,2095.36,12.75,0,0,monthly,automatic,,1
C01160,2025-03-01,42,1167.1,44.39,0,0,monthly,manual,31.99,0
C01161,2025-03-01,36,1152.93,59.79,2,1,monthly,manual,71.87,0
C01162,2025-03-01,62,951.49,26.87,1,1,monthly,automatic,44.28,0
C01163,2025-03-01,39,2428.51,31.7,0,0,monthly,automatic,28.42,0
C01164,2025-03-01,38,601.31,26.08,1,1,monthly,manual,18.11,1
C01165,2025-03-01,8,547.01,37.79,2,0,monthly,manual,53.0,0
C01166,2025-03-01,2,579.72,90.36,2,0,monthly,automatic,56.59,1
C01167,2025-03-01,29,1713.61,46.0,2,0,monthly,manual,72.79,0
C01168,2025-03-01,72,2480.36,44.69,3,1,monthly,automatic,33.86,1
C01169,2025-03-01,67,740.59,41.73,0,0,monthly,automatic,29.24,0
C01170,2025-03-01,46,2281.92,96.59,1,1,monthly,automatic,168.85,0
C01171,2025-03-01,46,839.82,16.14,0,0,monthly,manual,16.9,0
C01172,2025-03-01,29,1689.17,87.83,1,1,monthly,manual,130.66,0
C01173,2025-03-01,13,292.15,36.08,2,0,monthly,automatic,32.86,1
C01174,2025-03-01,1,1339.0,95.87,1,0,monthly,manual,84.93,1
C01175,2025-03-01,25,1704.51,34.95,0,0,monthly,automatic,1.75,1
C01176,2025-03-01,23,1432.54,12.87,1,0,monthly,automatic,16.4,1
C01177,2025-03-01,14,746.02,54.4,0,0,monthly,manual,57.38,0
C01178,2025-03-01,19,2104.54,26.65,1,0,monthly,automatic,23.48,1
C01179,2025-03-01,2,2430.31,76.53,1,0,annual,manual,86.26,0
C01180,2025-03-01,44,1255.15,67.44,2,0,monthly,manual,62.95,0
C01181,2025-03-01,67,1661.61,70.21,2,0,monthly,manual,,0
C01182,2025-03-01,50,2016.95,23.38,2,0,annual,automatic,24.48,0
C01183,2025-03-01,33,754.42,72.32,2,0,annual,manual,61.71,0
C01184,2025-03-01,31,2187.24,34.58,3,0,monthly,automatic,40.78,0
C01185,2025-03-01,23,843.46,99.87,0,0,monthly,automatic,82.08,0
C01186,2025-03-01,11,1983.41,74.52,0,0,monthly,automatic,56.33,1
C01187,2025-03-01,44,456.83,61.09,1,2,monthly,manual,44.57,1
C01188,2025-03-01,41,862.29,87.38,1,1,monthly,manual,53.35,0
C01189,2025-03-01,1,1426.33,60.98,0,0,annual,automatic,44.95,0
C01190,2025-03-01,30,1406.32,57.51,0,0,annual,automatic,61.6,0
C01191,2025-03-01,21,2154.99,27.54,1,0,monthly,automatic,18.11,0
C01192,2025-03-01,13,2490.09,69.42,0,1,annual,manual,35.31,0
C01193,2025-03-01,51,445.58,40.59,3,1,annual,manual,48.56,1
C01194,2025-03-01,38,823.19,9.09,0,1,monthly,automatic,7.92,1
C01195,2025-03-01,46,1021.48,82.53,1,1,annual,manual,98.11,1
C01196,2025-03-01,52,1300.51,9.93,2,0,monthly,manual,8.37,1
C01197,2025-03-01,71,1334.99,68.87,1,0,monthly,manual,49.58,0
C01198,2025-03-01,58,2168.25,19.89,0,0,annual,automatic,6.16,1
C01199,2025-03-01,45,1971.29,46.09,0,0,monthly,automatic,24.18,0
C01200,2025-03-01,64,242.36,86.61,3,0,annual,automatic,53.23,1
C01201,2025-03-01,35,1245.55,13.97,2,0,annual,manual,14.23,0
C01202,2025-03-01,71,1620.57,68.38,3,0,annual,automatic,60.3,0
C01203,2025-03-01,55,1257.91,63.2,1,1,monthly,manual,35.46,1
C01204,2025-03-01,47,499.48,87.42,2,0,monthly,manual,4.37,1
C01205,2025-03-01,66,1113.19,21.41,0,1,monthly,automatic,23.16,0
C01206,2025-03-01,38,1145.81,80.98,1,1,annual,automatic,99.37,0
C01207,2025-03-01,52,630.75,47.76,2,0,monthly,automatic,60.06,0
C01208,2025-03-01,21,1938.51,45.72,3,0,monthly,manual,26.62,1
C01209,2025-03-01,70,938.22,39.37,1,0,annual,automatic,50.37,0
C01210,2025-03-01,45,1553.67,41.63,2,1,monthly,automatic,46.55,0
C01211,2025-03-01,57,1385.18,54.4,0,0,monthly,automatic,60.73,0
C01212,2025-03-01,34,2217.08,15.15,1,0,monthly,automatic,10.71,1
C01213,2025-03-01,63,479.63,45.38,0,0,monthly,automatic,39.64,0
C01214,2025-03-01,6,461.8,66.94,0,1,annual,automatic,104.5,0
C01215,2025-03-01,9,889.74,52.33,1,0,annual,manual,78.87,1
C01216,2025-03-01,37,1190.79,20.75,2,0,monthly,automatic,18.74,1
C01217,2025-03-01,53,885.65,39.49,1,0,monthly,automatic,38.98,0
C01218,2025-03-01,59,1954.33,47.08,0,0,monthly,manual,7.14,0
C01219,2025-03-01,32,763.11,68.54,1,1,monthly,automatic,91.94,0
C01220,2025-03-01,47,393.98,90.57,0,0,annual,automatic,106.96,0
C01221,2025-03-01,40,1150.74,57.29,0,1,monthly,automatic,59.63,0
C01222,2025-03-01,70,1977.77,69.25,1,0,monthly,automatic,49.11,0
C01223,2025-03-01,48,2155.29,12.33,0,0,monthly,manual,11.63,1
C01224,2025-03-01,31,1885.69,95.67,1,0,monthly,manual,137.1,0
C01225,2025-03-01,70,1482.14,34.94,1,0,annual,manual,36.57,0
C01226,2025-03-01,8,1864.64,38.66,1,0,monthly,manual,71.18,0
C01227,2025-03-01,71,1766.2,26.17,0,0,monthly,manual,31.51,0
C01228,2025-03-01,12,738.04,13.04,2,1,monthly,automatic,7.8,0
C01229,2025-03-01,21,1465.75,80.05,0,1,monthly,manual,62.14,1
C01230,2025-03-01,60,1971.4,27.85,1,0,annual,manual,18.7,0
C01231,2025-03-01,53,928.38,31.86,1,0,monthly,manual,38.88,1
C01232,2025-03-01,70,1703.14,22.27,2,1,monthly,automatic,29.48,0
C01233,2025-03-01,54,1306.4,97.61,2,0,monthly,manual,148.44,0
C01234,2025-03-01,46,1356.27,79.2,2,0,monthly,automatic,63.65,1
C01235,2025-03-01,25,406.13,93.34,2,0,annual,manual,101.16,0
C01236,2025-03-01,1,1731.3,86.86,3,0,monthly,automatic,118.84,0
C01237,2025-03-01,9,2190.08,91.1,0,0,annual,manual,133.23,0
C01238,2025-03-01,22,524.29,50.51,1,0,monthly,automatic,24.72,0
C01239,2025-03-01,3,1041.04,21.2,2,0,monthly,automatic,24.11,1
C01240,2025-03-01,37,310.94,36.05,0,0,monthly,automatic,18.11,1
C01241,2025-03-01,56,267.15,32.78,1,0,monthly,automatic,23.25,0
C01242,2025-03-01,70,2475.21,73.13,0,0,monthly,automatic,33.83,0
C01243,2025-03-01,36,1333.98,7.44,0,0,annual,manual,5.23,0
C01244,2025-03-01,64,1016.69,18.49,0,0,monthly,manual,7.63,1
C01245,2025-03-01,71,831.22,69.87,2,0,monthly,manual,35.38,1
C01246,2025-03-01,62,2453.03,16.73,2,0,monthly,automatic,10.09,0
C01247,2025-03-01,34,779.18,9.59,0,0,monthly,automatic,9.84,0
C01248,2025-03-01,24,1868.13,15.38,0,0,monthly,manual,14.33,1
C01249,2025-03-01,71,851.64,70.61,0,0,monthly,manual,24.33,1
C01250,2025-03-01,18,361.13,18.24,3,0,monthly,automatic,34.28,0
C01251,2025-03-01,30,1770.54,18.9,3,0,annual,automatic,14.16,0
C01252,2025-03-01,6,202.75,26.88,0,0,monthly,automatic,12.22,1
C01253,2025-03-01,58,1753.22,76.34,2,0,monthly,automatic,85.8,0
C01254,2025-03-01,47,774.87,24.03,0,0,monthly,manual,22.07,0
C01255,2025-03-01,7,1915.04,8.36,1,0,annual,automatic,5.31,0
C01256,2025-03-01,16,1969.43,91.06,0,1,annual,manual,96.22,0
C01257,2025-03-01,40,1864.45,88.25,2,0,monthly,automatic,60.42,0
C01258,2025-03-01,39,255.31,22.56,0,0,monthly,automatic,18.42,0
C01259,2025-03-01,58,1817.59,30.21,1,1,annual,automatic,43.29,0
C01260,2025-03-01,20,2476.33,22.91,0,0,monthly,automatic,22.07,0
C01261,2025-03-01,67,757.04,73.36,2,0,monthly,automatic,83.26,0
C01262,2025-03-01,33,829.75,28.75,1,2,annual,automatic,21.2,1
C01263,2025-03-01,60,2070.11,93.49,0,0,monthly,automatic,91.02,0
C01264,2025-03-01,18,567.91,83.63,0,0,monthly,manual,54.38,0
C01265,2025-03-01,3,1718.34,60.9,0,0,annual,manual,38.65,0
C01266,2025-03-01,4,1935.56,5.85,1,1,annual,automatic,4.54,0
C01267,2025-03-01,27,284.47,88.95,2,0,monthly,manual,60.21,1
C01268,2025-03-01,69,1472.65,74.14,2,1,monthly,automatic,95.14,0
C01269,2025-03-01,4,1523.52,79.85,2,0,monthly,automatic,89.65,0
C01270,2025-03-01,27,896.92,11.82,3,0,annual,automatic,1.39,0
C01271,2025-03-01,8,2214.59,72.31,0,0,annual,manual,110.16,0
C01272,2025-03-01,68,573.32,81.44,1,1,annual,manual,93.2,0
C01273,2025-03-01,49,1036.65,95.88,0,0,monthly,manual,126.62,0
C01274,2025-03-01,55,2150.94,60.14,1,1,monthly,automatic,51.73,0
C01275,2025-03-01,52,637.48,53.26,0,0,monthly,manual,21.15,1
C01276,2025-03-01,48,2088.16,45.41,1,1,monthly,manual,20.73,1
C01277,2025-03-01,56,380.86,71.62,1,0,monthly,manual,108.69,0
C01278,2025-03-01,1,1324.23,92.48,1,0,monthly,manual,32.41,1
C01279,2025-03-01,63,372.26,61.98,0,0,annual,automatic,25.66,0
C01280,2025-03-01,54,1758.18,26.59,2,0,monthly,manual,20.43,1
C01281,2025-03-01,54,2017.38,6.67,0,0,annual,automatic,2.9,0
C01282,2025-03-01,29,2153.67,63.82,1,0,monthly,manual,70.62,0
C01283,2025-03-01,58,2455.9,87.14,1,1,annual,automatic,98.8,1
C01284,2025-03-01,28,1744.64,11.27,1,0,monthly,automatic,12.0,0
C01285,2025-03-01,4,1967.84,42.77,0,0,monthly,automatic,30.15,1
C01286,2025-03-01,66,1362.24,94.3,0,0,monthly,automatic,96.29,0
C01287,2025-03-01,17,2298.29,52.66,1,0,annual,automatic,81.32,0
C01288,2025-03-01,8,1679.64,25.96,1,0,monthly,automatic,10.85,1
C01289,2025-03-01,45,2231.17,38.6,0,2,annual,manual,50.6,0
C01290,2025-03-01,17,740.54,43.77,1,0,monthly,automatic,52.65,0
C01291,2025-03-01,62,1341.5,16.14,1,0,monthly,manual,14.25,0
C01292,2025-03-01,32,1877.58,67.78,0,0,annual,automatic,66.3,0
C01293,2025-03-01,1,665.26,61.26,0,0,annual,automatic,64.01,0
C01294,2025-03-01,69,685.08,66.53,1,0,monthly,manual,38.47,1
C01295,2025-03-01,38,2448.5,63.03,0,1,monthly,manual,21.98,1
C01296,2025-03-01,19,1198.6,6.58,0,0,monthly,automatic,,0
C01297,2025-03-01,49,617.18,21.57,1,0,annual,manual,10.45,0
C01298,2025-03-01,39,961.37,20.73,1,0,annual,automatic,11.14,1
C01299,2025-03-01,3,1112.97,14.31,0,1,annual,automatic,10.58,0
C01300,2025-03-01,55,1632.1,74.87,0,0,annual,manual,76.34,0
C01301,2025-03-01,29,2321.93,16.41,1,0,monthly,manual,12.23,1
C01302,2025-03-01,51,2468.16,68.48,0,0,annual,manual,45.65,0
C01303,2025-03-01,65,1697.91,21.95,1,0,monthly,automatic,27.51,0
C01304,2025-03-01,44,1808.82,16.24,0,0,monthly,automatic,13.05,0
C01305,2025-03-01,49,939.21,20.44,0,0,monthly,automatic,13.09,1
C01306,2025-03-01,19,2170.46,53.3,1,0,monthly,automatic,56.4,0
C01307,2025-03-01,18,699.94,66.32,2,0,monthly,automatic,62.37,0
C01308,2025-03-01,30,443.68,82.13,0,1,annual,manual,76.39,0
C01309,2025-03-01,62,2437.49,17.21,3,0,annual,manual,18.5,0
C01310,2025-03-01,38,2186.52,63.54,3,0,annual,manual,55.4,0
C01311,2025-03-01,26,897.38,78.51,3,0,annual,manual,95.44,0
C01312,2025-03-01,57,1751.89,34.68,1,0,annual,automatic,14.57,0
C01313,2025-03-01,62,1273.14,12.57,0,0,monthly,automatic,17.03,0
C01314,2025-03-01,65,942.19,19.81,0,0,monthly,manual,11.89,0
C01315,2025-03-01,22,858.58,13.7,1,0,annual,automatic,4.76,1
C01316,2025-03-01,52,511.86,89.29,4,0,monthly,automatic,57.51,0
C01317,2025-03-01,43,1462.43,40.79,0,0,annual,automatic,32.54,0
C01318,2025-03-01,33,1226.17,54.72,1,0,monthly,manual,36.27,0
C01319,2025-03-01,29,1377.03,78.03,1,0,monthly,manual,45.43,0
C01320,2025-03-01,9,694.32,40.29,0,0,monthly,automatic,51.32,0
C01321,2025-03-01,20,2357.8,66.66,1,0,annual,automatic,41.01,1
C01322,2025-03-01,40,1667.76,12.28,2,0,annual,manual,1.59,1
C01323,2025-03-01,64,2268.08,50.69,2,0,monthly,manual,40.42,0
C01324,2025-03-01,63,450.32,14.17,0,2,monthly,automatic,23.18,0
C01325,2025-03-01,14,1631.56,28.59,0,0,annual,manual,15.66,0
C01326,2025-03-01,49,2152.76,32.87,1,0,monthly,manual,19.89,1
C01327,2025-03-01,7,960.12,73.17,1,1,annual,manual,56.98,1
C01328,2025-03-01,49,647.83,69.04,1,0,annual,automatic,100.83,0
C01329,2025-03-01,25,808.55,75.97,1,0,annual,automatic,60.33,0
C01330,2025-03-01,33,826.75,10.87,0,1,monthly,manual,6.11,1
C01331,2025-03-01,52,1227.56,99.42,2,0,annual,manual,104.1,0
C01332,2025-03-01,31,948.72,10.17,3,0,annual,automatic,10.38,0
C01333,2025-03-01,59,822.93,83.45,2,0,monthly,automatic,90.99,0
C01334,2025-03-01,39,1690.58,75.33,3,0,annual,automatic,41.3,1
C01335,2025-03-01,72,320.97,61.22,2,0,monthly,manual,44.23,1
C01336,2025-03-01,46,981.84,46.69,2,0,annual,automatic,61.35,0
C01337,2025-03-01,22,1785.43,76.93,1,0,monthly,automatic,81.79,0
C01338,2025-03-01,56,603.45,75.29,1,0,monthly,manual,90.58,0
C01339,2025-03-01,30,707.13,18.03,1,1,monthly,automatic,16.25,0
C01340,2025-03-01,39,660.53,80.3,2,1,annual,manual,103.57,1
C01341,2025-03-01,10,201.13,12.46,2,0,monthly,automatic,12.74,0
C01342,2025-03-01,9,1288.67,52.55,4,0,monthly,automatic,38.72,1
C01343,2025-03-01,42,288.61,66.28,0,0,monthly,manual,78.27,0
C01344,2025-03-01,14,826.76,83.06,0,1,annual,automatic,50.98,1
C01345,2025-03-01,72,2487.05,49.0,0,1,monthly,automatic,71.55,0
C01346,2025-03-01,62,2311.31,27.5,1,0,monthly,automatic,35.0,0
C01347,2025-03-01,51,693.67,51.61,1,0,monthly,automatic,42.19,0
C01348,2025-03-01,53,912.01,28.77,0,0,annual,automatic,24.61,0
C01349,2025-03-01,43,1265.52,55.23,1,0,monthly,manual,53.37,0
C01350,2025-03-01,5,2141.15,48.94,2,0,annual,manual,42.06,1
C01351,2025-03-01,29,2045.09,79.15,2,0,monthly,automatic,109.36,1
C01352,2025-03-01,36,489.36,27.81,1,0,monthly,automatic,20.34,1
C01353,2025-03-01,66,485.23,24.0,1,0,monthly,automatic,9.46,0
C01354,2025-03-01,16,1157.48,50.05,3,0,monthly,manual,41.52,0
C01355,2025-03-01,36,2200.22,9.8,1,1,monthly,automatic,11.6,0
C01356,2025-03-01,25,2227.8,26.79,0,0,monthly,automatic,34.16,0
C01357,2025-03-01,10,445.94,38.6,2,1,annual,automatic,37.05,0
C01358,2025-03-01,8,1519.88,51.32,1,0,annual,manual,35.83,1
C01359,2025-03-01,27,557.05,30.6,1,0,monthly,automatic,27.68,1
C01360,2025-03-01,6,1777.1,58.26,0,0,monthly,automatic,40.24,1
C01361,2025-03-01,5,2306.8,88.45,0,0,annual,automatic,10.01,1
C01362,2025-03-01,26,1244.97,56.65,0,1,annual,manual,35.22,0
C01363,2025-03-01,15,390.09,32.25,2,0,monthly,automatic,35.43,1
C01364,2025-03-01,40,1531.28,10.89,1,1,monthly,automatic,8.99,0
C01365,2025-03-01,2,1138.59,17.98,1,0,monthly,automatic,14.6,0
C01366,2025-03-01,22,2064.07,58.32,0,0,monthly,automatic,76.25,0
C01367,2025-03-01,33,981.79,69.95,3,0,monthly,automatic,40.75,1
C01368,2025-03-01,70,2211.26,9.72,0,0,monthly,manual,6.0,0
C01369,2025-03-01,46,828.51,22.63,0,0,monthly,manual,23.44,0
C01370,2025-03-01,64,561.29,35.31,0,0,annual,automatic,23.69,1
C01371,2025-03-01,25,903.9,35.38,1,0,monthly,automatic,23.67,1
C01372,2025-03-01,33,279.31,96.05,0,1,monthly,automatic,140.45,0
C01373,2025-03-01,31,845.87,24.36,0,0,monthly,automatic,13.27,0
C01374,2025-03-01,64,1717.27,10.94,0,1,monthly,manual,7.26,0
C01375,2025-03-01,70,526.25,38.54,1,0,monthly,automatic,41.38,0
C01376,2025-03-01,70,455.14,17.77,1,0,annual,manual,16.04,0
C01377,2025-03-01,55,503.49,17.03,1,1,monthly,manual,7.48,0
C01378,2025-03-01,37,377.37,43.71,0,0,monthly,manual,67.51,0
C01379,2025-03-01,39,2210.66,34.11,0,0,monthly,manual,21.9,0
C01380,2025-03-01,71,2370.46,13.71,2,1,monthly,automatic,11.44,1
C01381,2025-03-01,21,306.09,62.41,0,1,monthly,automatic,66.96,0
C01382,2025-03-01,25,1947.17,52.66,0,0,annual,automatic,88.3,0
C01383,2025-03-01,65,1894.45,12.32,0,1,monthly,automatic,9.57,1
C01384,2025-03-01,28,2491.89,86.96,2,0,monthly,automatic,52.02,1
C01385,2025-03-01,17,999.1,32.05,0,0,annual,manual,35.07,0
C01386,2025-03-01,41,855.67,96.33,0,0,annual,automatic,159.03,0
C01387,2025-03-01,24,,93.5,0,0,annual,manual,90.47,0
C01388,2025-03-01,65,2169.12,46.24,1,0,monthly,automatic,37.92,0
C01389,2025-03-01,66,1874.77,26.71,6,0,monthly,automatic,28.23,1
C01390,2025-03-01,23,1283.73,84.31,0,0,monthly,automatic,16.32,0
C01391,2025-03-01,39,761.49,39.32,0,1,monthly,automatic,27.71,1
C01392,2025-03-01,71,1871.14,20.54,2,1,monthly,automatic,5.77,0
C01393,2025-03-01,54,2164.41,57.4,3,1,annual,manual,45.58,1
C01394,2025-03-01,16,1118.89,51.49,0,0,monthly,manual,38.13,0
C01395,2025-03-01,43,1736.75,85.75,1,1,monthly,automatic,4.29,1
C01396,2025-03-01,45,1119.49,74.28,1,0,monthly,automatic,73.0,0
C01397,2025-03-01,48,1299.53,88.23,0,0,annual,manual,100.26,0
C01398,2025-03-01,2,1406.29,74.8,1,0,monthly,automatic,63.75,0
C01399,2025-03-01,22,1983.17,66.01,0,0,monthly,automatic,25.42,0
C01400,2025-03-01,62,2447.26,52.52,1,0,annual,manual,71.58,0
C01401,2025-03-01,18,1221.04,98.82,1,0,monthly,automatic,156.53,0
C01402,2025-03-01,22,986.32,96.12,0,1,annual,automatic,101.89,0
C01403,2025-03-01,24,1058.26,85.64,3,0,monthly,manual,68.17,0
C01404,2025-03-01,13,506.94,78.66,1,0,annual,automatic,62.98,0
C01405,2025-03-01,12,881.96,59.87,0,0,monthly,automatic,64.16,0
C01406,2025-03-01,25,397.83,29.68,4,0,monthly,automatic,28.24,1
C01407,2025-03-01,63,1183.16,88.17,1,2,monthly,manual,94.56,1
C01408,2025-03-01,1,583.92,6.03,2,0,annual,automatic,6.5,0
C01409,2025-03-01,21,995.74,26.61,1,0,monthly,automatic,17.61,1
C01410,2025-03-01,5,2024.23,43.35,2,0,annual,automatic,27.4,0
C01411,2025-03-01,41,764.63,60.68,0,0,monthly,automatic,49.87,0
C01412,2025-03-01,19,1606.36,58.28,1,0,annual,manual,63.15,0
C01413,2025-03-01,58,2271.72,21.7,1,0,monthly,automatic,8.12,0
C01414,2025-03-01,43,1502.94,14.96,0,0,monthly,automatic,12.57,1
C01415,2025-03-01,57,644.72,26.12,0,0,monthly,manual,23.7,0
C01416,2025-03-01,46,991.96,38.13,4,1,monthly,automatic,28.58,0
C01417,2025-03-01,32,1556.85,6.34,0,0,annual,automatic,8.95,0
C01418,2025-03-01,62,1364.21,70.78,0,0,annual,manual,95.64,0
C01419,2025-03-01,35,540.83,28.53,1,0,monthly,manual,30.4,0
C01420,2025-03-01,69,1226.63,38.38,3,0,annual,,59.09,0
C01421,2025-03-01,72,,36.82,3,0,monthly,automatic,45.19,0
C01422,2025-03-01,43,813.87,53.62,1,0,monthly,automatic,51.85,0
C01423,2025-03-01,49,1607.62,86.68,3,0,annual,manual,65.28,1
C01424,2025-03-01,19,360.37,19.19,1,0,monthly,manual,15.0,1
C01425,2025-03-01,59,973.2,37.37,1,0,monthly,,39.36,0
C01426,2025-03-01,49,2048.84,70.74,2,0,annual,manual,55.88,0
C01427,2025-03-01,65,795.36,9.2,0,0,monthly,automatic,3.58,0
C01428,2025-03-01,20,1590.91,83.85,0,0,monthly,automatic,65.97,1
C01429,2025-03-01,57,1142.07,96.37,0,1,annual,manual,123.32,0
C01430,2025-03-01,34,926.86,62.73,0,0,monthly,automatic,3.14,1
C01431,2025-03-01,14,2306.1,95.87,1,0,monthly,automatic,135.28,0
C01432,2025-03-01,13,988.5,44.24,1,0,annual,automatic,49.59,0
C01433,2025-03-01,41,743.35,44.43,1,0,monthly,manual,37.23,0
C01434,2025-03-01,24,2290.39,15.09,1,1,monthly,manual,15.4,0
C01435,2025-03-01,8,1914.67,8.37,3,0,monthly,manual,10.52,1
C01436,2025-03-01,31,1767.14,28.23,3,0,annual,automatic,26.3,0
C01437,2025-03-01,48,312.93,50.42,3,0,monthly,manual,63.13,1
C01438,2025-03-01,23,500.77,53.23,1,0,monthly,automatic,64.82,0
C01439,2025-03-01,69,1667.18,25.67,0,1,monthly,manual,25.19,0
C01440,2025-03-01,57,680.7,63.22,1,1,annual,automatic,33.59,1
C01441,2025-03-01,37,717.97,22.21,0,0,monthly,automatic,19.67,0
C01442,2025-03-01,68,1991.02,35.99,0,0,monthly,manual,7.4,1
C01443,2025-03-01,32,856.63,23.59,5,0,monthly,automatic,25.38,1
C01444,2025-03-01,11,363.65,71.18,0,0,monthly,automatic,55.03,0
C01445,2025-03-01,3,282.79,54.07,2,0,monthly,automatic,38.1,1
C01446,2025-03-01,68,1218.31,74.93,1,1,monthly,automatic,86.13,0
C01447,2025-03-01,70,1618.4,10.44,2,0,monthly,manual,4.96,1
C01448,2025-03-01,54,2197.44,45.41,3,0,monthly,automatic,43.56,1
C01449,2025-03-01,8,453.85,96.86,0,0,monthly,automatic,77.59,0
C01450,2025-03-01,22,651.35,10.09,0,0,annual,automatic,8.65,0
C01451,2025-03-01,3,1417.54,44.75,0,1,monthly,manual,45.62,0
C01452,2025-03-01,4,1036.45,8.84,0,0,monthly,automatic,13.77,0
C01453,2025-03-01,18,1308.84,18.93,0,1,monthly,manual,20.06,0
C01454,2025-03-01,42,2324.49,48.94,1,0,monthly,automatic,68.29,1
C01455,2025-03-01,5,1452.25,19.96,1,0,monthly,automatic,28.11,0
C01456,2025-03-01,71,1153.78,54.28,0,0,annual,manual,64.56,0
C01457,2025-03-01,33,2474.71,92.66,3,0,monthly,automatic,25.45,1
C01458,2025-03-01,19,349.0,24.04,1,0,annual,automatic,20.1,0
C01459,2025-03-01,38,2342.86,15.18,2,0,monthly,manual,8.17,1
C01460,2025-03-01,57,1352.82,83.4,2,0,monthly,automatic,160.32,0
C01461,2025-03-01,23,1357.64,48.73,0,0,monthly,automatic,27.71,1
C01462,2025-03-01,4,2319.52,88.85,2,0,monthly,automatic,35.18,1
C01463,2025-03-01,4,1365.85,34.08,0,0,annual,automatic,1.7,1
C01464,2025-03-01,62,1207.34,64.62,1,0,monthly,manual,36.01,1
C01465,2025-03-01,9,825.72,92.71,2,0,annual,automatic,89.28,0
C01466,2025-03-01,46,1714.28,21.31,1,1,monthly,manual,27.71,1
C01467,2025-03-01,28,1509.18,81.07,1,0,monthly,automatic,44.22,0
C01468,2025-03-01,56,691.99,64.99,0,0,monthly,automatic,86.44,0
C01469,2025-03-01,5,1830.65,82.23,2,0,monthly,automatic,73.82,0
C01470,2025-03-01,65,1680.4,21.22,0,0,monthly,manual,15.92,0
C01471,2025-03-01,51,1112.87,46.24,2,1,monthly,automatic,45.34,0
C01472,2025-03-01,33,209.12,17.24,2,0,annual,automatic,24.41,0
C01473,2025-03-01,15,1226.14,96.21,3,1,monthly,automatic,90.23,1
C01474,2025-03-01,71,212.93,10.96,2,0,monthly,automatic,5.83,0
C01475,2025-03-01,22,371.5,11.22,0,0,annual,automatic,11.99,0
C01476,2025-03-01,36,1189.4,90.32,0,0,monthly,manual,96.0,1
C01477,2025-03-01,29,387.42,33.57,2,0,annual,automatic,28.65,0
C01478,2025-03-01,17,833.03,61.72,1,1,annual,automatic,78.85,0
C01479,2025-03-01,30,1706.63,32.31,2,0,monthly,automatic,3.84,1
C01480,2025-03-01,11,908.82,66.63,3,0,annual,automatic,69.63,0
C01481,2025-03-01,1,2493.59,23.28,2,0,monthly,manual,27.81,1
C01482,2025-03-01,21,2306.49,48.59,1,0,monthly,manual,20.06,0
C01483,2025-03-01,9,1545.21,55.68,0,1,monthly,manual,22.32,1
C01484,2025-03-01,30,2422.98,36.7,1,0,annual,manual,46.58,0
C01485,2025-03-01,63,2195.44,28.91,0,1,monthly,manual,38.48,0
C01486,2025-03-01,12,932.47,18.32,0,0,monthly,automatic,25.57,0
C01487,2025-03-01,1,1923.07,72.08,0,1,monthly,automatic,48.83,1
C01488,2025-03-01,8,513.71,20.99,0,0,monthly,manual,20.79,1
C01489,2025-03-01,37,1773.47,32.75,2,1,monthly,manual,33.95,1
C01490,2025-03-01,20,1328.49,37.01,1,0,monthly,manual,11.93,1
C01491,2025-03-01,36,237.7,48.16,2,0,annual,manual,46.96,0
C01492,2025-03-01,3,829.73,71.74,0,0,annual,automatic,69.48,0
C01493,2025-03-01,24,2396.38,45.65,2,1,annual,manual,53.91,0
C01494,2025-03-01,30,925.41,87.75,0,1,monthly,manual,63.18,0
C01495,2025-03-01,32,616.35,69.58,2,0,monthly,manual,94.47,1
C01496,2025-03-01,40,630.32,84.66,3,0,monthly,manual,80.27,0
C01497,2025-03-01,57,1301.19,73.05,0,0,monthly,automatic,110.92,0
C01498,2025-03-01,34,2137.09,19.12,1,0,monthly,manual,22.59,0
C01499,2025-03-01,61,1942.4,97.9,2,0,monthly,automatic,99.58,1
C01500,2025-03-01,39,1203.76,79.73,0,0,annual,automatic,40.37,0
C01501,2025-03-01,19,679.07,59.41,2,0,monthly,manual,27.21,1
C01502,2025-03-01,17,304.95,20.7,1,0,monthly,manual,30.64,0
C01503,2025-03-01,24,1263.05,21.4,1,0,monthly,manual,26.26,1
C01504,2025-03-01,44,2072.98,63.36,1,0,monthly,automatic,51.97,0
C01505,2025-03-01,18,1877.27,44.54,0,0,monthly,automatic,34.48,0
C01506,2025-03-01,66,1138.78,69.21,0,0,annual,automatic,69.05,0
C01507,2025-03-01,35,1566.82,40.38,0,0,monthly,manual,18.14,1
C01508,2025-03-01,63,1202.37,53.72,2,0,monthly,manual,40.63,0
C01509,2025-03-01,50,1530.74,22.86,0,0,monthly,automatic,25.93,0
C01510,2025-03-01,25,1389.26,19.74,1,1,monthly,automatic,23.32,1
C01511,2025-03-01,17,1765.22,12.19,1,0,annual,manual,,1
C01512,2025-03-01,54,1366.73,82.87,2,1,annual,automatic,122.65,0
C01513,2025-03-01,24,2362.41,57.76,5,0,monthly,automatic,74.26,1
C01514,2025-03-01,18,1183.46,94.98,1,0,annual,manual,61.83,1
C01515,2025-03-01,67,235.61,76.2,2,0,monthly,automatic,36.08,0
C01516,2025-03-01,35,742.66,78.03,0,2,annual,automatic,88.03,0
C01517,2025-03-01,4,1350.4,53.36,0,0,monthly,manual,40.69,1
C01518,2025-03-01,36,1442.32,82.47,1,0,annual,automatic,57.4,0
C01519,2025-03-01,34,1469.49,94.5,0,0,annual,automatic,94.31,0
C01520,2025-03-01,63,1842.47,73.57,0,0,monthly,manual,86.21,0
C01521,2025-03-01,52,830.69,15.03,1,0,monthly,automatic,17.99,0
C01522,2025-03-01,14,1728.28,66.85,0,0,monthly,manual,62.79,0
C01523,2025-03-01,11,1818.27,16.44,0,0,monthly,automatic,1.93,1
C01524,2025-03-01,44,1144.95,12.34,1,0,monthly,automatic,15.47,0
C01525,2025-03-01,4,1123.99,70.83,1,0,monthly,automatic,45.18,0
C01526,2025-03-01,23,610.53,84.3,0,1,monthly,manual,86.65,0
C01527,2025-03-01,10,1151.17,20.09,2,1,monthly,manual,17.62,1
C01528,2025-03-01,2,2008.68,12.04,0,0,annual,automatic,20.53,0
C01529,2025-03-01,67,2289.64,89.22,1,0,monthly,manual,146.34,0
C01530,2025-03-01,7,1564.31,17.56,3,0,monthly,manual,13.33,1
C01531,2025-03-01,1,887.55,8.33,0,0,monthly,manual,3.74,0
C01532,2025-03-01,68,1768.27,73.5,3,0,annual,manual,35.04,0
C01533,2025-03-01,14,1901.34,85.53,0,0,monthly,manual,86.82,1
C01534,2025-03-01,59,963.09,53.87,0,0,monthly,manual,39.38,0
C01535,2025-03-01,3,2100.06,56.29,2,0,monthly,manual,29.9,1
C01536,2025-03-01,12,368.5,37.0,0,0,monthly,manual,27.26,0
C01537,2025-03-01,8,223.73,27.65,0,1,annual,automatic,29.8,0
C01538,2025-03-01,51,481.83,76.75,1,1,monthly,automatic,68.51,0
C01539,2025-03-01,45,557.82,85.68,0,0,monthly,manual,64.36,1
C01540,2025-03-01,35,2220.54,35.52,2,0,monthly,automatic,28.24,0
C01541,2025-03-01,18,1176.46,31.01,1,0,monthly,automatic,26.77,1
C01542,2025-03-01,7,831.34,30.44,0,0,monthly,manual,30.38,0
C01543,2025-03-01,41,1185.87,9.81,0,1,monthly,manual,9.99,0
C01544,2025-03-01,17,1107.13,31.7,2,0,annual,manual,10.88,1
C01545,2025-03-01,43,892.36,7.44,3,0,monthly,automatic,7.28,0
C01546,2025-03-01,50,516.17,79.9,0,0,monthly,automatic,63.38,0
C01547,2025-03-01,62,1707.61,29.31,4,0,monthly,automatic,16.57,1
C01548,2025-03-01,36,513.19,70.56,1,0,annual,manual,55.71,0
C01549,2025-03-01,1,1982.48,56.6,1,0,monthly,automatic,74.98,0
C01550,2025-03-01,21,662.88,84.56,0,0,annual,manual,101.73,0
C01551,2025-03-01,62,1881.15,96.24,0,0,annual,automatic,91.82,0
C01552,2025-03-01,39,2051.85,39.89,2,0,annual,automatic,24.17,0
C01553,2025-03-01,45,487.25,13.39,1,0,monthly,manual,5.95,1
C01554,2025-03-01,33,398.52,76.22,1,0,annual,manual,45.0,0
C01555,2025-03-01,12,2383.02,7.02,2,0,annual,automatic,6.49,1
C01556,2025-03-01,65,1264.01,26.18,2,0,monthly,automatic,24.39,0
C01557,2025-03-01,56,1648.54,10.06,0,0,monthly,automatic,6.96,1
C01558,2025-03-01,72,252.5,90.32,0,0,monthly,manual,110.84,0
C01559,2025-03-01,62,840.03,5.5,2,0,monthly,automatic,5.8,0
C01560,2025-03-01,21,1361.41,51.81,1,0,annual,automatic,2.59,0
C01561,2025-03-01,19,2237.3,45.28,0,0,annual,automatic,43.39,0
C01562,2025-03-01,18,823.31,67.01,1,1,monthly,automatic,79.37,0
C01563,2025-03-01,67,1981.94,32.53,1,0,annual,manual,32.23,0
C01564,2025-03-01,41,1722.09,88.0,0,0,monthly,manual,98.87,0
C01565,2025-03-01,33,464.12,74.76,0,0,annual,manual,61.89,1
C01566,2025-03-01,70,873.76,46.07,1,1,monthly,manual,41.33,0
C01567,2025-03-01,44,746.09,39.01,1,0,monthly,automatic,35.28,0
C01568,2025-03-01,66,1216.81,82.51,1,0,monthly,automatic,81.23,0
C01569,2025-03-01,71,1660.27,76.92,1,0,annual,manual,55.18,0
C01570,2025-03-01,6,1195.87,42.91,0,1,monthly,automatic,55.88,1
C01571,2025-03-01,27,761.43,37.43,2,0,monthly,automatic,53.07,0
C01572,2025-03-01,53,1799.52,8.69,1,0,annual,automatic,6.38,0
C01573,2025-03-01,59,1543.28,12.76,1,0,monthly,manual,6.52,1
C01574,2025-03-01,11,1393.42,10.12,0,0,monthly,automatic,4.55,1
C01575,2025-03-01,23,1474.17,7.32,1,0,monthly,automatic,7.77,0
C01576,2025-03-01,40,709.37,19.52,2,0,annual,manual,21.97,0
C01577,2025-03-01,58,1763.99,86.43,1,0,annual,manual,91.89,0
C01578,2025-03-01,9,1090.25,80.83,1,2,monthly,automatic,88.37,1
C01579,2025-03-01,44,1034.98,85.33,0,0,monthly,automatic,61.53,0
C01580,2025-03-01,22,543.39,64.26,1,0,monthly,automatic,14.36,1
C01581,2025-03-01,16,1571.73,64.29,2,0,monthly,automatic,47.96,1
C01582,2025-03-01,38,1585.13,16.77,1,0,monthly,automatic,25.14,0
C01583,2025-03-01,30,981.69,71.4,2,1,monthly,automatic,72.31,0
C01584,2025-03-01,46,2176.66,31.6,1,0,monthly,manual,33.77,0
C01585,2025-03-01,23,2143.55,54.33,0,0,monthly,automatic,67.19,0
C01586,2025-03-01,60,449.82,95.7,1,0,annual,manual,59.91,1
C01587,2025-03-01,6,1797.59,87.71,0,0,monthly,automatic,87.55,0
C01588,2025-03-01,63,1104.82,27.15,0,1,annual,automatic,29.85,0
C01589,2025-03-01,3,2498.34,74.98,3,0,annual,manual,44.51,1
C01590,2025-03-01,53,716.55,14.89,1,1,monthly,automatic,15.6,0
C01591,2025-03-01,25,844.21,7.54,0,0,annual,automatic,10.36,0
C01592,2025-03-01,28,1215.84,7.68,1,0,annual,manual,5.99,1
C01593,2025-03-01,2,817.04,21.17,2,0,annual,manual,6.71,1
C01594,2025-03-01,51,1790.58,71.02,0,1,monthly,manual,69.63,0
C01595,2025-03-01,12,1305.09,39.51,2,0,monthly,automatic,27.27,0
C01596,2025-03-01,48,707.02,6.51,0,0,annual,manual,6.4,0
C01597,2025-03-01,53,1363.66,98.86,2,0,annual,automatic,61.81,0
C01598,2025-03-01,61,2243.21,55.67,2,0,monthly,automatic,52.4,0
C01599,2025-03-01,51,2021.51,42.42,0,0,monthly,automatic,57.25,0
C01600,2025-03-01,22,,54.29,1,0,monthly,manual,49.42,0
C01601,2025-03-01,54,862.53,54.4,0,1,annual,automatic,18.65,0
C01602,2025-03-01,60,612.74,49.67,0,0,annual,manual,52.23,1
C01603,2025-03-01,23,2219.28,63.23,0,1,monthly,automatic,58.61,1
C01604,2025-03-01,9,1832.38,89.13,2,0,monthly,automatic,88.65,0
C01605,2025-03-01,65,1514.98,33.66,0,0,annual,automatic,42.43,0
C01606,2025-03-01,11,2221.7,51.26,1,0,monthly,manual,37.74,0
C01607,2025-03-01,43,478.89,5.35,1,0,annual,automatic,4.38,0
C01608,2025-03-01,18,1768.73,86.68,2,0,monthly,automatic,48.51,1
C01609,2025-03-01,10,697.44,34.06,0,0,monthly,manual,33.64,0
C01610,2025-03-01,56,476.33,30.77,0,0,monthly,automatic,30.11,0
C01611,2025-03-01,11,1269.9,99.77,2,0,monthly,automatic,82.72,0
C01612,2025-03-01,49,1090.0,60.52,1,0,monthly,manual,71.5,0
C01613,2025-03-01,50,2363.7,16.69,1,0,monthly,manual,9.3,1
C01614,2025-03-01,5,944.15,30.22,1,0,annual,automatic,29.15,1
C01615,2025-03-01,13,2073.28,38.56,0,2,annual,manual,43.59,0
C01616,2025-03-01,58,1921.3,98.68,1,0,annual,automatic,72.06,0
C01617,2025-03-01,37,1735.22,45.91,0,1,monthly,automatic,20.17,0
C01618,2025-03-01,9,2315.92,26.86,0,1,monthly,automatic,8.77,0
C01619,2025-03-01,72,1137.23,59.12,1,1,monthly,manual,,0
C01620,2025-03-01,20,1095.24,43.45,0,0,monthly,automatic,65.74,0
C01621,2025-03-01,1,569.18,10.22,0,0,monthly,manual,7.22,1
C01622,2025-03-01,67,833.25,86.79,0,0,annual,automatic,93.56,0
C01623,2025-03-01,2,2222.49,6.49,0,0,monthly,automatic,0.46,0
C01624,2025-03-01,40,1290.08,90.36,0,0,monthly,automatic,94.94,0
C01625,2025-03-01,72,984.11,80.23,0,0,monthly,automatic,43.25,0
C01626,2025-03-01,42,696.06,12.2,2,0,monthly,automatic,9.54,0
C01627,2025-03-01,43,1314.41,73.74,0,1,annual,automatic,69.88,0
C01628,2025-03-01,28,1847.33,78.24,0,0,monthly,manual,26.5,0
C01629,2025-03-01,10,858.39,62.22,0,1,monthly,manual,124.44,0
C01630,2025-03-01,42,1941.75,59.88,1,0,monthly,manual,42.4,0
C01631,2025-03-01,65,1647.51,9.72,1,1,annual,automatic,11.01,0
C01632,2025-03-01,7,2010.39,10.65,0,0,monthly,manual,15.36,0
C01633,2025-03-01,64,776.09,74.09,2,1,annual,automatic,75.77,0
C01634,2025-03-01,30,1650.36,15.03,1,0,monthly,automatic,7.37,1
C01635,2025-03-01,39,552.59,27.98,1,1,annual,automatic,26.75,0
C01636,2025-03-01,12,1035.73,52.39,1,0,annual,manual,14.5,1
C01637,2025-03-01,45,1865.03,20.6,1,0,monthly,automatic,16.57,1
C01638,2025-03-01,14,1651.84,80.03,2,0,monthly,automatic,120.6,0
C01639,2025-03-01,20,631.08,81.7,1,0,monthly,automatic,34.81,1
C01640,2025-03-01,52,2173.19,85.0,1,1,annual,automatic,53.68,0
C01641,2025-03-01,4,321.71,9.71,1,0,annual,automatic,15.23,0
C01642,2025-03-01,33,1568.0,45.65,2,0,monthly,manual,39.21,1
C01643,2025-03-01,43,2461.79,85.46,1,0,monthly,automatic,51.89,0
C01644,2025-03-01,10,1421.46,39.51,0,1,annual,automatic,41.73,1
C01645,2025-03-01,22,2040.55,71.1,1,0,annual,automatic,53.75,0
C01646,2025-03-01,25,1567.92,60.98,2,1,monthly,automatic,3.05,0
C01647,2025-03-01,48,2000.1,37.98,0,1,annual,automatic,16.86,1
C01648,2025-03-01,71,1706.87,31.26,1,0,monthly,automatic,51.26,0
C01649,2025-03-01,61,1788.6,67.01,2,0,monthly,automatic,69.35,1
C01650,2025-03-01,14,722.97,17.69,1,0,annual,automatic,25.34,0
C01651,2025-03-01,2,1905.19,86.71,3,1,annual,automatic,48.54,1
C01652,2025-03-01,4,746.19,59.76,3,0,monthly,manual,53.83,0
C01653,2025-03-01,43,2454.47,15.59,1,1,monthly,manual,13.42,1
C01654,2025-03-01,12,722.91,71.84,0,1,monthly,automatic,52.33,0
C01655,2025-03-01,17,743.37,45.96,4,0,monthly,automatic,45.67,1
C01656,2025-03-01,62,2173.95,24.39,3,0,annual,manual,12.92,0
C01657,2025-03-01,63,757.87,96.3,2,0,monthly,automatic,129.36,0
C01658,2025-03-01,61,1029.08,73.37,1,0,monthly,manual,79.5,0
C01659,2025-03-01,19,1842.67,61.33,0,1,annual,manual,52.69,0
C01660,2025-03-01,45,564.12,85.64,3,0,monthly,automatic,82.78,0
C01661,2025-03-01,44,564.87,56.67,0,0,monthly,automatic,46.14,1
C01662,2025-03-01,14,1317.62,46.94,4,0,monthly,automatic,14.87,1
C01663,2025-03-01,40,759.5,23.0,1,1,monthly,automatic,13.19,1
C01664,2025-03-01,38,741.01,19.57,2,0,monthly,automatic,16.77,1
C01665,2025-03-01,29,220.25,46.04,2,0,monthly,manual,36.67,0
C01666,2025-03-01,55,1051.03,48.32,0,0,annual,manual,55.41,0
C01667,2025-03-01,49,930.98,74.66,3,1,annual,manual,83.33,0
C01668,2025-03-01,39,270.66,47.0,1,0,monthly,automatic,34.03,1
C01669,2025-03-01,53,1627.84,61.35,0,0,monthly,manual,35.89,0
C01670,2025-03-01,55,1640.31,84.09,0,1,monthly,manual,99.58,0
C01671,2025-03-01,41,361.84,99.37,1,0,monthly,automatic,98.0,0
C01672,2025-03-01,20,928.2,35.64,0,0,monthly,manual,25.04,1
C01673,2025-03-01,55,2206.45,90.69,0,0,monthly,manual,47.19,1
C01674,2025-03-01,52,1537.98,81.57,1,0,monthly,automatic,55.75,0
C01675,2025-03-01,71,1146.54,11.46,0,0,annual,manual,12.12,0
C01676,2025-03-01,11,1268.73,36.75,2,0,monthly,manual,55.51,0
C01677,2025-03-01,31,678.04,25.81,1,0,monthly,manual,21.83,0
C01678,2025-03-01,67,2066.33,68.12,2,0,annual,automatic,42.81,0
C01679,2025-03-01,38,2301.21,57.75,0,0,annual,automatic,96.73,0
C01680,2025-03-01,68,2293.53,52.01,0,0,monthly,manual,41.08,1
C01681,2025-03-01,1,714.05,77.54,0,0,annual,automatic,49.79,1
C01682,2025-03-01,3,913.7,36.66,2,0,annual,automatic,28.5,0
C01683,2025-03-01,58,568.43,41.36,2,0,monthly,automatic,31.43,0
C01684,2025-03-01,26,905.56,87.24,0,1,monthly,automatic,119.06,0
C01685,2025-03-01,38,964.45,97.36,1,0,annual,automatic,32.54,0
C01686,2025-03-01,31,1655.14,78.75,0,1,monthly,automatic,88.84,1
C01687,2025-03-01,30,635.19,25.62,1,0,annual,manual,23.47,0
C01688,2025-03-01,68,2313.61,15.7,1,0,annual,automatic,11.38,0
C01689,2025-03-01,7,436.13,24.87,1,0,monthly,manual,19.96,0
C01690,2025-03-01,56,214.82,45.16,1,0,monthly,manual,37.58,0
C01691,2025-03-01,65,2165.37,27.49,1,1,annual,automatic,26.14,0
C01692,2025-03-01,48,1817.67,90.6,3,0,monthly,automatic,69.04,0
C01693,2025-03-01,29,1016.33,68.72,2,0,monthly,automatic,61.65,1
C01694,2025-03-01,12,1568.65,44.59,3,0,annual,manual,28.89,1
C01695,2025-03-01,50,713.15,31.01,0,0,monthly,manual,52.21,0
C01696,2025-03-01,34,586.3,41.16,0,0,monthly,manual,52.41,0
C01697,2025-03-01,11,1282.64,50.22,2,0,monthly,manual,54.79,1
C01698,2025-03-01,26,1011.33,72.81,0,1,annual,automatic,55.68,0
C01699,2025-03-01,70,1614.03,13.49,0,0,annual,manual,16.29,0
C01700,2025-03-01,20,700.74,85.64,2,0,monthly,manual,87.76,1
C01701,2025-03-01,13,1723.73,17.12,0,0,monthly,automatic,16.46,0
C01702,2025-03-01,50,1962.78,29.93,0,0,monthly,manual,21.95,1
C01703,2025-03-01,15,582.26,99.39,0,0,monthly,automatic,100.99,0
C01704,2025-03-01,67,299.87,23.07,2,0,monthly,automatic,34.82,0
C01705,2025-03-01,62,1210.05,14.61,0,1,monthly,automatic,13.85,0
C01706,2025-03-01,71,1979.26,65.65,3,0,monthly,manual,54.34,0
C01707,2025-03-01,66,1695.79,42.35,3,0,annual,manual,40.43,0
C01708,2025-03-01,18,1813.33,13.72,0,0,annual,automatic,12.83,0
C01709,2025-03-01,16,1125.53,5.36,0,0,annual,automatic,3.9,0
C01710,2025-03-01,25,739.37,12.52,2,0,monthly,automatic,8.27,0
C01711,2025-03-01,34,1422.09,54.66,2,0,monthly,automatic,65.46,1
C01712,2025-03-01,64,669.04,26.93,2,1,monthly,manual,36.14,0
C01713,2025-03-01,53,1869.33,78.87,1,0,monthly,manual,135.11,0
C01714,2025-03-01,47,652.02,86.46,4,1,annual,automatic,93.41,0
C01715,2025-03-01,64,868.91,18.76,0,1,annual,automatic,18.03,0
C01716,2025-03-01,47,1364.05,37.02,1,0,annual,automatic,45.74,0
C01717,2025-03-01,28,1318.43,18.92,1,1,monthly,manual,11.39,1
C01718,2025-03-01,30,1580.95,32.24,0,0,monthly,automatic,36.91,0
C01719,2025-03-01,38,1205.12,27.72,1,0,monthly,automatic,35.58,0
C01720,2025-03-01,7,2313.79,79.75,1,0,monthly,automatic,101.96,0
C01721,2025-03-01,54,2130.85,37.82,1,0,monthly,automatic,56.86,0
C01722,2025-03-01,47,2220.96,52.08,2,0,annual,manual,37.01,0
C01723,2025-03-01,53,1646.89,69.02,1,1,annual,automatic,51.6,0
C01724,2025-03-01,39,1659.52,83.11,1,0,monthly,manual,70.2,0
C01725,2025-03-01,57,1600.16,33.61,3,0,annual,automatic,17.8,0
C01726,2025-03-01,69,1199.23,24.88,1,0,annual,automatic,27.58,0
C01727,2025-03-01,42,939.84,97.95,2,1,monthly,manual,113.26,0
C01728,2025-03-01,32,1560.61,35.41,0,0,monthly,automatic,39.54,0
C01729,2025-03-01,8,257.72,68.75,1,0,monthly,automatic,66.84,0
C01730,2025-03-01,57,216.15,69.39,2,0,monthly,automatic,88.27,0
C01731,2025-03-01,66,2157.78,53.83,0,1,monthly,manual,60.36,0
C01732,2025-03-01,51,305.78,26.7,2,0,annual,automatic,18.93,0
C01733,2025-03-01,63,1406.03,18.44,1,0,monthly,automatic,0.92,1
C01734,2025-03-01,63,1613.47,51.27,0,0,monthly,automatic,41.23,0
C01735,2025-03-01,58,654.79,53.54,1,0,annual,automatic,49.99,0
C01736,2025-03-01,37,,78.47,3,0,monthly,manual,73.49,1
C01737,2025-03-01,8,636.22,72.43,0,1,monthly,manual,62.09,1
C01738,2025-03-01,1,2233.38,91.64,0,0,annual,automatic,67.09,0
C01739,2025-03-01,15,1953.88,97.23,1,0,monthly,manual,60.63,0
C01740,2025-03-01,32,752.71,74.15,0,1,annual,automatic,41.41,0
C01741,2025-03-01,54,545.71,12.27,0,0,monthly,automatic,13.16,0
C01742,2025-03-01,33,926.34,43.49,1,0,monthly,automatic,56.58,0
C01743,2025-03-01,2,1114.29,62.84,0,0,annual,manual,30.29,0
C01744,2025-03-01,16,764.3,61.07,2,0,monthly,automatic,54.87,0
C01745,2025-03-01,71,2496.45,22.24,1,0,monthly,automatic,26.6,0
C01746,2025-03-01,72,727.2,60.38,1,0,monthly,manual,51.56,1
C01747,2025-03-01,28,2109.46,38.22,0,0,monthly,manual,44.74,0
C01748,2025-03-01,58,564.97,37.2,0,1,annual,manual,48.26,0
C01749,2025-03-01,52,2453.56,84.23,1,0,monthly,automatic,89.12,1
C01750,2025-03-01,68,717.7,45.08,1,0,monthly,automatic,33.65,0
C01751,2025-03-01,64,1168.88,55.1,0,0,annual,automatic,76.05,0
C01752,2025-03-01,46,1483.7,58.47,2,1,monthly,automatic,48.32,0
C01753,2025-03-01,29,475.66,58.48,0,0,monthly,automatic,48.33,1
C01754,2025-03-01,46,2077.69,25.25,1,0,monthly,manual,27.78,1
C01755,2025-03-01,23,830.78,61.95,2,1,annual,automatic,50.46,0
C01756,2025-03-01,26,1462.32,36.79,1,0,monthly,automatic,30.96,1
C01757,2025-03-01,44,1463.16,67.23,5,1,monthly,automatic,53.06,1
C01758,2025-03-01,42,1585.07,18.84,0,0,monthly,automatic,16.14,0
C01759,2025-03-01,42,326.62,99.44,0,1,monthly,manual,98.34,0
C01760,2025-03-01,28,586.82,78.34,1,0,annual,automatic,17.98,1
C01761,2025-03-01,30,569.74,44.64,1,1,annual,manual,39.54,0
C01762,2025-03-01,1,893.72,33.63,1,0,monthly,automatic,10.17,1
C01763,2025-03-01,44,532.3,41.84,0,0,annual,automatic,32.54,0
C01764,2025-03-01,42,2319.42,73.51,1,0,monthly,automatic,76.33,0
C01765,2025-03-01,68,1378.8,67.26,0,0,monthly,automatic,54.17,0
C01766,2025-03-01,37,1633.22,71.7,0,0,monthly,manual,,0
C01767,2025-03-01,34,1021.22,89.45,1,0,monthly,manual,93.18,1
C01768,2025-03-01,5,834.37,48.35,1,0,monthly,automatic,8.0,1
C01769,2025-03-01,15,1356.31,68.6,0,0,monthly,manual,91.87,0
C01770,2025-03-01,25,875.94,46.94,2,0,monthly,manual,47.29,1
C01771,2025-03-01,28,989.39,65.62,0,0,annual,automatic,47.3,0
C01772,2025-03-01,27,1240.33,50.11,3,0,monthly,manual,37.86,1
C01773,2025-03-01,29,1362.19,78.78,1,0,monthly,manual,15.0,1
C01774,2025-03-01,56,2462.92,5.5,2,0,monthly,manual,5.48,0
C01775,2025-03-01,10,712.64,25.49,0,0,monthly,automatic,29.26,0
C01776,2025-03-01,24,1321.35,33.16,0,0,monthly,automatic,22.62,1
C01777,2025-03-01,12,542.88,94.81,0,0,monthly,manual,57.2,0
C01778,2025-03-01,23,1004.0,53.17,1,0,monthly,manual,51.53,0
C01779,2025-03-01,50,1848.81,39.61,0,0,monthly,manual,53.0,0
C01780,2025-03-01,4,600.26,43.41,0,0,monthly,manual,56.51,0
C01781,2025-03-01,25,1536.11,47.92,0,0,monthly,manual,57.99,0
C01782,2025-03-01,2,1157.41,87.44,1,0,annual,automatic,142.27,0
C01783,2025-03-01,69,317.63,96.42,2,0,monthly,automatic,119.9,0
C01784,2025-03-01,53,2345.07,85.2,1,0,monthly,automatic,112.88,0
C01785,2025-03-01,18,1150.29,84.96,1,0,monthly,automatic,80.75,1
C01786,2025-03-01,15,2002.03,23.91,1,0,monthly,automatic,19.1,1
C01787,2025-03-01,8,1156.52,30.52,0,0,monthly,automatic,40.2,0
C01788,2025-03-01,35,2354.93,61.62,1,1,monthly,automatic,35.53,1
C01789,2025-03-01,55,867.08,67.33,1,0,monthly,manual,71.93,0
C01790,2025-03-01,43,1147.13,24.26,0,0,annual,automatic,17.16,0
C01791,2025-03-01,64,1944.39,75.9,1,1,monthly,automatic,78.84,0
C01792,2025-03-01,25,989.43,24.0,1,0,monthly,automatic,24.33,0
C01793,2025-03-01,21,1037.02,29.99,4,0,monthly,automatic,29.3,0
C01794,2025-03-01,35,2487.09,34.15,1,0,annual,manual,31.21,0
C01795,2025-03-01,15,1476.91,85.37,0,0,annual,automatic,94.45,0
C01796,2025-03-01,71,1784.58,74.55,0,0,monthly,automatic,86.66,0
C01797,2025-03-01,14,1678.96,55.42,2,0,monthly,automatic,23.85,1
C01798,2025-03-01,35,2103.23,82.88,1,0,annual,automatic,74.93,0
C01799,2025-03-01,38,2181.2,82.23,0,1,monthly,manual,,1
C01800,2025-03-01,5,1494.49,42.03,0,0,monthly,manual,41.52,1
C01801,2025-03-01,34,876.48,79.24,1,0,monthly,automatic,61.36,1
C01802,2025-03-01,33,251.44,24.59,0,0,annual,automatic,33.6,0
C01803,2025-03-01,19,1612.13,52.81,0,0,monthly,manual,47.32,1
C01804,2025-03-01,10,2097.58,16.23,2,1,annual,manual,20.54,0
C01805,2025-03-01,4,1235.24,45.55,2,0,monthly,automatic,26.73,1
C01806,2025-03-01,1,577.82,54.43,0,0,monthly,manual,44.73,1
C01807,2025-03-01,35,861.59,12.59,2,0,monthly,manual,8.87,1
C01808,2025-03-01,7,1371.97,48.95,4,0,monthly,automatic,51.78,1
C01809,2025-03-01,70,2123.37,66.91,1,1,annual,manual,33.81,1
C01810,2025-03-01,18,594.03,63.34,1,0,monthly,manual,20.39,1
C01811,2025-03-01,47,1606.94,10.16,0,0,monthly,automatic,7.12,0
C01812,2025-03-01,49,1931.75,14.06,1,0,annual,manual,15.7,0
C01813,2025-03-01,36,2351.91,38.38,2,1,monthly,manual,24.43,1
C01814,2025-03-01,64,467.42,85.06,0,0,monthly,manual,86.16,0
C01815,2025-03-01,8,2329.7,87.63,1,0,monthly,automatic,60.77,0
C01816,2025-03-01,17,1582.38,34.41,3,1,annual,manual,10.55,1
C01817,2025-03-01,19,1962.41,73.29,2,0,monthly,manual,89.28,1
C01818,2025-03-01,10,322.68,59.85,1,0,monthly,automatic,68.66,0
C01819,2025-03-01,22,1363.14,98.43,1,1,monthly,automatic,89.18,1
C01820,2025-03-01,23,1631.05,13.99,3,0,monthly,automatic,13.08,0
C01821,2025-03-01,56,904.72,57.05,1,0,monthly,automatic,48.34,0
C01822,2025-03-01,22,1191.8,61.29,1,0,monthly,manual,34.24,1
C01823,2025-03-01,64,1473.89,34.23,1,1,monthly,manual,47.14,0
C01824,2025-03-01,56,1469.86,9.46,2,0,monthly,automatic,8.37,0
C01825,2025-03-01,65,295.28,9.95,2,0,monthly,manual,10.41,1
C01826,2025-03-01,8,1209.81,48.09,0,0,annual,automatic,35.85,0
C01827,2025-03-01,71,690.78,70.79,2,0,monthly,automatic,76.1,1
C01828,2025-03-01,45,2307.4,71.52,0,0,monthly,manual,94.46,0
C01829,2025-03-01,71,2445.13,22.19,5,1,monthly,automatic,21.71,0
C01830,2025-03-01,26,888.19,86.51,0,0,monthly,automatic,90.51,0
C01831,2025-03-01,69,601.93,40.83,3,1,monthly,automatic,50.11,0
C01832,2025-03-01,43,703.86,96.61,2,0,monthly,manual,112.8,0
C01833,2025-03-01,6,1297.83,16.23,4,0,annual,manual,20.86,1
C01834,2025-03-01,30,2210.36,84.46,1,0,monthly,manual,87.19,1
C01835,2025-03-01,10,1349.08,91.29,5,0,annual,automatic,94.22,1
C01836,2025-03-01,68,326.4,83.15,1,0,annual,manual,83.46,0
C01837,2025-03-01,22,290.74,81.84,2,0,annual,automatic,100.06,0
C01838,2025-03-01,17,722.0,39.32,0,0,monthly,automatic,30.23,0
C01839,2025-03-01,40,2137.37,72.77,1,0,monthly,automatic,80.46,0
C01840,2025-03-01,31,1628.41,60.04,3,0,annual,automatic,103.52,1
C01841,2025-03-01,7,1493.8,45.33,0,0,monthly,manual,47.4,0
C01842,2025-03-01,59,932.63,99.35,0,1,annual,manual,49.77,1
C01843,2025-03-01,61,2336.68,32.59,2,0,monthly,manual,26.67,1
C01844,2025-03-01,54,960.71,44.25,0,0,annual,manual,50.32,0
C01845,2025-03-01,45,2119.37,90.77,1,0,monthly,manual,62.2,0
C01846,2025-03-01,29,2259.58,32.46,1,0,annual,manual,18.75,1
C01847,2025-03-01,40,1310.67,19.5,1,0,monthly,manual,8.53,1
C01848,2025-03-01,38,2255.87,34.45,0,1,monthly,automatic,29.18,0
C01849,2025-03-01,12,835.65,77.13,0,1,monthly,automatic,114.47,0
C01850,2025-03-01,6,1713.4,86.69,0,0,monthly,automatic,63.64,1
C01851,2025-03-01,19,401.32,15.87,1,0,annual,automatic,19.47,0
C01852,2025-03-01,33,1289.05,64.06,0,0,monthly,manual,52.68,0
C01853,2025-03-01,12,698.86,58.89,2,1,monthly,manual,46.2,1
C01854,2025-03-01,8,343.36,68.54,0,0,monthly,manual,75.46,0
C01855,2025-03-01,62,207.57,68.75,3,0,annual,automatic,26.35,1
C01856,2025-03-01,27,945.93,96.15,1,1,monthly,automatic,144.64,1
C01857,2025-03-01,43,1554.92,37.92,0,0,annual,manual,42.02,0
C01858,2025-03-01,38,1246.03,33.48,2,0,monthly,manual,43.12,0
C01859,2025-03-01,53,893.07,60.22,0,0,annual,automatic,49.97,0
C01860,2025-03-01,54,2478.76,45.79,1,0,annual,manual,50.08,0
C01861,2025-03-01,22,2359.91,50.01,0,0,monthly,manual,62.34,1
C01862,2025-03-01,62,488.0,11.58,0,0,monthly,automatic,10.29,0
C01863,2025-03-01,27,1153.75,19.08,0,0,monthly,automatic,11.72,0
C01864,2025-03-01,61,1691.35,93.86,1,0,monthly,manual,55.37,0
C01865,2025-03-01,30,1886.03,11.49,2,0,monthly,manual,8.87,0
C01866,2025-03-01,8,1041.66,61.06,1,0,annual,manual,61.03,0
C01867,2025-03-01,55,1915.45,76.68,3,0,monthly,manual,66.18,1
C01868,2025-03-01,3,484.55,6.13,2,0,monthly,manual,4.59,0
C01869,2025-03-01,56,962.17,26.16,0,0,monthly,automatic,30.28,0
C01870,2025-03-01,4,1846.8,40.82,0,0,monthly,automatic,30.97,1
C01871,2025-03-01,15,,53.15,0,0,monthly,manual,37.78,1
C01872,2025-03-01,44,2124.58,37.45,0,0,monthly,automatic,46.77,0
C01873,2025-03-01,68,306.77,66.65,2,0,annual,automatic,74.16,0
C01874,2025-03-01,30,600.1,26.51,2,1,annual,manual,13.02,0
C01875,2025-03-01,9,310.54,7.42,3,0,monthly,manual,3.37,1
C01876,2025-03-01,17,640.86,5.15,0,0,annual,automatic,2.74,1
C01877,2025-03-01,65,208.85,37.82,1,0,monthly,automatic,34.39,0
C01878,2025-03-01,53,1358.68,39.36,0,0,monthly,manual,52.45,0
C01879,2025-03-01,8,1414.12,95.12,0,0,monthly,automatic,135.7,0
C01880,2025-03-01,28,1712.15,9.25,1,0,monthly,automatic,10.94,0
C01881,2025-03-01,20,1084.3,55.36,2,0,annual,manual,88.0,0
C01882,2025-03-01,13,206.38,59.89,1,0,annual,manual,59.33,0
C01883,2025-03-01,61,1748.95,71.43,0,0,monthly,automatic,93.44,0
C01884,2025-03-01,45,323.87,65.68,0,1,monthly,manual,47.29,0
C01885,2025-03-01,13,2191.19,5.77,2,0,monthly,automatic,2.17,1
C01886,2025-03-01,47,251.1,65.03,2,0,monthly,automatic,52.8,1
C01887,2025-03-01,30,1419.09,35.63,3,0,monthly,manual,31.22,0
C01888,2025-03-01,5,2257.31,78.42,0,0,monthly,automatic,143.09,0
C01889,2025-03-01,33,1515.73,22.89,1,1,monthly,manual,21.06,1
C01890,2025-03-01,14,1598.36,73.04,0,0,monthly,automatic,41.18,1
C01891,2025-03-01,18,1766.7,64.42,1,0,monthly,automatic,81.02,1
C01892,2025-03-01,64,480.54,66.97,0,0,monthly,automatic,43.81,0
C01893,2025-03-01,52,1751.33,21.72,1,1,monthly,automatic,21.07,0
C01894,2025-03-01,10,2223.82,68.57,1,0,annual,,84.14,1
C01895,2025-03-01,62,2439.71,75.01,1,0,monthly,manual,44.55,1
C01896,2025-03-01,42,1218.02,51.49,4,0,annual,manual,74.72,0
C01897,2025-03-01,63,991.36,37.33,0,0,monthly,automatic,49.07,0
C01898,2025-03-01,54,1931.61,20.82,2,0,annual,automatic,21.73,0
C01899,2025-03-01,25,1447.61,32.55,0,0,monthly,automatic,49.9,0
C01900,2025-03-01,39,790.8,77.56,0,1,annual,manual,60.98,1
C01901,2025-03-01,39,594.96,43.89,0,0,monthly,manual,52.58,0
C01902,2025-03-01,52,590.53,71.76,0,0,monthly,manual,73.02,0
C01903,2025-03-01,18,1255.11,75.31,1,2,monthly,automatic,52.47,0
C01904,2025-03-01,24,590.29,69.05,1,0,monthly,manual,48.84,0
C01905,2025-03-01,18,244.35,68.99,0,0,monthly,automatic,112.51,0
C01906,2025-03-01,22,318.8,63.03,1,0,annual,automatic,81.36,0
C01907,2025-03-01,12,2337.73,54.25,0,1,monthly,automatic,66.8,0
C01908,2025-03-01,3,366.81,23.79,1,0,monthly,automatic,16.68,0
C01909,2025-03-01,68,367.32,85.07,0,0,monthly,automatic,99.34,0
C01910,2025-03-01,6,1236.73,96.61,2,0,annual,automatic,76.44,0
C01911,2025-03-01,64,762.73,49.32,0,0,annual,manual,74.69,0
C01912,2025-03-01,1,2413.2,93.66,0,1,monthly,automatic,125.93,0
C01913,2025-03-01,56,2294.27,99.81,1,0,monthly,automatic,123.94,0
C01914,2025-03-01,24,1129.91,51.19,0,0,annual,automatic,61.75,0
C01915,2025-03-01,38,1231.08,73.81,3,0,annual,automatic,65.64,0
C01916,2025-03-01,21,1061.76,66.16,2,0,annual,automatic,,1
C01917,2025-03-01,36,286.09,27.54,4,1,monthly,automatic,40.19,0
C01918,2025-03-01,33,872.55,9.47,1,0,monthly,automatic,10.26,1
C01919,2025-03-01,39,481.15,48.07,2,0,annual,manual,30.08,0
C01920,2025-03-01,29,434.45,79.78,3,0,monthly,automatic,108.44,0
C01921,2025-03-01,39,1488.98,35.89,1,1,monthly,manual,24.48,0
C01922,2025-03-01,60,426.16,79.52,1,0,monthly,automatic,72.34,0
C01923,2025-03-01,32,435.74,67.21,1,0,monthly,manual,50.69,1
C01924,2025-03-01,27,1304.18,71.08,0,0,annual,automatic,3.55,1
C01925,2025-03-01,10,1216.25,32.15,0,0,monthly,manual,31.55,0
C01926,2025-03-01,26,515.56,49.65,3,1,monthly,automatic,83.44,0
C01927,2025-03-01,10,209.23,22.26,1,0,monthly,manual,22.97,0
C01928,2025-03-01,14,642.84,28.43,0,0,annual,automatic,55.64,0
C01929,2025-03-01,69,741.55,13.54,2,0,annual,manual,11.73,0
C01930,2025-03-01,7,2039.57,17.04,3,0,monthly,automatic,17.0,0
C01931,2025-03-01,35,2304.51,25.0,2,0,monthly,automatic,22.09,0
C01932,2025-03-01,61,1132.67,60.12,1,0,monthly,automatic,56.58,0
C01933,2025-03-01,69,,46.92,3,0,annual,automatic,49.24,0
C01934,2025-03-01,11,1837.71,30.36,1,0,monthly,automatic,43.98,0
C01935,2025-03-01,12,1640.92,86.81,0,0,monthly,automatic,54.38,1
C01936,2025-03-01,27,622.52,54.89,3,0,monthly,automatic,50.67,1
C01937,2025-03-01,40,446.68,92.7,2,1,annual,manual,105.26,1
C01938,2025-03-01,70,1205.51,65.32,1,0,annual,automatic,89.36,0
C01939,2025-03-01,15,1498.11,6.5,2,0,monthly,manual,1.07,1
C01940,2025-03-01,12,518.03,91.78,1,1,monthly,manual,39.52,1
C01941,2025-03-01,19,873.53,86.46,1,1,monthly,automatic,80.77,0
C01942,2025-03-01,63,902.67,65.35,0,1,annual,manual,85.72,0
C01943,2025-03-01,3,799.99,55.8,1,1,monthly,automatic,41.95,1
C01944,2025-03-01,28,1258.75,48.03,2,0,annual,automatic,55.43,0
C01945,2025-03-01,9,1701.05,50.81,0,0,monthly,manual,81.92,0
C01946,2025-03-01,12,1370.6,78.08,0,1,monthly,manual,72.12,1
C01947,2025-03-01,67,662.35,53.75,4,0,monthly,automatic,45.16,0
C01948,2025-03-01,1,435.76,21.72,2,0,monthly,automatic,23.57,1
C01949,2025-03-01,24,2089.3,10.53,1,0,monthly,automatic,10.35,0
C01950,2025-03-01,66,1301.4,16.99,2,0,monthly,automatic,17.15,0
C01951,2025-03-01,44,341.92,28.89,1,0,monthly,manual,24.75,1
C01952,2025-03-01,6,792.68,39.93,2,0,annual,manual,33.14,1
C01953,2025-03-01,34,2048.28,89.78,4,0,monthly,automatic,51.04,0
C01954,2025-03-01,70,1927.97,27.71,1,0,monthly,automatic,31.44,0
C01955,2025-03-01,29,2213.38,35.36,1,0,monthly,automatic,19.66,0
C01956,2025-03-01,39,1583.8,26.19,0,0,monthly,manual,16.6,0
C01957,2025-03-01,39,1171.68,56.85,1,1,monthly,automatic,28.47,1
C01958,2025-03-01,48,1180.26,63.62,2,0,monthly,manual,51.27,0
C01959,2025-03-01,14,645.2,55.55,1,0,monthly,manual,51.61,0
C01960,2025-03-01,61,1695.84,95.43,0,0,annual,automatic,51.06,0
C01961,2025-03-01,72,1544.66,99.56,1,0,monthly,automatic,82.31,0
C01962,2025-03-01,11,555.19,84.55,1,0,monthly,manual,82.57,0
C01963,2025-03-01,59,2236.02,81.5,3,0,monthly,manual,30.22,1
C01964,2025-03-01,59,1046.48,39.78,0,1,monthly,automatic,26.02,1
C01965,2025-03-01,54,313.4,60.08,1,0,monthly,automatic,93.22,0
C01966,2025-03-01,27,953.13,38.39,0,0,annual,automatic,25.8,0
C01967,2025-03-01,34,2199.67,79.51,3,0,annual,automatic,92.86,0
C01968,2025-03-01,61,2308.0,21.32,2,1,monthly,manual,15.83,1
C01969,2025-03-01,12,1326.92,25.58,0,1,monthly,automatic,25.33,0
C01970,2025-03-01,60,2398.58,8.68,0,0,annual,manual,5.56,0
C01971,2025-03-01,67,2212.06,62.85,1,2,annual,automatic,15.99,0
C01972,2025-03-01,50,2097.03,70.41,1,0,monthly,manual,53.91,0
C01973,2025-03-01,25,2176.33,5.32,0,0,monthly,manual,5.72,0
C01974,2025-03-01,41,1077.31,53.52,4,0,monthly,automatic,61.94,0
C01975,2025-03-01,4,1938.88,40.8,1,1,annual,manual,39.58,1
C01976,2025-03-01,68,1526.88,80.28,2,0,monthly,manual,52.01,1
C01977,2025-03-01,25,1854.27,8.69,0,0,monthly,manual,10.79,0
C01978,2025-03-01,5,607.91,9.61,2,0,monthly,automatic,6.41,1
C01979,2025-03-01,58,1881.21,63.92,0,0,monthly,manual,44.02,1
C01980,2025-03-01,48,2401.46,61.21,1,1,monthly,automatic,35.31,1
C01981,2025-03-01,45,895.13,83.95,1,0,monthly,automatic,64.8,0
C01982,2025-03-01,4,2467.17,61.27,1,0,monthly,manual,50.03,1
C01983,2025-03-01,55,1069.26,95.19,1,0,monthly,manual,97.35,0
C01984,2025-03-01,46,658.36,34.87,0,0,annual,automatic,15.57,0
C01985,2025-03-01,58,457.26,42.8,1,0,annual,automatic,32.48,0
C01986,2025-03-01,60,2004.41,97.88,1,0,monthly,manual,62.62,0
C01987,2025-03-01,16,1475.1,15.21,1,0,monthly,automatic,16.27,1
C01988,2025-03-01,16,905.4,80.61,1,0,annual,automatic,82.7,0
C01989,2025-03-01,67,1598.44,6.1,1,0,annual,automatic,3.41,1
C01990,2025-03-01,39,962.83,51.22,1,1,annual,automatic,55.95,0
C01991,2025-03-01,32,1230.22,19.57,1,0,monthly,automatic,17.65,0
C01992,2025-03-01,21,2183.13,61.89,1,0,monthly,manual,74.12,1
C01993,2025-03-01,47,,80.83,2,1,annual,automatic,56.08,0
C01994,2025-03-01,55,1952.52,8.14,4,0,monthly,manual,9.17,1
C01995,2025-03-01,1,1541.04,20.56,0,0,monthly,,25.14,0
C01996,2025-03-01,40,2479.22,37.55,1,0,annual,manual,35.45,1
C01997,2025-03-01,72,754.24,29.3,2,0,monthly,automatic,48.47,0
C01998,2025-03-01,21,,41.41,0,0,monthly,manual,45.22,0
C01999,2025-03-01,21,411.89,95.43,2,1,annual,manual,146.67,0
C02000,2025-03-01,64,1473.24,14.61,0,0,monthly,manual,,0
C02001,2025-03-01,5,1609.73,45.21,0,0,monthly,automatic,15.12,1
C02002,2025-03-01,29,1868.71,48.42,1,1,monthly,manual,64.06,0
C02003,2025-03-01,33,970.53,31.63,1,0,monthly,automatic,34.82,0
C02004,2025-03-01,58,227.19,31.46,1,0,monthly,automatic,31.62,0
C02005,2025-03-01,10,1653.13,72.9,0,0,monthly,manual,50.21,1
C02006,2025-03-01,32,,63.7,1,0,monthly,automatic,38.73,1
C02007,2025-03-01,11,876.46,82.22,0,0,monthly,automatic,45.34,0
C02008,2025-03-01,57,622.05,43.48,1,0,monthly,manual,73.84,0
C02009,2025-03-01,46,847.06,62.64,0,0,annual,automatic,68.31,0
C02010,2025-03-01,36,1177.46,89.89,1,1,monthly,manual,39.94,1
C02011,2025-03-01,29,776.1,85.88,2,1,annual,automatic,47.37,1
C02012,2025-03-01,12,997.01,92.4,2,0,monthly,automatic,19.52,1
C02013,2025-03-01,67,1666.88,30.55,2,0,monthly,automatic,40.84,0
C02014,2025-03-01,47,992.56,98.62,1,0,monthly,automatic,92.29,0
C02015,2025-03-01,23,1109.94,82.56,2,0,annual,manual,90.67,0
C02016,2025-03-01,30,291.07,80.51,1,0,monthly,manual,,0
C02017,2025-03-01,53,2310.27,68.42,0,0,monthly,automatic,85.64,0
C02018,2025-03-01,52,1134.84,98.41,3,0,monthly,manual,76.87,1
C02019,2025-03-01,34,953.73,46.95,0,0,monthly,automatic,48.05,0
C02020,2025-03-01,22,397.91,75.45,0,0,monthly,manual,76.65,1
C02021,2025-03-01,48,1657.62,71.39,0,1,monthly,automatic,36.69,1
C02022,2025-03-01,48,2185.8,74.55,3,0,monthly,automatic,49.72,1
C02023,2025-03-01,44,293.65,76.39,0,0,annual,automatic,62.18,0
C02024,2025-03-01,6,533.13,23.12,2,0,annual,automatic,23.87,0
C02025,2025-03-01,35,535.7,38.16,1,0,annual,automatic,53.65,0
C02026,2025-03-01,45,1584.23,42.26,0,0,monthly,automatic,40.59,0
C02027,2025-03-01,69,2317.83,76.06,3,0,monthly,manual,67.64,1
C02028,2025-03-01,38,1205.87,73.04,1,0,monthly,automatic,75.12,0
C02029,2025-03-01,25,989.75,84.17,1,0,annual,automatic,72.81,0
C02030,2025-03-01,41,1960.43,79.91,1,0,annual,automatic,72.88,0
C02031,2025-03-01,13,1906.91,61.62,0,0,monthly,automatic,89.38,0
C02032,2025-03-01,7,766.54,18.3,0,0,monthly,automatic,15.41,0
C02033,2025-03-01,49,568.9,65.37,3,0,monthly,manual,66.13,1
C02034,2025-03-01,72,1021.96,89.27,2,0,monthly,automatic,61.98,0
C02035,2025-03-01,61,1982.89,66.1,2,0,monthly,manual,89.98,0
C02036,2025-03-01,43,1797.65,90.08,0,0,monthly,automatic,54.14,1
C02037,2025-03-01,3,1730.46,99.91,0,0,monthly,manual,89.4,1
C02038,2025-03-01,72,2106.69,39.12,1,1,monthly,automatic,49.44,1
C02039,2025-03-01,33,836.4,73.71,1,1,monthly,automatic,45.47,1
C02040,2025-03-01,21,980.27,56.3,2,0,annual,manual,68.9,0
C02041,2025-03-01,65,296.38,48.22,0,0,annual,automatic,9.78,0
C02042,2025-03-01,54,2197.12,27.79,1,0,annual,automatic,14.95,0
C02043,2025-03-01,54,1538.59,28.36,0,0,annual,manual,25.16,0
C02044,2025-03-01,20,884.68,22.57,1,0,monthly,automatic,39.8,0
C02045,2025-03-01,72,358.66,64.99,4,0,monthly,automatic,63.1,0
C02046,2025-03-01,33,1862.84,18.5,1,1,monthly,manual,18.1,1
C02047,2025-03-01,39,1921.1,45.98,0,0,monthly,manual,60.77,0
C02048,2025-03-01,55,1731.21,54.72,1,0,annual,manual,29.54,1
C02049,2025-03-01,48,667.7,46.63,1,0,monthly,manual,2.33,1
C02050,2025-03-01,13,2299.4,86.22,2,1,annual,manual,131.64,0
C02051,2025-03-01,22,1931.26,47.1,0,1,monthly,automatic,53.3,0
C02052,2025-03-01,27,1711.84,12.87,2,0,monthly,automatic,9.83,0
C02053,2025-03-01,69,1696.17,99.26,1,0,annual,manual,93.31,0
C02054,2025-03-01,52,2279.02,85.27,0,0,annual,manual,109.85,0
C02055,2025-03-01,27,2334.11,67.7,1,0,monthly,manual,59.22,0
C02056,2025-03-01,53,1568.97,76.85,1,0,monthly,manual,74.6,1
C02057,2025-03-01,54,1157.34,17.18,1,0,monthly,automatic,28.04,1
C02058,2025-03-01,29,1035.59,77.76,0,0,monthly,automatic,37.69,0
C02059,2025-03-01,30,2082.88,24.74,2,0,annual,automatic,27.24,0
C02060,2025-03-01,65,1681.59,51.45,1,1,monthly,manual,25.33,1
C02061,2025-03-01,41,376.71,21.91,4,0,annual,automatic,32.14,0
C02062,2025-03-01,11,526.03,76.61,2,0,monthly,automatic,78.34,0
C02063,2025-03-01,52,2269.43,28.36,1,0,annual,automatic,19.27,0
C02064,2025-03-01,43,2233.35,29.05,3,1,monthly,automatic,11.47,1
C02065,2025-03-01,37,2388.21,15.38,1,0,annual,automatic,12.26,1
C02066,2025-03-01,53,1183.06,73.46,1,0,monthly,automatic,,0
C02067,2025-03-01,66,2002.34,33.11,1,0,annual,automatic,43.89,0
C02068,2025-03-01,24,2103.92,54.24,1,0,annual,automatic,29.14,0
C02069,2025-03-01,31,925.1,36.56,0,1,monthly,automatic,23.08,0
C02070,2025-03-01,14,533.28,78.6,1,0,monthly,automatic,58.64,0
C02071,2025-03-01,47,2492.16,26.52,0,0,annual,automatic,17.2,1
C02072,2025-03-01,29,268.5,94.38,1,0,annual,manual,69.83,0
C02073,2025-03-01,25,1572.87,35.53,1,0,annual,automatic,20.93,0
C02074,2025-03-01,51,1694.49,14.87,3,0,monthly,automatic,15.85,0
C02075,2025-03-01,30,1767.12,27.83,2,0,monthly,manual,20.9,1
C02076,2025-03-01,34,786.94,12.02,2,1,monthly,automatic,11.1,0
C02077,2025-03-01,32,1858.63,49.53,1,0,annual,automatic,50.84,1
C02078,2025-03-01,19,696.72,28.77,2,0,monthly,manual,12.58,1
C02079,2025-03-01,10,2105.79,89.17,0,1,monthly,automatic,100.56,0
C02080,2025-03-01,60,702.97,54.13,0,0,annual,manual,53.77,0
C02081,2025-03-01,7,1801.42,27.17,1,1,monthly,automatic,27.0,1
C02082,2025-03-01,24,2000.85,47.87,0,0,monthly,manual,41.81,1
C02083,2025-03-01,49,633.58,23.62,2,0,annual,manual,19.5,0
C02084,2025-03-01,10,746.37,21.98,1,1,monthly,manual,20.64,0
C02085,2025-03-01,48,1990.94,33.56,2,0,monthly,automatic,32.0,0
C02086,2025-03-01,53,396.8,15.29,2,0,annual,automatic,7.75,0
C02087,2025-03-01,48,637.75,22.92,0,0,annual,automatic,33.72,0
C02088,2025-03-01,22,1246.72,94.11,0,0,monthly,automatic,63.66,0
C02089,2025-03-01,2,2338.42,68.35,1,0,monthly,manual,64.48,0
C02090,2025-03-01,64,1491.32,92.5,1,0,monthly,automatic,122.82,0
C02091,2025-03-01,24,1090.66,29.4,2,2,monthly,automatic,23.53,1
C02092,2025-03-01,58,2449.25,86.42,0,0,monthly,manual,86.67,0
C02093,2025-03-01,15,1265.54,39.42,1,0,monthly,automatic,6.03,1
C02094,2025-03-01,12,1196.59,18.7,0,0,monthly,manual,4.23,1
C02095,2025-03-01,57,1145.78,81.45,4,0,monthly,automatic,74.2,0
C02096,2025-03-01,68,917.01,10.67,1,0,annual,manual,10.52,0
C02097,2025-03-01,62,948.1,43.46,2,0,monthly,automatic,56.81,1
C02098,2025-03-01,55,1781.03,82.83,2,0,monthly,manual,99.43,0
C02099,2025-03-01,18,292.92,63.63,1,0,annual,automatic,23.08,0
C02100,2025-03-01,66,1767.18,54.22,0,1,monthly,manual,73.95,0
C02101,2025-03-01,49,661.77,38.6,2,1,annual,automatic,19.43,1
C02102,2025-03-01,13,1082.68,12.13,3,0,annual,automatic,14.82,0
C02103,2025-03-01,10,536.04,99.14,0,0,annual,manual,75.53,0
C02104,2025-03-01,63,1470.33,21.6,1,0,annual,manual,40.4,0
C02105,2025-03-01,20,1876.51,29.25,1,0,annual,automatic,20.87,0
C02106,2025-03-01,56,1014.71,27.41,0,0,monthly,manual,24.51,1
C02107,2025-03-01,10,574.86,91.25,3,0,monthly,automatic,,1
C02108,2025-03-01,21,719.96,77.55,3,0,monthly,manual,64.76,0
C02109,2025-03-01,21,2080.66,48.45,0,0,annual,manual,27.66,1
C02110,2025-03-01,21,814.59,95.77,2,0,monthly,manual,161.99,0
C02111,2025-03-01,49,1980.82,10.01,0,1,monthly,automatic,7.07,0
C02112,2025-03-01,66,960.76,89.9,4,0,monthly,automatic,62.37,1
C02113,2025-03-01,66,633.08,10.74,2,0,monthly,automatic,9.47,0
C02114,2025-03-01,54,1871.81,42.16,2,0,monthly,automatic,41.64,0
C02115,2025-03-01,15,1276.65,10.13,0,0,monthly,manual,6.89,1
C02116,2025-03-01,70,270.94,99.9,2,2,annual,manual,125.25,0
C02117,2025-03-01,40,2406.87,91.87,1,0,monthly,manual,89.43,0
C02118,2025-03-01,40,538.83,60.56,0,0,annual,automatic,56.14,0
C02119,2025-03-01,51,1011.84,25.7,0,0,annual,manual,28.66,0
C02120,2025-03-01,56,1084.03,31.29,1,0,monthly,automatic,19.49,0
C02121,2025-03-01,69,1324.69,47.71,2,0,monthly,automatic,34.12,0
C02122,2025-03-01,42,2005.52,35.66,3,2,annual,automatic,32.53,1
C02123,2025-03-01,44,213.01,7.02,0,0,annual,automatic,8.74,0
C02124,2025-03-01,54,2343.69,67.34,1,0,monthly,automatic,56.2,0
C02125,2025-03-01,19,1684.78,63.28,2,0,monthly,manual,51.19,1
C02126,2025-03-01,23,2385.49,90.91,0,1,monthly,automatic,16.55,1
C02127,2025-03-01,46,2079.0,50.3,0,0,monthly,automatic,34.07,1
C02128,2025-03-01,5,2333.03,37.75,1,0,monthly,,12.92,1
C02129,2025-03-01,24,1581.3,53.59,2,0,monthly,automatic,23.02,1
C02130,2025-03-01,52,1020.81,23.5,1,0,monthly,automatic,24.63,0
C02131,2025-03-01,71,1217.7,64.43,0,0,monthly,manual,128.86,0
C02132,2025-03-01,38,1712.47,78.15,0,0,monthly,automatic,77.21,0
C02133,2025-03-01,29,1180.94,19.58,0,1,annual,automatic,20.29,0
C02134,2025-03-01,32,1881.85,35.25,0,0,annual,automatic,23.05,0
C02135,2025-03-01,50,410.25,87.44,1,0,monthly,automatic,48.36,0
C02136,2025-03-01,40,2107.97,53.03,0,0,annual,automatic,86.95,0
C02137,2025-03-01,2,668.63,55.52,0,0,annual,automatic,35.43,1
C02138,2025-03-01,39,2370.08,73.63,0,0,monthly,manual,16.2,0
C02139,2025-03-01,29,556.76,59.9,0,1,monthly,manual,60.26,0
C02140,2025-03-01,51,496.08,11.61,0,0,monthly,automatic,8.93,0
C02141,2025-03-01,64,2066.32,81.38,0,0,annual,automatic,91.84,0
C02142,2025-03-01,70,2082.01,92.67,1,0,annual,automatic,136.1,0
C02143,2025-03-01,44,1898.15,10.06,0,0,monthly,manual,10.55,1
C02144,2025-03-01,27,2408.22,16.52,1,0,monthly,automatic,16.51,1
C02145,2025-03-01,32,821.24,71.69,1,0,annual,automatic,82.51,1
C02146,2025-03-01,13,2100.29,62.43,3,0,annual,manual,116.53,0
C02147,2025-03-01,68,1008.69,41.34,1,0,monthly,automatic,71.0,0
C02148,2025-03-01,62,1435.02,56.23,1,0,monthly,manual,45.51,1
C02149,2025-03-01,62,1223.88,71.82,1,0,annual,automatic,89.95,0
C02150,2025-03-01,24,212.46,52.93,1,0,monthly,automatic,81.78,0
C02151,2025-03-01,24,1520.26,18.32,0,0,annual,automatic,21.3,0
C02152,2025-03-01,62,1918.26,13.5,2,1,annual,manual,12.11,0
C02153,2025-03-01,40,600.47,46.69,0,0,monthly,automatic,34.82,0
C02154,2025-03-01,51,2341.81,92.67,2,0,monthly,automatic,88.46,0
C02155,2025-03-01,36,1418.92,57.99,1,0,annual,automatic,30.22,1
C02156,2025-03-01,32,608.97,39.03,1,0,monthly,automatic,48.14,0
C02157,2025-03-01,46,1684.68,91.33,1,0,monthly,manual,128.49,0
C02158,2025-03-01,59,640.42,41.92,0,1,monthly,automatic,32.74,0
C02159,2025-03-01,25,345.13,53.37,1,1,monthly,manual,40.68,1
C02160,2025-03-01,59,1775.23,16.07,0,0,monthly,manual,8.84,0
C02161,2025-03-01,18,,75.05,2,0,annual,automatic,81.31,0
C02162,2025-03-01,30,443.3,71.53,1,0,monthly,manual,,0
C02163,2025-03-01,66,1900.87,80.45,1,0,monthly,automatic,33.37,0
C02164,2025-03-01,69,325.97,35.89,1,0,monthly,manual,69.63,0
C02165,2025-03-01,67,2061.47,46.43,0,1,monthly,automatic,13.82,1
C02166,2025-03-01,23,2030.14,20.99,1,0,annual,automatic,8.73,1
C02167,2025-03-01,61,524.2,96.63,0,0,monthly,manual,120.67,0
C02168,2025-03-01,68,1391.28,13.18,1,2,annual,manual,15.16,0
C02169,2025-03-01,71,421.24,66.66,0,0,monthly,automatic,44.66,0
C02170,2025-03-01,2,1653.91,72.0,1,0,monthly,automatic,46.62,0
C02171,2025-03-01,54,343.74,19.98,2,1,monthly,manual,21.58,1
C02172,2025-03-01,72,2371.31,39.71,1,0,annual,manual,41.79,0
C02173,2025-03-01,56,676.78,9.1,0,0,monthly,manual,6.13,0
C02174,2025-03-01,17,1769.66,57.88,4,0,annual,automatic,73.38,0
C02175,2025-03-01,55,494.07,99.52,1,0,monthly,automatic,111.48,0
C02176,2025-03-01,8,681.07,45.84,2,0,annual,manual,63.62,0
C02177,2025-03-01,35,1236.18,99.05,3,1,annual,automatic,89.4,0
C02178,2025-03-01,46,1517.12,16.99,2,0,annual,manual,20.45,0
C02179,2025-03-01,33,2496.39,42.28,1,0,monthly,automatic,35.52,0
C02180,2025-03-01,51,258.63,90.69,0,1,monthly,manual,100.61,0
C02181,2025-03-01,18,199.72,88.29,3,2,monthly,automatic,92.28,1
C02182,2025-03-01,44,1004.84,35.74,0,1,monthly,automatic,43.49,0
C02183,2025-03-01,47,1041.16,69.47,1,1,annual,automatic,76.54,0
C02184,2025-03-01,46,2231.83,89.19,1,1,monthly,manual,23.09,0
C02185,2025-03-01,21,2297.94,77.85,2,1,monthly,manual,54.55,1
C02186,2025-03-01,22,2224.21,64.71,1,0,monthly,manual,61.42,1
C02187,2025-03-01,19,528.31,19.49,2,0,monthly,manual,21.11,1
C02188,2025-03-01,34,1146.84,11.94,1,0,monthly,automatic,14.43,1
C02189,2025-03-01,43,1914.54,63.39,0,0,annual,manual,70.49,0
C02190,2025-03-01,27,918.01,52.53,2,0,monthly,automatic,35.37,1
C02191,2025-03-01,30,1724.45,27.61,2,0,monthly,automatic,34.27,0
C02192,2025-03-01,21,744.43,32.81,0,0,monthly,automatic,20.89,0
C02193,2025-03-01,16,942.86,42.25,1,0,monthly,manual,57.55,0
C02194,2025-03-01,48,2177.99,52.07,4,0,monthly,manual,72.14,0
C02195,2025-03-01,59,775.17,42.07,1,0,monthly,automatic,38.56,0
C02196,2025-03-01,21,2416.95,41.79,1,0,monthly,manual,28.97,1
C02197,2025-03-01,62,903.4,15.99,1,0,monthly,manual,10.82,0
C02198,2025-03-01,42,253.11,87.23,0,0,annual,manual,46.85,0
C02199,2025-03-01,13,785.27,62.87,1,0,annual,automatic,37.54,1
C02200,2025-05-01,27,592.77,18.88,1,0,annual,automatic,16.18,0
C02201,2025-05-01,1,1364.7,45.27,4,1,monthly,automatic,32.78,1
C02202,2025-05-01,3,458.25,44.59,0,0,monthly,manual,15.9,1
C02203,2025-05-01,25,1638.91,62.06,3,1,monthly,automatic,46.59,1
C02204,2025-05-01,33,2211.27,62.84,0,1,monthly,automatic,59.86,0
C02205,2025-05-01,58,1032.79,66.3,0,1,annual,automatic,53.13,0
C02206,2025-05-01,10,586.53,71.3,3,1,monthly,automatic,43.26,1
C02207,2025-05-01,61,1119.06,14.82,2,0,monthly,manual,1.23,0
C02208,2025-05-01,17,2006.72,33.97,1,0,annual,automatic,44.87,0
C02209,2025-05-01,10,1559.42,6.65,2,0,monthly,automatic,6.03,1
C02210,2025-05-01,51,431.63,48.19,0,0,monthly,automatic,49.74,0
C02211,2025-05-01,56,1434.53,45.8,2,0,annual,automatic,45.03,0
C02212,2025-05-01,44,1275.6,74.76,2,1,monthly,automatic,81.79,0
C02213,2025-05-01,9,951.36,20.88,2,0,annual,automatic,20.97,0
C02214,2025-05-01,9,452.37,64.99,3,0,monthly,automatic,62.03,0
C02215,2025-05-01,29,2455.56,34.14,2,2,annual,automatic,40.53,0
C02216,2025-05-01,33,603.9,41.28,2,0,annual,manual,,0
C02217,2025-05-01,72,642.31,73.33,1,0,monthly,automatic,102.97,0
C02218,2025-05-01,21,533.84,11.8,1,0,annual,automatic,7.42,1
C02219,2025-05-01,14,1510.44,37.56,0,0,monthly,manual,37.83,1
C02220,2025-05-01,69,1219.44,42.18,2,0,annual,automatic,15.11,0
C02221,2025-05-01,12,772.98,73.0,1,0,monthly,manual,54.86,0
C02222,2025-05-01,2,1186.67,23.93,0,0,monthly,manual,20.37,0
C02223,2025-05-01,31,1748.1,95.0,1,0,monthly,manual,112.04,0
C02224,2025-05-01,29,846.91,99.79,2,0,monthly,automatic,87.69,1
C02225,2025-05-01,45,2304.07,82.8,0,0,monthly,automatic,95.67,0
C02226,2025-05-01,64,903.6,33.47,1,0,monthly,manual,26.75,0
C02227,2025-05-01,68,654.81,68.07,1,0,monthly,manual,48.86,1
C02228,2025-05-01,21,2394.51,12.9,2,1,annual,manual,8.25,0
C02229,2025-05-01,71,2063.29,87.77,1,0,annual,automatic,101.97,0
C02230,2025-05-01,46,988.22,54.02,1,0,monthly,automatic,42.54,0
C02231,2025-05-01,6,2134.29,21.76,0,0,monthly,manual,1.54,1
C02232,2025-05-01,68,1392.27,36.1,0,0,monthly,automatic,41.24,0
C02233,2025-05-01,10,996.53,81.07,2,1,annual,manual,48.22,1
C02234,2025-05-01,43,2130.11,87.67,2,1,annual,manual,86.58,1
C02235,2025-05-01,57,1928.98,54.37,0,0,annual,automatic,28.53,0
C02236,2025-05-01,18,884.11,50.63,0,0,annual,automatic,46.84,0
C02237,2025-05-01,20,1594.36,76.32,0,0,monthly,automatic,3.82,1
C02238,2025-05-01,35,1048.6,83.49,2,0,monthly,,75.83,0
C02239,2025-05-01,64,201.42,77.66,1,0,monthly,automatic,47.66,0
C02240,2025-05-01,17,2411.18,41.52,2,0,monthly,manual,19.78,1
C02241,2025-05-01,48,1463.15,65.98,1,1,monthly,automatic,78.35,0
C02242,2025-05-01,33,1575.39,86.45,4,0,monthly,automatic,75.94,1
C02243,2025-05-01,9,1578.75,19.42,2,1,annual,automatic,16.21,1
C02244,2025-05-01,52,1465.48,41.87,3,0,monthly,automatic,27.91,0
C02245,2025-05-01,60,866.11,10.38,0,1,monthly,,12.8,0
C02246,2025-05-01,42,2433.63,43.84,1,1,annual,manual,33.66,1
C02247,2025-05-01,13,1628.84,78.37,0,0,monthly,automatic,112.91,1
C02248,2025-05-01,12,1742.12,23.72,1,0,monthly,manual,32.03,0
C02249,2025-05-01,31,1245.02,56.48,2,0,monthly,automatic,80.14,0
C02250,2025-05-01,37,861.08,8.48,0,0,monthly,manual,10.67,0
C02251,2025-05-01,40,347.0,90.28,0,0,monthly,automatic,63.9,0
C02252,2025-05-01,18,1004.53,82.9,1,1,monthly,automatic,77.79,1
C02253,2025-05-01,37,604.02,54.82,1,0,monthly,automatic,46.54,0
C02254,2025-05-01,22,1721.8,72.05,0,1,monthly,manual,87.42,1
C02255,2025-05-01,50,2220.71,14.87,1,0,monthly,automatic,13.63,0
C02256,2025-05-01,58,895.34,85.29,0,0,annual,automatic,71.21,0
C02257,2025-05-01,47,964.63,72.95,1,0,monthly,automatic,109.45,0
C02258,2025-05-01,1,1740.84,16.4,0,0,monthly,manual,13.21,1
C02259,2025-05-01,72,542.32,98.17,1,0,monthly,automatic,68.86,0
C02260,2025-05-01,2,2336.71,7.14,3,0,monthly,automatic,5.56,1
C02261,2025-05-01,72,1035.85,64.71,1,0,monthly,manual,83.8,0
C02262,2025-05-01,3,431.76,21.32,1,0,monthly,automatic,21.02,0
C02263,2025-05-01,38,600.77,73.33,0,0,annual,automatic,79.23,0
C02264,2025-05-01,8,2344.32,11.69,2,0,annual,automatic,11.72,0
C02265,2025-05-01,7,767.37,12.7,0,0,annual,automatic,1.94,1
C02266,2025-05-01,50,1722.22,49.3,1,1,annual,manual,26.91,1
C02267,2025-05-01,53,558.18,99.43,4,0,monthly,manual,81.77,0
C02268,2025-05-01,9,645.43,31.27,1,0,monthly,manual,32.21,1
C02269,2025-05-01,71,2221.25,63.19,0,0,monthly,manual,36.37,1
C02270,2025-05-01,24,539.48,54.27,0,0,monthly,automatic,30.65,0
C02271,2025-05-01,23,242.13,85.0,1,0,monthly,manual,68.91,1
C02272,2025-05-01,22,1351.84,32.42,3,0,monthly,automatic,44.88,1
C02273,2025-05-01,34,2183.27,57.72,1,1,annual,manual,9.61,0
C02274,2025-05-01,13,948.78,95.31,0,0,monthly,automatic,4.77,1
C02275,2025-05-01,31,493.77,36.6,2,0,annual,manual,55.9,1
C02276,2025-05-01,16,2458.13,46.74,0,0,annual,manual,17.97,0
C02277,2025-05-01,4,1755.5,89.44,1,1,monthly,manual,69.6,1
C02278,2025-05-01,27,2155.59,36.59,0,0,monthly,manual,14.44,1
C02279,2025-05-01,49,1928.92,41.16,0,1,monthly,manual,33.51,0
C02280,2025-05-01,55,1804.96,33.89,1,1,monthly,automatic,29.56,1
C02281,2025-05-01,26,1083.5,81.91,2,0,annual,automatic,121.53,0
C02282,2025-05-01,24,944.98,93.39,1,0,annual,automatic,109.48,0
C02283,2025-05-01,57,1848.0,64.95,0,0,monthly,automatic,30.59,0
C02284,2025-05-01,50,1847.44,64.24,1,1,monthly,automatic,16.2,1
C02285,2025-05-01,60,2385.35,42.05,1,1,annual,automatic,46.04,0
C02286,2025-05-01,66,1506.92,6.19,1,1,monthly,manual,4.57,0
C02287,2025-05-01,60,876.63,21.52,2,1,annual,manual,14.35,1
C02288,2025-05-01,68,1324.92,19.01,1,0,monthly,automatic,25.37,0
C02289,2025-05-01,30,1610.54,16.01,1,0,monthly,manual,4.89,1
C02290,2025-05-01,29,1180.48,67.13,2,0,monthly,manual,53.15,1
C02291,2025-05-01,24,2018.61,17.95,3,0,monthly,manual,20.48,1
C02292,2025-05-01,17,1543.61,13.14,1,0,monthly,automatic,6.66,1
C02293,2025-05-01,54,220.7,41.35,1,0,monthly,manual,56.83,0
C02294,2025-05-01,52,1509.63,28.66,2,0,monthly,automatic,16.22,0
C02295,2025-05-01,58,1656.29,18.86,0,0,annual,manual,16.89,0
C02296,2025-05-01,13,2304.1,18.88,0,0,monthly,manual,12.79,0
C02297,2025-05-01,36,1150.56,29.34,3,0,annual,automatic,1.47,1
C02298,2025-05-01,16,1520.28,56.0,0,0,monthly,automatic,43.28,0
C02299,2025-05-01,65,1291.49,77.02,2,0,monthly,automatic,92.22,0
C02300,2025-05-01,20,1421.81,86.01,1,0,monthly,automatic,47.99,0
C02301,2025-05-01,11,353.8,76.38,0,0,annual,automatic,53.48,0
C02302,2025-05-01,42,2262.75,64.68,0,0,monthly,manual,47.81,0
C02303,2025-05-01,64,,91.22,2,0,monthly,automatic,101.04,0
C02304,2025-05-01,66,1459.54,54.37,2,0,annual,automatic,43.17,0
C02305,2025-05-01,7,1479.08,65.17,0,0,monthly,manual,60.48,0
C02306,2025-05-01,24,331.38,44.1,0,0,annual,manual,41.13,1
C02307,2025-05-01,12,1574.29,36.1,0,0,annual,automatic,26.6,0
C02308,2025-05-01,23,1186.05,36.51,2,1,monthly,manual,55.18,1
C02309,2025-05-01,39,1829.8,19.09,1,0,monthly,manual,10.71,0
C02310,2025-05-01,21,307.39,80.68,0,0,annual,automatic,94.08,0
C02311,2025-05-01,5,1834.04,10.26,0,1,annual,automatic,14.02,0
C02312,2025-05-01,37,858.86,69.1,0,0,monthly,manual,60.23,0
C02313,2025-05-01,4,1697.92,87.12,0,0,annual,automatic,82.01,0
C02314,2025-05-01,17,1641.39,52.26,0,0,annual,automatic,57.78,0
C02315,2025-05-01,1,720.74,11.67,1,0,monthly,automatic,9.22,1
C02316,2025-05-01,7,1212.04,45.7,1,0,annual,manual,11.72,1
C02317,2025-05-01,32,2120.96,37.61,1,0,monthly,manual,31.32,1
C02318,2025-05-01,62,1591.86,98.63,1,0,monthly,manual,147.55,0
C02319,2025-05-01,56,357.1,70.67,1,0,annual,automatic,79.09,0
C02320,2025-05-01,8,1217.69,73.53,1,1,annual,manual,69.63,1
C02321,2025-05-01,3,916.07,54.0,2,0,monthly,automatic,63.97,1
C02322,2025-05-01,25,1674.79,72.39,0,1,monthly,manual,62.94,0
C02323,2025-05-01,47,1612.5,73.64,1,0,monthly,automatic,68.51,0
C02324,2025-05-01,54,222.92,11.3,2,0,monthly,manual,8.69,0
C02325,2025-05-01,60,1596.7,26.15,1,0,monthly,manual,28.43,0
C02326,2025-05-01,25,1889.15,6.23,0,0,monthly,manual,4.56,0
C02327,2025-05-01,13,1967.08,53.43,1,0,monthly,automatic,43.26,1
C02328,2025-05-01,2,334.64,88.2,0,0,monthly,automatic,108.28,0
C02329,2025-05-01,11,897.41,62.91,1,0,annual,manual,53.6,0
C02330,2025-05-01,5,1167.93,52.52,0,0,annual,automatic,58.71,0
C02331,2025-05-01,62,612.47,92.97,0,0,monthly,automatic,106.62,0
C02332,2025-05-01,20,1166.69,21.36,1,0,monthly,automatic,19.08,0
C02333,2025-05-01,60,362.6,12.09,1,0,annual,automatic,9.64,0
C02334,2025-05-01,40,459.4,92.14,1,0,monthly,automatic,,0
C02335,2025-05-01,39,1737.0,90.76,0,0,monthly,automatic,48.67,0
C02336,2025-05-01,33,802.92,69.88,2,0,monthly,automatic,79.19,0
C02337,2025-05-01,59,1835.23,28.37,1,0,annual,automatic,31.96,0
C02338,2025-05-01,4,309.65,97.13,0,1,monthly,manual,55.71,1
C02339,2025-05-01,7,1493.22,77.71,0,0,annual,automatic,82.27,0
C02340,2025-05-01,31,1099.33,69.02,2,0,annual,manual,68.72,1
C02341,2025-05-01,29,2032.03,26.18,2,1,annual,manual,32.66,0
C02342,2025-05-01,40,2002.09,53.74,1,0,annual,automatic,90.17,0
C02343,2025-05-01,54,1062.79,83.14,2,0,annual,manual,93.22,1
C02344,2025-05-01,43,1631.24,86.72,2,0,annual,automatic,58.82,1
C02345,2025-05-01,19,722.36,58.34,0,0,monthly,automatic,68.85,0
C02346,2025-05-01,24,1533.94,54.67,0,0,annual,automatic,30.36,0
C02347,2025-05-01,55,385.91,71.28,2,1,monthly,automatic,121.0,0
C02348,2025-05-01,15,1198.59,55.18,0,0,monthly,manual,27.08,1
C02349,2025-05-01,37,619.27,44.68,1,0,monthly,automatic,47.96,0
C02350,2025-05-01,39,2230.78,13.11,0,0,annual,automatic,,0
C02351,2025-05-01,55,1222.27,16.97,1,0,monthly,manual,13.16,1
C02352,2025-05-01,52,1557.78,77.23,2,1,monthly,automatic,58.17,1
C02353,2025-05-01,34,1027.88,7.34,1,1,monthly,automatic,10.25,0
C02354,2025-05-01,23,863.1,9.97,1,1,monthly,automatic,,1
C02355,2025-05-01,27,665.72,90.94,3,0,monthly,automatic,78.82,1
C02356,2025-05-01,30,2296.3,71.88,2,1,monthly,automatic,109.71,0
C02357,2025-05-01,16,2037.77,5.4,1,0,monthly,automatic,4.74,0
C02358,2025-05-01,46,505.5,34.64,2,0,annual,automatic,40.78,0
C02359,2025-05-01,16,1916.47,77.52,1,0,annual,automatic,34.95,1
C02360,2025-05-01,47,1161.62,44.67,1,0,monthly,automatic,20.98,0
C02361,2025-05-01,55,234.41,49.54,2,0,monthly,automatic,57.88,0
C02362,2025-05-01,70,1414.24,48.59,1,0,monthly,automatic,49.94,0
C02363,2025-05-01,9,498.11,24.2,0,1,monthly,automatic,40.45,0
C02364,2025-05-01,55,681.85,73.53,5,0,annual,automatic,49.5,0
C02365,2025-05-01,7,1799.89,14.79,1,0,annual,manual,17.1,0
C02366,2025-05-01,25,790.43,53.19,1,0,monthly,automatic,44.36,0
C02367,2025-05-01,13,2250.34,21.15,3,0,annual,automatic,25.74,0
C02368,2025-05-01,12,1710.49,9.42,2,0,monthly,automatic,11.2,1
C02369,2025-05-01,13,2113.25,18.61,0,0,annual,automatic,16.94,0
C02370,2025-05-01,4,1613.94,87.59,0,0,monthly,manual,,0
C02371,2025-05-01,60,2197.35,21.73,1,0,annual,manual,17.41,0
C02372,2025-05-01,5,1030.87,31.45,1,1,monthly,automatic,16.69,0
C02373,2025-05-01,29,1462.02,18.12,0,1,monthly,automatic,18.98,0
C02374,2025-05-01,51,1385.55,74.88,2,0,monthly,automatic,3.74,0
C02375,2025-05-01,72,2277.72,47.32,0,0,annual,manual,33.91,0
C02376,2025-05-01,62,578.31,94.65,0,0,annual,manual,117.03,0
C02377,2025-05-01,10,1528.54,68.11,3,0,annual,manual,83.64,0
C02378,2025-05-01,72,1934.19,55.48,1,1,monthly,automatic,19.74,0
C02379,2025-05-01,48,1050.11,67.38,0,0,monthly,automatic,75.74,0
C02380,2025-05-01,13,2194.44,8.84,2,0,annual,automatic,4.6,1
C02381,2025-05-01,33,1056.93,95.31,2,0,monthly,automatic,75.07,1
C02382,2025-05-01,67,597.61,95.86,1,1,monthly,manual,113.89,0
C02383,2025-05-01,29,1542.31,31.23,1,1,monthly,automatic,18.07,1
C02384,2025-05-01,14,1166.31,64.69,2,0,annual,manual,91.82,0
C02385,2025-05-01,64,233.94,24.18,1,1,monthly,automatic,24.42,0
C02386,2025-05-01,69,359.63,57.01,0,0,monthly,automatic,61.68,0
C02387,2025-05-01,71,648.14,78.22,1,0,monthly,manual,101.45,0
C02388,2025-05-01,69,1968.46,94.28,3,0,monthly,automatic,116.12,0
C02389,2025-05-01,63,2250.69,37.23,0,0,monthly,automatic,44.72,0
C02390,2025-05-01,33,1453.97,70.88,1,0,annual,automatic,48.89,0
C02391,2025-05-01,14,441.8,73.06,0,0,annual,automatic,38.81,0
C02392,2025-05-01,45,1428.16,26.01,1,0,annual,automatic,21.36,0
C02393,2025-05-01,16,2166.89,64.76,0,0,monthly,manual,70.33,0
C02394,2025-05-01,35,1922.8,67.27,0,0,monthly,manual,31.62,1
C02395,2025-05-01,48,868.53,77.59,1,0,monthly,manual,87.21,1
C02396,2025-05-01,69,483.95,99.99,1,0,annual,automatic,105.1,0
C02397,2025-05-01,21,2270.57,8.82,1,0,monthly,automatic,7.55,0
C02398,2025-05-01,19,2163.4,24.22,0,0,monthly,manual,22.8,0
C02399,2025-05-01,53,322.55,18.78,0,1,monthly,automatic,17.71,0
C02400,2025-05-01,1,2093.45,19.67,2,0,monthly,automatic,21.14,1
C02401,2025-05-01,41,422.59,48.15,2,0,annual,automatic,56.88,0
C02402,2025-05-01,54,344.55,88.46,2,0,monthly,automatic,170.29,0
C02403,2025-05-01,40,1943.78,47.63,2,0,monthly,automatic,46.64,0
C02404,2025-05-01,28,1432.51,68.51,3,0,monthly,automatic,47.58,1
C02405,2025-05-01,60,1152.46,40.77,0,0,monthly,manual,10.31,0
C02406,2025-05-01,27,2277.88,35.37,1,0,annual,automatic,15.11,0
C02407,2025-05-01,52,2129.4,84.25,1,1,annual,automatic,,0
C02408,2025-05-01,34,331.53,67.28,2,0,annual,automatic,78.13,0
C02409,2025-05-01,2,1616.0,38.34,2,0,monthly,manual,29.97,1
C02410,2025-05-01,39,1975.22,91.85,0,0,annual,automatic,97.58,0
C02411,2025-05-01,4,1465.13,52.36,1,0,monthly,manual,34.76,1
C02412,2025-05-01,68,2459.91,22.89,1,0,monthly,automatic,24.71,0
C02413,2025-05-01,44,1776.91,50.91,0,0,monthly,automatic,62.38,0
C02414,2025-05-01,27,438.53,69.1,1,0,monthly,automatic,53.84,1
C02415,2025-05-01,36,655.09,39.88,1,0,monthly,automatic,42.76,0
C02416,2025-05-01,45,2099.36,85.16,3,0,annual,automatic,65.22,0
C02417,2025-05-01,19,2491.54,55.65,2,0,annual,automatic,27.2,0
C02418,2025-05-01,21,425.18,49.44,0,0,monthly,automatic,55.07,0
C02419,2025-05-01,31,429.76,86.58,0,0,monthly,automatic,92.16,0
C02420,2025-05-01,19,1954.79,48.98,1,0,annual,automatic,55.24,0
C02421,2025-05-01,55,347.01,44.37,5,1,monthly,automatic,55.66,1
C02422,2025-05-01,8,356.69,14.85,0,0,annual,manual,12.37,0
C02423,2025-05-01,60,2243.28,39.44,1,1,monthly,manual,33.87,0
C02424,2025-05-01,26,2040.03,42.72,1,0,annual,automatic,35.04,0
C02425,2025-05-01,41,2226.6,22.16,0,0,monthly,manual,23.07,0
C02426,2025-05-01,12,1695.18,60.84,3,0,monthly,automatic,53.02,0
C02427,2025-05-01,28,940.83,18.66,1,0,monthly,manual,17.99,1
C02428,2025-05-01,55,2283.52,26.25,1,0,monthly,manual,17.53,0
C02429,2025-05-01,20,886.06,58.3,1,0,monthly,automatic,32.67,1
C02430,2025-05-01,10,832.67,30.55,1,0,monthly,automatic,18.39,1
C02431,2025-05-01,38,2237.72,65.77,1,0,monthly,manual,70.1,1
C02432,2025-05-01,12,1764.89,70.6,2,1,annual,automatic,63.89,0
C02433,2025-05-01,23,2259.05,33.62,0,0,monthly,automatic,25.12,0
C02434,2025-05-01,33,557.57,13.3,2,1,monthly,manual,15.32,0
C02435,2025-05-01,41,2389.28,51.5,1,1,monthly,automatic,73.66,0
C02436,2025-05-01,47,1608.31,13.83,1,0,annual,automatic,10.33,0
C02437,2025-05-01,49,1735.48,53.95,3,0,monthly,automatic,29.17,1
C02438,2025-05-01,61,2301.34,73.99,0,0,annual,manual,92.55,0
C02439,2025-05-01,5,1074.73,63.93,1,0,annual,automatic,59.16,0
C02440,2025-05-01,27,1854.02,47.59,2,1,monthly,manual,40.73,1
C02441,2025-05-01,1,1671.78,94.86,1,1,monthly,automatic,121.06,1
C02442,2025-05-01,1,2010.83,14.67,1,0,monthly,manual,12.15,1
C02443,2025-05-01,16,2261.97,88.6,0,0,annual,automatic,93.82,0
C02444,2025-05-01,44,1763.14,81.01,0,0,monthly,automatic,79.07,0
C02445,2025-05-01,65,354.57,44.88,4,0,monthly,automatic,89.76,0
C02446,2025-05-01,56,620.22,19.52,1,0,annual,automatic,17.04,0
C02447,2025-05-01,47,2393.15,19.81,1,0,annual,automatic,24.72,0
C02448,2025-05-01,57,2426.9,92.57,2,0,monthly,manual,77.04,1
C02449,2025-05-01,13,2424.05,27.2,3,0,monthly,automatic,29.31,0
C02450,2025-05-01,61,283.64,88.04,3,0,monthly,manual,74.96,1
C02451,2025-05-01,65,1078.63,52.81,4,1,annual,manual,63.29,0
C02452,2025-05-01,7,1946.25,48.86,1,0,monthly,manual,43.31,1
C02453,2025-05-01,34,1930.64,63.85,1,0,monthly,manual,69.99,0
C02454,2025-05-01,60,396.59,25.43,0,0,annual,automatic,16.67,0
C02455,2025-05-01,35,1600.82,45.7,1,0,annual,manual,29.3,1
C02456,2025-05-01,61,527.6,94.16,0,0,monthly,manual,24.6,1
C02457,2025-05-01,68,1333.38,27.63,1,0,annual,automatic,28.96,0
C02458,2025-05-01,35,750.28,92.55,0,0,monthly,manual,64.12,1
C02459,2025-05-01,5,321.27,99.45,0,0,annual,manual,167.91,0
C02460,2025-05-01,25,383.04,9.93,0,0,monthly,manual,7.49,0
C02461,2025-05-01,16,2294.05,55.48,0,0,monthly,automatic,75.24,1
C02462,2025-05-01,35,1911.69,21.32,2,0,monthly,automatic,28.15,0
C02463,2025-05-01,43,2342.2,64.06,1,0,monthly,manual,53.42,1
C02464,2025-05-01,34,1279.98,99.01,2,0,monthly,manual,65.56,0
C02465,2025-05-01,15,1149.57,90.2,0,1,monthly,automatic,78.73,0
C02466,2025-05-01,22,1023.34,92.86,1,0,monthly,automatic,122.32,0
C02467,2025-05-01,49,1616.51,25.27,0,0,monthly,automatic,43.46,0
C02468,2025-05-01,2,1007.59,56.52,2,1,monthly,manual,27.57,1
C02469,2025-05-01,16,1915.43,27.31,1,0,annual,automatic,25.26,0
C02470,2025-05-01,65,2042.03,90.45,0,1,monthly,manual,64.08,0
C02471,2025-05-01,8,2213.44,23.16,2,0,monthly,automatic,18.38,1
C02472,2025-05-01,30,757.44,19.63,3,0,monthly,automatic,29.79,0
C02473,2025-05-01,15,1411.15,6.16,1,1,monthly,automatic,4.01,1
C02474,2025-05-01,8,712.92,22.29,0,0,annual,automatic,7.97,0
C02475,2025-05-01,31,285.38,23.03,1,0,annual,automatic,22.82,0
C02476,2025-05-01,38,1827.0,12.36,1,0,monthly,manual,13.01,1
C02477,2025-05-01,13,1461.66,87.44,1,0,monthly,automatic,67.56,1
C02478,2025-05-01,6,1864.03,79.1,1,0,monthly,automatic,53.91,0
C02479,2025-05-01,10,400.53,29.18,2,0,monthly,automatic,28.48,0
C02480,2025-05-01,47,,79.41,0,1,monthly,automatic,35.54,1
C02481,2025-05-01,62,2486.0,45.11,1,0,monthly,automatic,48.16,0
C02482,2025-05-01,13,1268.5,78.67,2,0,monthly,automatic,62.8,0
C02483,2025-05-01,24,2190.94,35.69,1,0,monthly,manual,50.16,0
C02484,2025-05-01,25,759.21,58.64,1,0,annual,automatic,60.48,0
C02485,2025-05-01,26,1895.4,41.25,0,0,monthly,manual,35.73,0
C02486,2025-05-01,18,2221.22,22.83,1,0,annual,automatic,19.17,0
C02487,2025-05-01,4,2072.73,60.64,2,1,monthly,automatic,14.75,1
C02488,2025-05-01,38,2066.08,76.33,1,0,annual,automatic,66.91,0
C02489,2025-05-01,26,1263.96,76.55,0,0,monthly,automatic,64.98,0
C02490,2025-05-01,25,2084.98,38.85,1,0,monthly,automatic,36.44,0
C02491,2025-05-01,20,1787.62,54.28,2,0,monthly,manual,46.32,1
C02492,2025-05-01,67,503.64,77.56,1,0,monthly,automatic,110.13,0
C02493,2025-05-01,44,461.62,10.18,0,0,monthly,automatic,8.41,0
C02494,2025-05-01,31,1974.42,11.83,1,0,monthly,manual,7.39,0
C02495,2025-05-01,15,1637.57,40.74,1,0,monthly,automatic,13.74,0
C02496,2025-05-01,58,1393.57,26.23,0,1,monthly,manual,20.04,0
C02497,2025-05-01,64,2285.7,40.59,1,1,annual,manual,22.47,1
C02498,2025-05-01,3,1716.06,13.91,0,0,monthly,automatic,6.48,1
C02499,2025-05-01,67,1110.14,61.24,1,0,monthly,automatic,49.66,0
C02500,2025-05-01,51,1151.04,68.82,0,1,monthly,manual,90.73,1
C02501,2025-05-01,8,1591.06,80.22,2,0,annual,automatic,100.06,0
C02502,2025-05-01,55,1947.63,66.8,1,0,annual,automatic,31.48,1
C02503,2025-05-01,8,1497.01,42.66,1,0,monthly,automatic,39.79,0
C02504,2025-05-01,4,1369.15,93.82,0,0,monthly,automatic,100.21,1
C02505,2025-05-01,9,1870.87,74.0,0,1,monthly,manual,83.22,0
C02506,2025-05-01,34,1821.11,55.13,2,0,monthly,manual,81.66,0
C02507,2025-05-01,45,2108.8,24.65,0,0,monthly,manual,12.59,1
C02508,2025-05-01,30,342.87,66.65,0,0,monthly,automatic,40.65,0
C02509,2025-05-01,9,1935.39,61.21,2,0,monthly,manual,42.12,0
C02510,2025-05-01,15,1380.65,69.92,1,1,monthly,manual,73.29,0
C02511,2025-05-01,62,370.79,79.21,1,0,monthly,automatic,,0
C02512,2025-05-01,70,1760.72,91.93,0,1,monthly,manual,77.22,1
C02513,2025-05-01,55,1847.04,95.16,2,0,monthly,manual,28.18,1
C02514,2025-05-01,8,1403.34,64.87,2,1,monthly,automatic,59.63,1
C02515,2025-05-01,60,2024.74,96.77,1,1,annual,automatic,159.14,0
C02516,2025-05-01,50,889.57,91.59,1,0,monthly,automatic,113.15,0
C02517,2025-05-01,38,663.39,5.25,0,1,monthly,automatic,2.58,1
C02518,2025-05-01,11,1005.69,65.57,0,0,monthly,automatic,50.72,1
C02519,2025-05-01,72,1142.12,21.95,1,0,annual,automatic,13.36,0
C02520,2025-05-01,32,1799.65,33.04,3,0,monthly,automatic,45.37,0
C02521,2025-05-01,4,2143.7,33.26,1,0,monthly,manual,4.97,1
C02522,2025-05-01,16,1857.11,50.9,0,2,monthly,manual,39.0,1
C02523,2025-05-01,29,599.17,6.03,2,0,monthly,automatic,4.08,1
C02524,2025-05-01,5,1041.3,27.4,1,0,annual,automatic,13.96,0
C02525,2025-05-01,24,563.35,7.77,1,1,monthly,manual,11.66,0
C02526,2025-05-01,34,1778.47,66.8,0,0,monthly,automatic,24.84,1
C02527,2025-05-01,69,769.8,89.48,0,0,monthly,manual,44.92,0
C02528,2025-05-01,7,1407.39,99.79,2,1,monthly,automatic,147.53,0
C02529,2025-05-01,42,2020.21,47.61,0,0,monthly,manual,42.14,1
C02530,2025-05-01,66,1742.16,29.71,1,1,monthly,automatic,25.51,0
C02531,2025-05-01,59,885.26,86.04,2,0,monthly,manual,60.33,0
C02532,2025-05-01,67,964.59,15.75,0,0,annual,automatic,14.48,0
C02533,2025-05-01,13,1701.74,97.55,4,0,annual,automatic,75.09,1
C02534,2025-05-01,58,1462.78,72.91,0,0,monthly,automatic,48.33,0
C02535,2025-05-01,71,420.71,52.87,2,0,monthly,automatic,22.71,0
C02536,2025-05-01,24,2209.18,14.18,1,0,annual,automatic,13.25,0
C02537,2025-05-01,36,1378.01,6.73,0,0,annual,automatic,4.79,0
C02538,2025-05-01,39,1287.73,56.73,0,1,monthly,automatic,42.88,1
C02539,2025-05-01,36,655.41,44.32,1,0,monthly,automatic,51.01,0
C02540,2025-05-01,21,1066.09,85.05,0,0,monthly,automatic,63.19,0
C02541,2025-05-01,70,,66.02,2,0,monthly,automatic,58.2,0
C02542,2025-05-01,69,821.69,46.03,0,0,monthly,automatic,69.31,0
C02543,2025-05-01,28,1504.04,26.47,0,0,monthly,automatic,27.91,0
C02544,2025-05-01,58,1262.23,50.64,2,0,monthly,automatic,37.02,0
C02545,2025-05-01,29,2244.15,20.48,3,0,annual,automatic,10.98,0
C02546,2025-05-01,58,2364.09,68.37,0,1,monthly,automatic,59.73,1
C02547,2025-05-01,43,703.79,62.54,2,0,monthly,automatic,74.78,0
C02548,2025-05-01,34,429.24,81.96,1,0,annual,automatic,58.48,0
C02549,2025-05-01,10,2005.28,47.71,2,0,annual,automatic,43.17,0
C02550,2025-05-01,48,2487.18,31.47,0,0,monthly,manual,22.17,1
C02551,2025-05-01,24,2185.28,84.46,1,0,monthly,manual,65.65,0
C02552,2025-05-01,16,253.5,70.64,0,0,monthly,automatic,33.41,1
C02553,2025-05-01,14,776.91,72.14,3,0,monthly,automatic,71.68,0
C02554,2025-05-01,71,298.69,55.17,3,1,monthly,automatic,52.37,1
C02555,2025-05-01,8,2086.79,88.22,2,0,monthly,automatic,124.82,1
C02556,2025-05-01,58,1536.24,26.64,0,1,annual,manual,24.91,0
C02557,2025-05-01,63,1380.55,43.16,0,0,monthly,manual,27.95,0
C02558,2025-05-01,3,1474.23,80.64,2,0,annual,automatic,113.33,0
C02559,2025-05-01,43,779.64,17.63,0,0,annual,manual,18.06,0
C02560,2025-05-01,42,1582.77,81.77,2,1,monthly,manual,78.76,0
C02561,2025-05-01,26,269.53,38.5,2,0,monthly,manual,34.34,0
C02562,2025-05-01,49,1684.83,16.92,2,0,annual,automatic,16.07,0
C02563,2025-05-01,30,1888.2,12.52,1,0,annual,manual,7.44,0
C02564,2025-05-01,32,1746.96,85.09,3,1,monthly,automatic,73.73,0
C02565,2025-05-01,32,962.87,78.97,2,0,monthly,automatic,64.62,0
C02566,2025-05-01,58,2099.4,32.36,1,0,monthly,automatic,33.0,0
C02567,2025-05-01,46,1844.75,16.05,0,1,monthly,automatic,20.64,0
C02568,2025-05-01,28,494.08,28.49,1,1,annual,automatic,35.13,0
C02569,2025-05-01,67,647.83,25.23,0,0,monthly,automatic,27.1,0
C02570,2025-05-01,58,1664.35,74.64,0,0,monthly,manual,21.78,1
C02571,2025-05-01,68,864.66,25.48,3,0,monthly,automatic,18.93,1
C02572,2025-05-01,53,473.7,25.53,1,1,monthly,manual,6.57,1
C02573,2025-05-01,29,555.43,8.07,1,0,annual,automatic,10.28,0
C02574,2025-05-01,56,579.92,61.7,0,0,monthly,automatic,52.63,1
C02575,2025-05-01,24,1297.92,70.45,1,0,monthly,automatic,59.43,1
C02576,2025-05-01,20,1595.99,67.08,1,1,monthly,manual,43.94,0
C02577,2025-05-01,33,604.73,59.02,1,0,monthly,automatic,78.94,0
C02578,2025-05-01,70,1837.74,96.78,3,0,monthly,manual,90.07,1
C02579,2025-05-01,41,845.33,49.91,2,1,monthly,automatic,42.68,1
C02580,2025-05-01,28,915.58,86.71,1,2,monthly,manual,81.42,0
C02581,2025-05-01,34,713.05,66.37,2,1,monthly,automatic,64.1,1
C02582,2025-05-01,21,2004.97,13.0,0,0,annual,manual,11.02,0
C02583,2025-05-01,48,2406.57,81.96,2,0,monthly,manual,109.59,0
C02584,2025-05-01,26,1331.75,60.52,0,0,annual,manual,80.7,0
C02585,2025-05-01,40,295.67,67.08,2,0,annual,automatic,62.25,0
C02586,2025-05-01,27,798.31,22.12,0,0,monthly,automatic,13.78,0
C02587,2025-05-01,24,562.52,46.56,0,0,annual,automatic,47.01,0
C02588,2025-05-01,70,2137.35,88.66,1,0,monthly,manual,,0
C02589,2025-05-01,25,394.16,25.47,1,0,monthly,automatic,35.52,0
C02590,2025-05-01,6,2421.9,5.01,0,0,annual,automatic,7.24,0
C02591,2025-05-01,28,1552.58,29.46,1,1,annual,automatic,33.8,0
C02592,2025-05-01,39,1389.8,51.32,2,0,monthly,automatic,25.1,0
C02593,2025-05-01,7,2147.91,83.02,1,0,monthly,manual,60.8,1
C02594,2025-05-01,23,262.36,66.11,1,0,monthly,manual,54.56,1
C02595,2025-05-01,12,1986.45,92.31,1,0,monthly,automatic,55.5,0
C02596,2025-05-01,37,467.19,48.28,1,0,annual,manual,38.12,0
C02597,2025-05-01,53,2132.79,42.13,1,1,monthly,manual,41.16,1
C02598,2025-05-01,70,1416.11,26.98,0,0,monthly,manual,29.14,0
C02599,2025-05-01,29,339.6,25.72,0,1,annual,automatic,34.63,0
C02600,2025-05-01,63,2115.46,74.93,0,0,monthly,manual,66.55,0
C02601,2025-05-01,16,261.82,12.63,1,0,monthly,manual,9.99,1
C02602,2025-05-01,57,517.25,28.06,0,1,monthly,manual,12.49,1
C02603,2025-05-01,41,2034.0,89.16,2,0,monthly,manual,90.71,1
C02604,2025-05-01,55,1268.2,59.81,1,0,monthly,automatic,44.11,0
C02605,2025-05-01,55,2226.19,9.43,2,0,monthly,automatic,7.76,0
C02606,2025-05-01,39,1660.49,71.9,4,0,monthly,automatic,50.19,1
C02607,2025-05-01,19,1633.12,53.13,2,0,monthly,automatic,37.62,1
C02608,2025-05-01,38,871.14,86.18,0,0,annual,manual,98.89,0
C02609,2025-05-01,60,506.47,69.83,0,0,monthly,manual,61.2,0
C02610,2025-05-01,70,2409.7,5.42,0,0,annual,automatic,7.82,0
C02611,2025-05-01,67,440.03,24.55,2,0,annual,automatic,12.4,0
C02612,2025-05-01,14,1415.72,29.51,1,0,annual,manual,39.37,0
C02613,2025-05-01,44,825.91,71.71,2,0,monthly,automatic,51.9,0
C02614,2025-05-01,8,806.52,53.38,2,0,monthly,automatic,46.82,1
C02615,2025-05-01,49,1566.55,76.01,1,0,annual,manual,81.29,0
C02616,2025-05-01,72,2034.25,53.72,0,0,annual,automatic,67.46,0
C02617,2025-05-01,4,1986.51,36.1,1,0,monthly,manual,45.83,0
C02618,2025-05-01,48,2197.24,14.85,2,0,monthly,manual,18.75,1
C02619,2025-05-01,69,872.68,24.25,3,0,monthly,manual,19.97,1
C02620,2025-05-01,61,1270.23,43.07,1,0,monthly,automatic,65.94,0
C02621,2025-05-01,29,220.47,57.39,2,0,monthly,automatic,63.81,0
C02622,2025-05-01,8,1916.77,94.17,3,1,annual,automatic,4.71,1
C02623,2025-05-01,67,894.39,27.77,2,1,monthly,automatic,25.48,0
C02624,2025-05-01,67,1490.44,68.28,0,0,monthly,automatic,52.74,0
C02625,2025-05-01,42,588.39,19.49,2,0,monthly,manual,15.52,1
C02626,2025-05-01,71,2083.62,72.81,1,1,annual,automatic,82.18,0
C02627,2025-05-01,1,2078.73,6.08,2,0,monthly,manual,6.16,1
C02628,2025-05-01,45,2217.14,67.31,2,0,monthly,manual,45.05,0
C02629,2025-05-01,3,304.66,20.51,3,0,annual,automatic,29.37,0
C02630,2025-05-01,68,2481.66,22.13,0,0,monthly,automatic,10.1,0
C02631,2025-05-01,49,768.89,58.1,2,0,monthly,automatic,25.13,0
C02632,2025-05-01,66,910.7,40.66,1,1,monthly,manual,21.38,1
C02633,2025-05-01,41,772.47,49.77,1,0,monthly,automatic,52.83,0
C02634,2025-05-01,6,814.33,34.34,0,1,monthly,automatic,35.53,0
C02635,2025-05-01,2,1470.12,95.58,2,0,monthly,manual,59.42,0
C02636,2025-05-01,25,750.56,32.61,1,1,monthly,automatic,22.75,0
C02637,2025-05-01,54,1104.67,56.49,0,1,monthly,automatic,51.1,0
C02638,2025-05-01,11,1706.9,86.16,1,0,monthly,automatic,45.84,1
C02639,2025-05-01,62,2121.86,68.1,0,0,annual,automatic,80.73,0
C02640,2025-05-01,18,1792.31,35.66,1,0,annual,manual,51.86,1
C02641,2025-05-01,36,1565.94,57.48,0,0,monthly,manual,48.51,1
C02642,2025-05-01,15,538.78,12.88,3,0,monthly,automatic,13.23,1
C02643,2025-05-01,34,2076.07,56.84,0,0,monthly,manual,,1
C02644,2025-05-01,33,284.73,45.98,0,1,monthly,automatic,63.67,0
C02645,2025-05-01,1,806.64,77.0,1,0,monthly,automatic,122.07,0
C02646,2025-05-01,41,330.24,85.55,1,0,monthly,manual,66.81,1
C02647,2025-05-01,57,1734.09,23.96,1,0,annual,automatic,21.98,0
C02648,2025-05-01,68,1046.25,12.75,0,0,annual,manual,15.38,0
C02649,2025-05-01,24,1698.71,42.1,1,1,annual,automatic,43.23,0
C02650,2025-05-01,64,997.17,55.74,0,0,monthly,automatic,32.72,0
C02651,2025-05-01,64,1247.2,40.8,0,0,annual,automatic,11.14,0
C02652,2025-05-01,72,1252.31,64.71,1,1,monthly,manual,45.11,0
C02653,2025-05-01,27,303.84,53.04,1,0,monthly,automatic,54.15,0
C02654,2025-05-01,62,1188.52,93.98,1,1,monthly,manual,72.2,0
C02655,2025-05-01,41,1673.45,43.89,3,0,annual,automatic,23.57,0
C02656,2025-05-01,5,1454.92,12.84,1,0,monthly,automatic,9.03,1
C02657,2025-05-01,20,372.15,33.68,0,0,monthly,manual,52.1,0
C02658,2025-05-01,49,1735.53,62.56,1,0,monthly,automatic,31.98,0
C02659,2025-05-01,12,909.38,29.32,0,0,monthly,automatic,23.34,1
C02660,2025-05-01,32,232.2,30.55,1,1,annual,automatic,22.16,1
C02661,2025-05-01,56,556.87,37.26,1,1,monthly,automatic,59.27,1
C02662,2025-05-01,11,1343.39,75.88,1,1,annual,manual,29.65,0
C02663,2025-05-01,36,912.92,94.31,1,1,annual,manual,59.54,0
C02664,2025-05-01,16,1796.08,38.29,0,1,monthly,automatic,35.57,0
C02665,2025-05-01,39,752.5,23.57,1,0,annual,manual,22.75,0
C02666,2025-05-01,18,1976.43,44.96,1,0,annual,automatic,58.41,0
C02667,2025-05-01,70,857.9,38.42,1,1,monthly,manual,48.52,1
C02668,2025-05-01,6,1626.99,99.05,1,1,monthly,manual,65.4,1
C02669,2025-05-01,70,2037.2,49.07,0,0,monthly,manual,49.87,0
C02670,2025-05-01,58,1085.78,69.53,0,0,monthly,manual,58.83,0
C02671,2025-05-01,62,306.65,91.81,2,0,annual,manual,68.53,0
C02672,2025-05-01,62,1430.52,64.76,0,1,monthly,manual,81.75,0
C02673,2025-05-01,14,2488.44,28.69,0,2,annual,manual,28.57,0
C02674,2025-05-01,68,2427.68,62.7,0,0,monthly,manual,91.84,0
C02675,2025-05-01,43,707.35,43.18,1,1,monthly,automatic,46.34,0
C02676,2025-05-01,70,1937.1,45.12,2,0,monthly,manual,55.55,0
C02677,2025-05-01,64,992.39,98.04,0,0,annual,manual,4.9,1
C02678,2025-05-01,42,567.63,31.47,0,1,monthly,manual,29.53,0
C02679,2025-05-01,27,1730.6,49.55,0,1,monthly,manual,52.45,1
C02680,2025-05-01,9,1351.0,20.19,1,0,monthly,automatic,22.03,0
C02681,2025-05-01,8,1439.23,21.96,0,1,monthly,automatic,31.81,0
C02682,2025-05-01,29,2102.0,62.33,0,1,monthly,automatic,70.08,0
C02683,2025-05-01,59,973.05,76.35,1,1,annual,automatic,36.94,1
C02684,2025-05-01,37,1733.32,65.46,2,1,monthly,manual,71.8,1
C02685,2025-05-01,35,1041.24,36.28,1,0,monthly,automatic,43.59,0
C02686,2025-05-01,18,297.26,10.66,1,0,annual,automatic,7.41,0
C02687,2025-05-01,41,1068.43,49.68,0,0,monthly,automatic,,1
C02688,2025-05-01,46,2384.08,52.91,0,0,monthly,manual,62.66,0
C02689,2025-05-01,71,1310.5,78.21,0,0,monthly,automatic,71.2,0
C02690,2025-05-01,53,447.93,65.83,2,0,monthly,automatic,85.08,0
C02691,2025-05-01,44,1781.0,87.77,3,0,monthly,automatic,85.56,1
C02692,2025-05-01,66,2414.77,79.38,1,0,annual,automatic,11.6,0
C02693,2025-05-01,31,2287.27,39.76,0,0,monthly,manual,37.0,0
C02694,2025-05-01,68,1514.51,65.06,0,0,monthly,manual,50.18,0
C02695,2025-05-01,27,1064.45,75.99,1,0,annual,automatic,85.58,0
C02696,2025-05-01,10,1534.56,95.9,0,0,annual,manual,101.55,1
C02697,2025-05-01,31,2075.64,45.12,2,0,annual,manual,26.22,1
C02698,2025-05-01,10,2179.85,66.59,0,1,monthly,automatic,65.28,1
C02699,2025-05-01,9,2082.34,42.3,3,0,monthly,automatic,46.47,0
C02700,2025-05-01,64,1246.6,75.09,1,0,annual,automatic,80.08,0
C02701,2025-05-01,58,472.37,91.64,2,1,annual,automatic,114.83,0
C02702,2025-05-01,16,1508.1,92.33,0,0,annual,automatic,51.08,0
C02703,2025-05-01,61,558.79,19.92,2,0,monthly,manual,17.06,0
C02704,2025-05-01,5,339.2,24.39,1,0,annual,automatic,3.2,1
C02705,2025-05-01,21,1345.94,76.72,3,0,annual,manual,101.58,1
C02706,2025-05-01,51,1706.36,64.95,0,0,monthly,automatic,61.95,0
C02707,2025-05-01,22,2163.54,90.99,0,1,monthly,automatic,80.15,0
C02708,2025-05-01,53,1999.52,34.81,0,0,monthly,,30.47,0
C02709,2025-05-01,63,2170.65,85.56,1,1,annual,manual,93.1,0
C02710,2025-05-01,5,1947.16,69.96,0,0,monthly,manual,89.85,0
C02711,2025-05-01,2,1816.45,23.57,0,1,monthly,automatic,19.28,0
C02712,2025-05-01,68,222.32,17.02,3,0,monthly,automatic,18.1,0
C02713,2025-05-01,38,1639.04,71.76,1,0,annual,automatic,76.01,0
C02714,2025-05-01,37,476.11,20.05,1,0,monthly,automatic,3.02,0
C02715,2025-05-01,34,333.93,80.46,4,0,annual,automatic,54.08,0
C02716,2025-05-01,32,558.75,57.92,0,0,monthly,manual,62.11,0
C02717,2025-05-01,50,2092.57,50.3,1,1,monthly,automatic,,1
C02718,2025-05-01,42,1909.85,31.18,1,0,monthly,manual,43.52,0
C02719,2025-05-01,12,2381.18,98.47,2,0,monthly,manual,48.38,1
C02720,2025-05-01,46,2450.65,73.61,0,0,monthly,automatic,93.47,0
C02721,2025-05-01,49,2253.55,78.92,1,0,monthly,automatic,101.14,0
C02722,2025-05-01,9,504.73,78.03,2,0,annual,manual,83.06,0
C02723,2025-05-01,28,2219.28,60.48,2,0,annual,automatic,12.89,0
C02724,2025-05-01,57,2127.87,94.27,3,1,annual,automatic,69.01,1
C02725,2025-05-01,45,2202.5,60.46,1,0,annual,automatic,57.92,1
C02726,2025-05-01,10,547.88,54.4,1,1,monthly,automatic,45.56,0
C02727,2025-05-01,3,467.62,31.0,0,0,annual,automatic,4.99,1
C02728,2025-05-01,42,2323.76,31.76,0,0,monthly,automatic,26.31,1
C02729,2025-05-01,34,598.8,75.0,0,0,monthly,automatic,44.57,1
C02730,2025-05-01,70,1046.83,36.8,4,0,monthly,manual,41.47,0
C02731,2025-05-01,38,1247.77,74.23,2,0,monthly,manual,80.76,1
C02732,2025-05-01,68,485.22,95.51,2,0,annual,automatic,105.35,0
C02733,2025-05-01,16,246.46,46.73,1,0,monthly,automatic,36.95,0
C02734,2025-05-01,33,2485.41,14.25,2,1,monthly,automatic,13.21,1
C02735,2025-05-01,11,2215.31,68.32,2,1,monthly,automatic,60.85,1
C02736,2025-05-01,42,2297.38,5.9,2,0,monthly,automatic,7.31,0
C02737,2025-05-01,14,853.5,79.77,1,0,annual,manual,58.5,1
C02738,2025-05-01,36,705.23,54.94,0,0,monthly,automatic,35.98,1
C02739,2025-05-01,25,1178.49,51.52,1,0,monthly,manual,64.74,0
C02740,2025-05-01,14,1241.63,59.1,2,0,annual,automatic,71.35,0
C02741,2025-05-01,7,211.88,54.06,1,0,monthly,automatic,58.55,0
C02742,2025-05-01,37,1991.28,35.76,2,0,monthly,manual,52.67,1
C02743,2025-05-01,69,2491.33,31.74,1,0,annual,manual,52.4,0
C02744,2025-05-01,15,1414.99,44.45,0,1,annual,automatic,60.04,0
C02745,2025-05-01,30,1091.99,90.02,0,0,monthly,automatic,59.27,1
C02746,2025-05-01,17,1102.33,17.86,3,0,monthly,automatic,21.63,0
C02747,2025-05-01,59,419.98,35.85,1,0,monthly,manual,34.37,0
C02748,2025-05-01,30,811.17,23.27,0,0,monthly,automatic,16.83,1
C02749,2025-05-01,71,1353.91,45.58,0,0,monthly,automatic,30.11,0
C02750,2025-05-01,18,1192.25,17.68,1,0,monthly,automatic,17.93,0
C02751,2025-05-01,6,1452.58,77.28,1,0,monthly,manual,93.19,1
C02752,2025-05-01,42,2151.85,14.83,3,0,annual,automatic,20.8,0
C02753,2025-05-01,47,717.06,68.2,1,0,annual,,78.84,1
C02754,2025-05-01,72,262.63,30.43,1,0,annual,manual,34.11,0
C02755,2025-05-01,63,286.92,49.86,2,0,monthly,manual,42.28,1
C02756,2025-05-01,64,507.59,24.0,1,1,monthly,manual,23.9,0
C02757,2025-05-01,46,1511.11,74.37,1,1,monthly,,29.51,1
C02758,2025-05-01,26,2057.83,95.09,0,0,monthly,automatic,106.3,0
C02759,2025-05-01,31,2238.65,26.07,0,0,monthly,manual,27.92,0
C02760,2025-05-01,10,1659.76,95.55,0,0,annual,manual,151.92,0
C02761,2025-05-01,32,1126.23,35.9,0,1,monthly,automatic,32.53,0
C02762,2025-05-01,27,554.38,58.0,1,0,monthly,automatic,77.54,0
C02763,2025-05-01,3,1122.26,71.65,1,0,monthly,manual,54.02,0
C02764,2025-05-01,15,963.55,23.93,1,0,monthly,automatic,36.23,0
C02765,2025-05-01,39,2200.06,47.25,0,0,monthly,manual,67.44,0
C02766,2025-05-01,27,1318.45,11.44,3,2,monthly,automatic,15.06,0
C02767,2025-05-01,72,719.25,71.22,3,0,monthly,manual,67.02,1
C02768,2025-05-01,35,863.24,44.58,0,0,monthly,automatic,37.55,0
C02769,2025-05-01,70,512.88,89.71,0,1,monthly,automatic,70.89,0
C02770,2025-05-01,48,2311.75,31.03,1,0,annual,manual,17.98,0
C02771,2025-05-01,3,314.8,92.74,0,0,annual,manual,100.5,1
C02772,2025-05-01,15,228.55,18.4,2,0,monthly,automatic,15.33,0
C02773,2025-05-01,51,619.87,62.66,1,0,monthly,automatic,,0
C02774,2025-05-01,40,2064.01,34.24,1,0,annual,automatic,33.54,0
C02775,2025-05-01,22,1402.97,22.27,0,0,annual,manual,12.12,0
C02776,2025-05-01,38,1638.44,13.92,1,0,annual,automatic,17.98,0
C02777,2025-05-01,66,1021.78,67.29,2,0,monthly,,64.17,0
C02778,2025-05-01,28,356.96,27.15,0,0,annual,automatic,33.17,0
C02779,2025-05-01,4,2168.16,59.42,0,0,annual,manual,30.43,0
C02780,2025-05-01,23,640.36,98.04,0,0,monthly,automatic,63.98,0
C02781,2025-05-01,68,275.04,35.02,2,0,monthly,manual,27.41,1
C02782,2025-05-01,55,1516.22,8.32,0,0,annual,manual,8.36,0
C02783,2025-05-01,61,390.57,18.57,3,0,annual,manual,16.41,0
C02784,2025-05-01,66,419.25,16.34,1,0,monthly,automatic,22.84,0
C02785,2025-05-01,9,2039.87,49.01,1,0,monthly,automatic,62.84,0
C02786,2025-05-01,21,1329.7,75.74,1,1,monthly,manual,50.3,0
C02787,2025-05-01,5,754.47,33.16,1,0,annual,automatic,64.7,0
C02788,2025-05-01,1,1000.84,18.86,1,1,monthly,manual,16.79,1
C02789,2025-05-01,61,1876.25,65.87,1,0,monthly,automatic,90.37,0
C02790,2025-05-01,68,351.61,33.61,2,1,monthly,manual,27.57,0
C02791,2025-05-01,12,466.91,59.64,0,1,monthly,manual,67.91,1
C02792,2025-05-01,52,1616.4,93.71,0,1,annual,manual,117.37,0
C02793,2025-05-01,39,1595.03,32.68,0,0,annual,manual,12.86,0
C02794,2025-05-01,5,2435.66,53.69,1,0,monthly,automatic,82.22,1
C02795,2025-05-01,66,1060.46,81.65,0,0,monthly,automatic,52.79,0
C02796,2025-05-01,63,348.68,70.71,0,0,monthly,automatic,56.41,1
C02797,2025-05-01,41,1435.34,76.39,0,0,monthly,manual,54.1,0
C02798,2025-05-01,51,1667.2,78.39,0,1,monthly,automatic,56.56,0
C02799,2025-05-01,29,520.09,56.29,1,0,monthly,automatic,41.54,0
C02800,2025-05-01,58,1470.58,55.93,2,0,monthly,automatic,28.08,1
C02801,2025-05-01,33,653.86,73.29,2,1,annual,manual,86.95,0
C02802,2025-05-01,72,2141.88,71.28,0,0,annual,manual,68.45,0
C02803,2025-05-01,5,2119.87,68.66,1,1,monthly,manual,59.84,0
C02804,2025-05-01,13,1187.15,41.3,1,0,annual,automatic,52.68,0
C02805,2025-05-01,70,2422.51,83.71,1,0,monthly,manual,128.77,0
C02806,2025-05-01,21,2452.48,27.44,0,0,monthly,automatic,10.26,0
C02807,2025-05-01,23,496.28,19.79,0,1,monthly,manual,29.45,0
C02808,2025-05-01,57,1044.74,37.79,1,0,monthly,manual,34.46,1
C02809,2025-05-01,14,1579.74,29.11,0,1,monthly,automatic,13.02,1
C02810,2025-05-01,37,394.13,68.0,0,0,annual,automatic,72.38,0
C02811,2025-05-01,21,1079.11,26.95,3,0,annual,automatic,23.69,0
C02812,2025-05-01,15,799.7,67.37,2,0,monthly,automatic,82.27,0
C02813,2025-05-01,70,2388.72,53.76,2,0,annual,automatic,52.19,1
C02814,2025-05-01,15,1145.65,19.48,0,0,annual,automatic,20.35,0
C02815,2025-05-01,7,1953.14,29.55,0,0,annual,automatic,22.68,1
C02816,2025-05-01,49,1088.42,54.56,3,0,monthly,automatic,30.56,1
C02817,2025-05-01,63,502.17,74.65,3,0,monthly,automatic,88.06,0
C02818,2025-05-01,10,2184.25,42.83,1,1,annual,manual,31.53,1
C02819,2025-05-01,51,199.96,27.12,0,0,annual,manual,28.77,0
C02820,2025-05-01,39,327.66,33.03,0,0,monthly,automatic,47.56,0
C02821,2025-05-01,60,1037.08,14.04,0,0,annual,manual,12.13,0
C02822,2025-05-01,10,1778.87,7.39,0,0,monthly,manual,8.61,1
C02823,2025-05-01,71,984.92,97.45,0,0,monthly,automatic,88.61,0
C02824,2025-05-01,45,351.52,14.16,1,1,annual,manual,11.22,0
C02825,2025-05-01,61,930.03,16.86,1,0,annual,manual,6.29,1
C02826,2025-05-01,27,762.46,87.74,3,1,monthly,manual,79.51,1
C02827,2025-05-01,68,211.47,68.03,1,1,annual,automatic,58.68,0
C02828,2025-05-01,46,1429.04,46.43,1,0,monthly,automatic,28.56,0
C02829,2025-05-01,10,467.29,66.66,0,0,monthly,automatic,13.85,1
C02830,2025-05-01,67,860.24,93.82,0,0,monthly,manual,31.47,0
C02831,2025-05-01,58,1673.74,14.44,1,0,monthly,manual,22.31,0
C02832,2025-05-01,22,1866.77,28.15,1,0,monthly,automatic,26.27,1
C02833,2025-05-01,40,804.95,86.73,0,0,monthly,automatic,36.19,1
C02834,2025-05-01,28,956.15,79.16,0,0,monthly,automatic,56.14,1
C02835,2025-05-01,40,766.89,99.45,2,0,monthly,manual,91.85,0
C02836,2025-05-01,70,2399.84,34.82,0,0,monthly,automatic,37.5,0
C02837,2025-05-01,65,637.2,94.76,0,0,monthly,automatic,79.44,0
C02838,2025-05-01,16,620.32,37.65,1,0,monthly,automatic,61.27,1
C02839,2025-05-01,70,1222.58,72.93,0,0,monthly,automatic,119.89,0
C02840,2025-05-01,32,634.4,88.86,2,0,monthly,manual,93.66,1
C02841,2025-05-01,51,559.43,21.22,0,0,annual,automatic,16.8,1
C02842,2025-05-01,56,419.52,24.54,5,0,annual,automatic,25.86,0
C02843,2025-05-01,35,1671.39,60.19,1,1,monthly,manual,27.38,1
C02844,2025-05-01,33,1606.79,85.16,0,0,monthly,automatic,108.14,0
C02845,2025-05-01,33,1694.37,12.5,2,0,monthly,automatic,12.25,1
C02846,2025-05-01,63,1977.59,85.83,2,0,monthly,manual,42.7,1
C02847,2025-05-01,28,949.62,37.6,1,0,annual,manual,26.9,0
C02848,2025-05-01,21,2311.37,43.59,4,0,monthly,automatic,48.85,1
C02849,2025-05-01,27,1885.37,37.29,1,1,annual,manual,12.57,0
C02850,2025-05-01,15,2049.83,91.59,0,0,annual,automatic,55.62,1
C02851,2025-05-01,29,1857.21,17.43,1,0,annual,manual,13.19,0
C02852,2025-05-01,9,1023.45,59.56,1,0,annual,manual,75.12,0
C02853,2025-05-01,7,849.97,19.07,0,1,monthly,automatic,28.99,0
C02854,2025-05-01,53,1170.79,93.22,0,0,monthly,manual,98.12,0
C02855,2025-05-01,6,422.17,80.8,0,0,monthly,automatic,4.04,0
C02856,2025-05-01,41,1236.95,27.21,1,1,monthly,automatic,14.4,1
C02857,2025-05-01,57,298.22,33.29,1,0,annual,automatic,66.58,0
C02858,2025-05-01,53,,41.24,1,1,annual,manual,40.21,0
C02859,2025-05-01,33,2341.45,43.51,4,0,annual,automatic,2.18,0
C02860,2025-05-01,14,1784.47,82.65,0,0,annual,manual,144.68,0
C02861,2025-05-01,68,1491.25,58.63,1,0,monthly,automatic,26.52,1
C02862,2025-05-01,61,983.53,45.66,2,0,annual,automatic,51.17,1
C02863,2025-05-01,45,1511.24,73.35,1,0,annual,manual,38.05,0
C02864,2025-05-01,7,,48.5,2,0,annual,automatic,82.0,0
C02865,2025-05-01,3,1699.47,17.18,1,0,monthly,manual,7.29,1
C02866,2025-05-01,23,1584.71,15.21,2,0,monthly,manual,10.88,1
C02867,2025-05-01,12,1257.47,35.97,1,0,monthly,manual,46.3,0
C02868,2025-05-01,62,994.1,62.27,2,0,monthly,automatic,45.23,0
C02869,2025-05-01,15,1805.66,17.81,0,0,monthly,automatic,19.42,0
C02870,2025-05-01,21,2455.26,57.26,1,1,monthly,automatic,69.33,0
C02871,2025-05-01,71,1175.94,30.61,0,0,monthly,manual,30.06,0
C02872,2025-05-01,59,1101.07,71.06,1,0,monthly,automatic,37.74,0
C02873,2025-05-01,16,1183.66,7.68,1,0,monthly,manual,4.95,0
C02874,2025-05-01,28,1177.75,49.56,1,0,annual,manual,38.94,0
C02875,2025-05-01,38,2477.44,9.97,0,0,monthly,manual,11.22,0
C02876,2025-05-01,48,1824.59,36.4,1,0,monthly,manual,43.83,0
C02877,2025-05-01,68,1025.12,6.48,1,0,monthly,manual,6.43,0
C02878,2025-05-01,63,1053.46,49.56,1,1,monthly,,57.77,0
C02879,2025-05-01,71,1189.83,77.87,0,1,monthly,manual,28.26,1
C02880,2025-05-01,3,283.44,14.52,1,0,annual,automatic,14.87,0
C02881,2025-05-01,18,1412.98,74.85,2,1,monthly,manual,67.16,0
C02882,2025-05-01,41,2065.18,60.5,1,0,monthly,automatic,66.15,0
C02883,2025-05-01,4,1718.31,52.94,2,0,monthly,manual,62.64,1
C02884,2025-05-01,26,655.37,61.95,0,0,monthly,automatic,34.2,0
C02885,2025-05-01,12,1873.48,36.91,1,0,annual,manual,32.54,1
C02886,2025-05-01,68,1853.75,72.48,2,0,monthly,automatic,100.53,0
C02887,2025-05-01,5,802.84,79.07,3,0,monthly,manual,81.16,1
C02888,2025-05-01,11,1631.61,78.93,1,0,annual,automatic,69.85,0
C02889,2025-05-01,15,1604.18,30.6,3,0,annual,automatic,15.11,1
C02890,2025-05-01,11,2130.51,67.12,2,0,monthly,manual,74.5,0
C02891,2025-05-01,41,511.97,19.07,0,1,annual,manual,8.27,1
C02892,2025-05-01,27,647.13,52.06,0,1,monthly,automatic,44.64,1
C02893,2025-05-01,66,1316.73,5.25,1,0,monthly,automatic,3.93,0
C02894,2025-05-01,19,300.53,23.39,0,0,annual,manual,24.74,0
C02895,2025-05-01,39,1154.87,65.01,2,0,annual,automatic,46.19,0
C02896,2025-05-01,48,2011.9,88.06,3,0,monthly,automatic,70.89,1
C02897,2025-05-01,46,541.04,9.66,1,0,monthly,manual,5.81,1
C02898,2025-05-01,58,1256.88,58.06,2,1,monthly,automatic,48.37,1
C02899,2025-05-01,15,2475.47,65.49,0,0,annual,manual,65.17,1
C02900,2025-05-01,37,1362.62,93.58,0,1,monthly,automatic,74.72,1
C02901,2025-05-01,58,1345.14,67.24,0,1,annual,manual,54.48,0
C02902,2025-05-01,63,1484.23,14.79,0,0,monthly,automatic,14.46,0
C02903,2025-05-01,45,626.81,18.94,1,1,annual,automatic,24.06,0
C02904,2025-05-01,47,537.48,65.4,3,0,annual,manual,77.21,0
C02905,2025-05-01,63,1756.92,25.48,0,1,monthly,manual,11.9,1
C02906,2025-05-01,45,1109.26,93.19,0,0,monthly,manual,110.76,0
C02907,2025-05-01,69,865.79,92.47,1,0,monthly,manual,129.34,0
C02908,2025-05-01,10,271.2,95.12,1,0,monthly,automatic,111.0,1
C02909,2025-05-01,26,2144.92,32.83,0,0,monthly,manual,2.47,1
C02910,2025-05-01,9,273.36,73.11,0,1,annual,automatic,74.04,0
C02911,2025-05-01,7,1923.96,67.99,1,1,monthly,automatic,95.47,1
C02912,2025-05-01,34,1077.57,8.38,1,0,monthly,automatic,6.39,0
C02913,2025-05-01,17,1575.98,30.23,0,1,monthly,automatic,58.5,0
C02914,2025-05-01,30,768.66,24.64,0,0,monthly,automatic,3.87,0
C02915,2025-05-01,32,556.42,40.23,3,0,monthly,automatic,39.07,1
C02916,2025-05-01,45,1425.79,95.54,1,0,annual,manual,112.09,0
C02917,2025-05-01,69,1798.92,85.33,2,1,annual,manual,83.64,1
C02918,2025-05-01,62,648.63,32.88,0,0,monthly,automatic,32.02,0
C02919,2025-05-01,28,1202.63,55.35,1,0,annual,automatic,30.77,0
C02920,2025-05-01,24,1221.71,23.27,0,0,monthly,automatic,16.72,1
C02921,2025-05-01,56,695.75,31.36,1,1,annual,manual,35.15,0
C02922,2025-05-01,9,1498.61,11.18,1,0,monthly,automatic,2.01,1
C02923,2025-05-01,39,534.65,66.05,1,0,monthly,manual,81.69,0
C02924,2025-05-01,31,1371.42,67.41,1,0,annual,automatic,59.33,0
C02925,2025-05-01,14,459.89,84.66,1,0,monthly,manual,94.25,0
C02926,2025-05-01,45,1315.75,87.8,2,0,annual,manual,106.79,0
C02927,2025-05-01,24,915.68,20.21,0,0,annual,automatic,40.42,0
C02928,2025-05-01,14,1239.17,75.59,0,0,monthly,manual,106.55,0
C02929,2025-05-01,48,1196.62,17.8,2,1,monthly,automatic,8.89,0
C02930,2025-05-01,13,2287.25,40.5,1,1,monthly,automatic,67.9,0
C02931,2025-05-01,49,1325.85,53.98,3,0,monthly,automatic,2.7,0
C02932,2025-05-01,12,2081.55,9.7,1,0,monthly,automatic,7.42,0
C02933,2025-05-01,32,718.0,19.89,1,0,monthly,manual,19.51,0
C02934,2025-05-01,59,1008.79,30.76,1,0,monthly,automatic,24.81,0
C02935,2025-05-01,17,371.71,17.12,0,0,monthly,manual,17.44,0
C02936,2025-05-01,56,1166.72,93.74,1,0,monthly,manual,80.7,0
C02937,2025-05-01,52,1737.01,32.39,2,1,monthly,manual,44.36,0
C02938,2025-05-01,65,2126.78,52.61,2,1,monthly,automatic,39.52,1
C02939,2025-05-01,13,1500.6,99.67,2,0,annual,automatic,87.66,1
C02940,2025-05-01,52,1671.17,58.83,1,1,monthly,manual,90.6,0
C02941,2025-05-01,68,606.71,44.09,1,1,monthly,automatic,55.5,1
C02942,2025-05-01,55,284.57,93.33,0,0,annual,manual,80.31,0
C02943,2025-05-01,14,2019.88,26.14,1,0,monthly,automatic,28.37,0
C02944,2025-05-01,60,583.19,22.05,2,1,monthly,automatic,34.74,0
C02945,2025-05-01,8,408.69,55.86,2,1,monthly,manual,24.32,1
C02946,2025-05-01,43,2355.39,45.59,1,0,monthly,manual,24.59,1
C02947,2025-05-01,36,2415.1,80.71,0,0,annual,automatic,58.02,0
C02948,2025-05-01,39,1616.39,8.99,3,0,monthly,manual,8.95,1
C02949,2025-05-01,38,1069.87,63.68,1,0,monthly,automatic,80.17,0
C02950,2025-05-01,3,2115.45,72.51,1,1,monthly,automatic,47.3,0
C02951,2025-05-01,37,669.86,97.33,2,1,monthly,automatic,57.47,1
C02952,2025-05-01,68,1186.6,18.85,2,0,monthly,manual,8.69,1
C02953,2025-05-01,32,1020.14,28.39,0,0,monthly,manual,16.76,0
C02954,2025-05-01,20,2298.21,93.58,1,0,monthly,manual,64.62,0
C02955,2025-05-01,72,2314.49,64.91,0,0,monthly,automatic,10.57,0
C02956,2025-05-01,8,1696.04,8.61,3,0,monthly,manual,6.23,1
C02957,2025-05-01,36,453.7,12.35,2,0,annual,automatic,6.83,0
C02958,2025-05-01,37,1308.04,79.62,0,0,monthly,automatic,68.68,0
C02959,2025-05-01,35,763.26,58.91,2,0,annual,manual,89.21,0
C02960,2025-05-01,67,2234.31,58.71,2,0,annual,automatic,21.27,0
C02961,2025-05-01,31,517.33,88.59,1,0,monthly,automatic,112.94,0
C02962,2025-05-01,71,323.91,27.9,1,1,annual,manual,41.95,1
C02963,2025-05-01,5,1819.19,20.24,1,0,annual,manual,25.46,0
C02964,2025-05-01,53,1241.56,63.31,1,0,monthly,automatic,65.83,0
C02965,2025-05-01,43,2127.24,88.83,1,0,monthly,manual,122.58,0
C02966,2025-05-01,18,,30.2,0,0,monthly,manual,34.47,0
C02967,2025-05-01,17,2041.48,69.72,0,0,monthly,automatic,91.25,0
C02968,2025-05-01,52,284.87,19.48,2,1,monthly,manual,18.73,1
C02969,2025-05-01,46,263.56,21.33,1,0,monthly,automatic,11.71,1
C02970,2025-05-01,45,1260.03,90.64,1,0,monthly,automatic,120.31,1
C02971,2025-05-01,4,707.97,16.21,3,0,monthly,,29.72,0
C02972,2025-05-01,44,1564.55,7.31,2,0,monthly,automatic,5.85,1
C02973,2025-05-01,71,258.38,78.62,0,0,monthly,manual,72.95,0
C02974,2025-05-01,2,280.4,39.44,1,0,monthly,automatic,37.83,1
C02975,2025-05-01,34,1871.44,42.68,1,0,annual,automatic,17.32,0
C02976,2025-05-01,36,,80.99,1,0,annual,automatic,50.47,0
C02977,2025-05-01,65,1708.76,22.09,0,0,monthly,manual,22.68,0
C02978,2025-05-01,21,1923.82,66.78,0,0,annual,automatic,59.24,0
C02979,2025-05-01,35,335.46,34.79,2,0,annual,automatic,32.21,0
C02980,2025-05-01,52,1969.43,14.91,2,0,annual,manual,13.86,1
C02981,2025-05-01,5,816.37,70.31,1,0,annual,automatic,61.83,0
C02982,2025-05-01,58,1094.96,35.27,1,0,monthly,manual,23.0,0
C02983,2025-05-01,60,398.27,87.33,2,0,monthly,automatic,93.64,0
C02984,2025-05-01,52,2127.85,92.31,1,0,annual,automatic,95.54,0
C02985,2025-05-01,47,1488.68,85.66,2,0,annual,automatic,52.42,0
C02986,2025-05-01,54,1359.73,35.62,1,0,monthly,manual,37.94,1
C02987,2025-05-01,57,2426.68,27.48,1,0,monthly,manual,19.29,0
C02988,2025-05-01,66,968.36,89.82,1,0,monthly,automatic,103.17,0
C02989,2025-05-01,31,2247.79,48.03,0,0,monthly,manual,43.46,0
C02990,2025-05-01,33,1854.28,72.24,0,0,monthly,manual,76.43,0
C02991,2025-05-01,46,2334.61,83.58,0,0,monthly,automatic,82.04,0
C02992,2025-05-01,14,2286.94,31.38,0,0,monthly,automatic,28.25,0
C02993,2025-05-01,62,2478.37,16.31,0,1,monthly,automatic,16.87,0
C02994,2025-05-01,56,501.86,64.36,1,0,monthly,automatic,78.18,0
C02995,2025-05-01,46,2029.84,61.07,1,0,monthly,manual,58.76,1
C02996,2025-05-01,22,2049.34,30.67,2,0,monthly,manual,29.34,0
C02997,2025-05-01,26,1681.06,60.55,0,1,monthly,manual,48.21,1
C02998,2025-05-01,32,840.38,80.08,1,0,monthly,manual,22.7,1
C02999,2025-05-01,48,2418.84,38.25,0,0,monthly,manual,35.64,0
C03000,2025-05-01,57,669.17,28.02,1,0,monthly,manual,13.36,1
C03001,2025-05-01,49,1348.02,73.88,2,0,monthly,manual,53.34,0
C03002,2025-05-01,67,1398.42,79.66,2,0,annual,manual,49.14,0
C03003,2025-05-01,70,571.21,95.66,2,0,monthly,manual,63.98,1
C03004,2025-05-01,51,1860.82,19.02,0,0,monthly,manual,13.14,0
C03005,2025-05-01,27,403.39,89.48,0,0,monthly,automatic,97.53,0
C03006,2025-05-01,44,1793.12,77.68,1,0,monthly,automatic,80.51,1
C03007,2025-05-01,31,2150.82,71.68,1,1,monthly,manual,68.73,1
C03008,2025-05-01,46,1002.61,34.74,2,0,monthly,automatic,46.67,1
C03009,2025-05-01,59,1830.67,7.11,0,0,annual,automatic,14.15,0
C03010,2025-05-01,27,559.58,53.22,2,0,monthly,automatic,58.41,0
C03011,2025-05-01,37,2144.68,32.15,2,0,annual,automatic,39.8,0
C03012,2025-05-01,4,2388.67,32.53,0,0,annual,automatic,33.12,0
C03013,2025-05-01,54,550.2,93.08,3,0,monthly,automatic,106.74,1
C03014,2025-05-01,36,1790.28,19.53,1,0,annual,manual,6.86,0
C03015,2025-05-01,34,1362.41,93.75,1,0,monthly,manual,4.69,1
C03016,2025-05-01,39,1421.45,52.86,1,0,monthly,automatic,9.52,1
C03017,2025-05-01,16,1823.93,84.64,0,1,monthly,automatic,59.37,1
C03018,2025-05-01,44,1323.1,31.94,0,0,monthly,automatic,44.67,0
C03019,2025-05-01,54,1579.75,65.22,1,1,monthly,automatic,65.83,0
C03020,2025-05-01,26,730.07,57.88,2,0,monthly,manual,45.34,0
C03021,2025-05-01,10,1069.57,92.8,1,1,monthly,manual,103.87,1
C03022,2025-05-01,28,2189.05,22.03,2,1,monthly,automatic,22.99,0
C03023,2025-05-01,15,451.78,24.43,1,0,monthly,automatic,10.89,1
C03024,2025-05-01,27,1573.42,95.15,2,0,monthly,manual,103.15,1
C03025,2025-05-01,46,622.86,14.31,1,0,annual,manual,17.33,0
C03026,2025-05-01,9,2146.04,65.29,2,0,monthly,manual,,0
C03027,2025-05-01,54,1530.8,10.75,0,1,annual,automatic,9.59,0
C03028,2025-05-01,17,,12.31,0,0,monthly,automatic,18.62,0
C03029,2025-05-01,65,773.6,61.73,1,0,monthly,automatic,48.05,0
C03030,2025-05-01,53,1203.74,57.38,1,0,monthly,automatic,99.51,0
C03031,2025-05-01,20,2401.51,59.44,3,0,monthly,manual,42.31,1
C03032,2025-05-01,41,1370.18,50.0,0,0,monthly,automatic,57.25,0
C03033,2025-05-01,8,1278.83,75.52,0,0,monthly,manual,77.05,1
C03034,2025-05-01,8,1915.43,99.26,0,2,annual,manual,143.08,0
C03035,2025-05-01,69,1070.81,31.2,2,0,monthly,manual,43.5,0
C03036,2025-05-01,58,1182.08,35.73,1,0,monthly,manual,19.84,0
C03037,2025-05-01,12,973.98,35.69,2,0,monthly,automatic,28.63,0
C03038,2025-05-01,21,546.12,77.51,0,1,monthly,manual,128.99,1
C03039,2025-05-01,15,1840.76,38.06,1,0,annual,manual,36.34,1
C03040,2025-05-01,29,2206.97,69.29,1,0,monthly,automatic,83.49,0
C03041,2025-05-01,21,2281.86,47.36,2,1,monthly,automatic,25.83,1
C03042,2025-05-01,24,2224.85,62.74,0,0,annual,automatic,52.32,0
C03043,2025-05-01,39,1238.1,83.76,1,0,annual,automatic,56.28,0
C03044,2025-05-01,14,852.35,53.84,1,0,annual,manual,66.98,0
C03045,2025-05-01,64,1666.22,50.14,1,0,annual,automatic,59.07,0
C03046,2025-05-01,53,2394.82,30.36,2,0,monthly,automatic,40.93,1
C03047,2025-05-01,55,1871.22,54.01,0,0,monthly,manual,29.17,0
C03048,2025-05-01,13,1337.15,29.93,0,0,monthly,manual,33.28,1
C03049,2025-05-01,51,1783.26,85.14,0,0,monthly,automatic,78.93,0
C03050,2025-05-01,61,1975.84,41.94,0,0,annual,manual,2.7,1
C03051,2025-05-01,13,2313.32,17.27,1,2,monthly,manual,18.69,1
C03052,2025-05-01,55,1954.4,27.8,3,0,monthly,automatic,,0
C03053,2025-05-01,26,1195.34,55.79,1,1,annual,automatic,82.0,0
C03054,2025-05-01,57,828.29,92.05,1,0,monthly,automatic,83.55,0
C03055,2025-05-01,35,1348.73,33.55,2,1,monthly,manual,40.61,0
C03056,2025-05-01,58,953.81,30.12,1,0,annual,manual,33.46,0
C03057,2025-05-01,11,2367.36,43.62,1,0,monthly,automatic,28.53,1
C03058,2025-05-01,29,1367.32,96.94,2,0,monthly,manual,58.76,0
C03059,2025-05-01,20,1284.73,85.3,3,0,monthly,automatic,77.05,1
C03060,2025-05-01,18,999.85,19.22,0,1,monthly,manual,16.1,0
C03061,2025-05-01,23,1669.64,63.31,3,0,monthly,automatic,60.2,0
C03062,2025-05-01,28,1395.12,80.23,1,0,annual,automatic,62.08,0
C03063,2025-05-01,10,495.81,77.96,0,0,monthly,manual,77.52,1
C03064,2025-05-01,51,2198.18,51.44,0,0,monthly,manual,28.13,0
C03065,2025-05-01,40,1024.73,74.52,0,0,monthly,automatic,108.3,0
C03066,2025-05-01,60,1193.93,60.44,1,0,annual,manual,17.11,0
C03067,2025-05-01,51,672.03,24.14,2,0,monthly,automatic,21.52,0
C03068,2025-05-01,11,1471.82,10.33,1,0,annual,manual,8.77,1
C03069,2025-05-01,6,1813.73,40.1,0,0,monthly,automatic,34.99,0
C03070,2025-05-01,31,2225.68,10.88,1,0,annual,automatic,6.8,0
C03071,2025-05-01,35,317.7,42.53,0,1,monthly,automatic,16.63,0
C03072,2025-05-01,18,2437.66,83.74,1,0,annual,automatic,84.09,0
C03073,2025-05-01,57,1817.78,85.21,1,0,monthly,automatic,72.28,0
C03074,2025-05-01,42,852.89,8.24,1,1,annual,automatic,8.69,0
C03075,2025-05-01,54,669.29,11.61,1,2,monthly,manual,3.98,1
C03076,2025-05-01,8,880.0,68.64,1,1,monthly,automatic,104.39,0
C03077,2025-05-01,59,2213.17,52.5,0,0,monthly,,46.83,0
C03078,2025-05-01,15,869.2,19.19,2,1,monthly,automatic,0.96,1
C03079,2025-05-01,33,1263.49,81.53,1,0,annual,manual,80.39,0
C03080,2025-05-01,32,1822.2,25.57,1,0,monthly,manual,19.3,0
C03081,2025-05-01,60,2204.58,12.42,1,0,annual,manual,6.5,1
C03082,2025-05-01,20,1713.71,76.2,0,0,monthly,automatic,102.96,0
C03083,2025-05-01,18,1931.15,62.77,2,1,monthly,manual,78.17,1
C03084,2025-05-01,25,597.65,42.47,2,0,annual,manual,44.15,0
C03085,2025-05-01,26,2217.04,70.81,3,0,monthly,manual,67.05,1
C03086,2025-05-01,14,833.15,91.58,0,1,monthly,automatic,100.44,0
C03087,2025-05-01,13,494.27,8.25,1,0,monthly,manual,3.03,1
C03088,2025-05-01,17,2444.36,64.63,1,0,monthly,manual,63.8,0
C03089,2025-05-01,34,662.77,25.73,1,0,annual,manual,34.82,0
C03090,2025-05-01,25,513.3,50.04,1,0,monthly,automatic,64.25,0
C03091,2025-05-01,29,1638.85,45.28,2,0,monthly,automatic,25.01,1
C03092,2025-05-01,52,932.39,42.05,1,0,annual,manual,41.42,0
C03093,2025-05-01,18,505.7,23.08,2,1,monthly,automatic,12.16,1
C03094,2025-05-01,66,1581.58,81.25,2,0,annual,manual,79.22,0
C03095,2025-05-01,55,,41.05,1,1,annual,automatic,26.96,0
C03096,2025-05-01,13,2023.36,89.28,0,0,annual,manual,54.95,1
C03097,2025-05-01,23,556.68,38.69,1,2,monthly,automatic,40.44,0
C03098,2025-05-01,14,1479.79,84.77,3,0,annual,automatic,56.46,1
C03099,2025-05-01,20,2070.46,56.72,2,0,monthly,manual,36.41,1
C03100,2025-05-01,27,569.5,41.63,2,0,monthly,automatic,43.42,0
C03101,2025-05-01,10,676.67,71.88,1,0,annual,automatic,28.86,0
C03102,2025-05-01,2,204.55,79.73,0,1,annual,manual,64.37,0
C03103,2025-05-01,32,1405.66,50.86,1,1,monthly,automatic,19.43,0
C03104,2025-05-01,51,646.77,45.41,0,0,annual,automatic,20.24,0
C03105,2025-05-01,22,1864.76,59.85,2,0,annual,automatic,79.59,0
C03106,2025-05-01,62,2412.09,60.59,3,0,monthly,automatic,46.91,0
C03107,2025-05-01,27,679.14,45.42,1,0,monthly,manual,30.38,1
C03108,2025-05-01,65,1691.92,76.98,2,1,annual,manual,93.75,0
C03109,2025-05-01,17,,42.97,3,0,monthly,manual,63.84,1
C03110,2025-05-01,39,240.42,48.03,1,1,monthly,manual,48.42,0
C03111,2025-05-01,55,1943.67,62.51,1,1,monthly,manual,79.84,0
C03112,2025-05-01,5,1197.21,98.75,0,0,annual,automatic,71.78,0
C03113,2025-05-01,67,2376.61,29.77,2,0,annual,manual,27.96,1
C03114,2025-05-01,27,1427.86,27.04,1,0,monthly,manual,24.95,1
C03115,2025-05-01,36,561.21,21.8,0,1,annual,manual,22.53,0
C03116,2025-05-01,46,1233.48,70.5,0,0,monthly,manual,88.66,0
C03117,2025-05-01,47,665.65,47.66,1,0,monthly,manual,19.33,0
C03118,2025-05-01,2,2218.47,41.92,0,0,monthly,automatic,25.51,1
C03119,2025-05-01,63,1788.08,24.39,1,0,monthly,automatic,18.3,0
C03120,2025-05-01,45,983.85,89.66,1,0,monthly,automatic,52.04,0
C03121,2025-05-01,72,1412.99,47.1,1,2,monthly,manual,47.12,0
C03122,2025-05-01,34,1738.8,62.73,1,0,monthly,manual,62.48,1
C03123,2025-05-01,45,1999.57,15.69,0,0,monthly,automatic,14.76,0
C03124,2025-05-01,32,383.34,15.26,0,0,monthly,automatic,11.89,0
C03125,2025-05-01,65,250.79,11.4,0,1,monthly,automatic,15.87,0
C03126,2025-05-01,60,462.24,39.9,1,0,monthly,automatic,39.73,1
C03127,2025-05-01,66,1107.49,49.92,0,0,monthly,automatic,43.3,1
C03128,2025-05-01,37,1272.43,28.23,0,0,annual,manual,26.63,0
C03129,2025-05-01,57,512.86,38.22,1,0,annual,,45.12,1
C03130,2025-05-01,26,1144.65,5.59,1,0,monthly,manual,5.56,0
C03131,2025-05-01,34,1214.73,38.35,1,1,monthly,manual,23.68,1
C03132,2025-05-01,55,449.91,16.32,1,1,monthly,manual,25.08,0
C03133,2025-05-01,6,2307.32,17.2,0,0,annual,automatic,18.61,0
C03134,2025-05-01,52,1577.04,5.43,0,0,monthly,automatic,2.81,0
C03135,2025-05-01,2,1092.63,71.16,2,0,monthly,automatic,20.24,0
C03136,2025-05-01,42,1364.89,93.47,1,0,monthly,automatic,108.53,0
C03137,2025-05-01,35,921.65,64.05,0,0,monthly,automatic,87.9,0
C03138,2025-05-01,34,2163.96,14.14,0,0,monthly,automatic,15.25,0
C03139,2025-05-01,36,1521.53,99.02,1,0,monthly,manual,112.33,0
C03140,2025-05-01,36,1337.26,97.68,2,0,monthly,automatic,111.67,0
C03141,2025-05-01,30,2294.04,49.48,0,0,monthly,manual,45.6,0
C03142,2025-05-01,33,2126.35,15.25,0,0,monthly,automatic,5.06,0
C03143,2025-05-01,41,2068.44,73.47,1,0,annual,automatic,49.62,0
C03144,2025-05-01,55,717.9,96.34,1,0,monthly,automatic,115.42,0
C03145,2025-05-01,40,551.18,78.98,2,1,annual,automatic,88.86,1
C03146,2025-05-01,47,1786.22,64.3,1,0,monthly,automatic,54.75,0
C03147,2025-05-01,61,1276.88,63.03,0,0,annual,manual,45.9,0
C03148,2025-05-01,72,1771.54,97.9,0,1,annual,automatic,96.03,0
C03149,2025-05-01,8,1948.44,11.95,1,0,monthly,automatic,9.56,1
C03150,2025-05-01,52,878.22,19.21,0,1,monthly,automatic,17.14,0
C03151,2025-05-01,17,853.7,83.93,0,0,monthly,automatic,81.1,0
C03152,2025-05-01,15,1327.91,18.79,0,0,annual,manual,12.18,1
C03153,2025-05-01,58,828.16,41.41,2,0,monthly,manual,49.69,0
C03154,2025-05-01,5,1733.78,31.74,1,0,monthly,manual,27.37,0
C03155,2025-05-01,62,1916.48,28.13,3,1,annual,manual,30.68,1
C03156,2025-05-01,56,1284.69,7.44,3,0,monthly,automatic,7.01,0
C03157,2025-05-01,72,1863.74,58.79,1,0,monthly,automatic,85.82,0
C03158,2025-05-01,49,1373.01,43.12,0,0,annual,automatic,47.86,0
C03159,2025-05-01,63,1838.6,57.4,2,0,annual,manual,61.0,0
C03160,2025-05-01,9,716.43,33.93,1,0,monthly,manual,35.62,0
C03161,2025-05-01,65,1898.34,94.44,0,2,monthly,manual,155.77,1
C03162,2025-05-01,12,1843.79,61.18,1,0,monthly,manual,55.34,1
C03163,2025-05-01,23,812.19,96.31,1,0,monthly,manual,94.13,0
C03164,2025-05-01,10,1477.73,38.25,1,0,annual,manual,36.59,0
C03165,2025-05-01,29,2166.22,5.22,1,0,monthly,manual,1.21,0
C03166,2025-05-01,54,772.9,79.22,0,1,monthly,automatic,75.46,0
C03167,2025-05-01,20,1891.75,83.6,2,0,annual,automatic,106.65,0
C03168,2025-05-01,60,2393.12,10.58,1,1,monthly,automatic,11.64,1
C03169,2025-05-01,44,2191.36,64.41,0,0,annual,automatic,93.32,0
C03170,2025-05-01,46,,67.8,3,0,monthly,automatic,81.02,0
C03171,2025-05-01,68,1595.58,18.84,2,0,monthly,manual,20.64,1
C03172,2025-05-01,32,2480.07,57.49,0,1,annual,automatic,70.78,0
C03173,2025-05-01,25,1506.41,28.1,1,0,monthly,automatic,29.44,0
C03174,2025-05-01,72,463.56,6.56,1,0,monthly,automatic,5.39,0
C03175,2025-05-01,41,303.49,87.36,1,0,monthly,automatic,76.44,0
C03176,2025-05-01,45,2016.72,51.71,1,0,annual,manual,4.44,1
C03177,2025-05-01,22,,79.26,0,1,monthly,automatic,117.17,0
C03178,2025-05-01,16,766.67,73.67,2,1,annual,automatic,62.66,1
C03179,2025-05-01,13,998.65,99.4,1,0,annual,automatic,55.15,0
C03180,2025-05-01,17,1940.96,46.61,0,0,monthly,manual,36.91,0
C03181,2025-05-01,15,1269.07,45.62,0,0,monthly,automatic,70.03,0
C03182,2025-05-01,54,2196.55,31.77,0,0,annual,automatic,30.03,0
C03183,2025-05-01,5,1889.33,64.39,2,0,annual,automatic,65.03,0
C03184,2025-05-01,46,2439.23,51.18,2,0,monthly,automatic,84.46,0
C03185,2025-05-01,69,2242.56,74.23,0,0,annual,manual,90.0,0
C03186,2025-05-01,56,784.46,38.87,2,1,annual,automatic,31.84,0
C03187,2025-05-01,30,1714.84,17.43,1,0,annual,automatic,5.67,0
C03188,2025-05-01,5,246.25,86.93,2,1,monthly,manual,99.42,0
C03189,2025-05-01,61,2478.55,83.66,2,0,monthly,automatic,57.11,1
C03190,2025-05-01,1,799.31,38.35,1,1,annual,automatic,44.14,0
C03191,2025-05-01,50,1728.03,70.58,0,2,monthly,manual,63.74,0
C03192,2025-05-01,49,2152.05,51.78,0,0,monthly,automatic,55.05,0
C03193,2025-05-01,14,568.07,77.29,2,0,monthly,automatic,95.34,0
C03194,2025-05-01,54,2149.12,42.06,2,0,annual,automatic,13.24,0
C03195,2025-05-01,13,227.17,55.89,0,1,monthly,manual,53.94,1
C03196,2025-05-01,17,1215.55,10.49,1,0,monthly,manual,9.58,0
C03197,2025-05-01,59,1284.69,21.62,2,0,monthly,automatic,22.07,1
C03198,2025-05-01,71,1059.41,79.27,1,1,monthly,manual,86.92,0
C03199,2025-05-01,20,1547.68,41.25,1,0,monthly,automatic,40.14,0
C03200,2025-05-01,67,2303.14,8.34,3,0,monthly,automatic,5.78,0
C03201,2025-05-01,66,951.07,20.93,1,0,monthly,manual,10.98,1
C03202,2025-05-01,56,1531.3,44.1,1,0,annual,automatic,16.07,1
C03203,2025-05-01,11,2217.16,73.2,3,0,monthly,automatic,70.41,0
C03204,2025-05-01,22,1976.89,39.53,1,0,monthly,automatic,43.65,1
C03205,2025-05-01,49,292.69,75.79,1,1,annual,manual,60.65,0
C03206,2025-05-01,72,2367.42,86.52,1,0,monthly,manual,104.75,0
C03207,2025-05-01,59,306.29,37.41,3,1,annual,manual,32.92,1
C03208,2025-05-01,31,1553.14,81.04,1,0,monthly,manual,72.13,0
C03209,2025-05-01,17,1522.31,17.05,0,1,annual,manual,7.1,1
C03210,2025-05-01,70,2007.7,44.45,0,0,annual,manual,34.0,0
C03211,2025-05-01,20,540.42,14.27,3,0,annual,manual,17.73,0
C03212,2025-05-01,25,611.55,9.99,1,0,monthly,automatic,14.08,0
C03213,2025-05-01,70,1928.85,11.13,4,0,monthly,manual,9.5,1
C03214,2025-05-01,41,542.86,14.95,1,0,annual,automatic,18.29,0
C03215,2025-05-01,20,1278.72,84.39,0,0,monthly,automatic,119.42,0
C03216,2025-05-01,1,1881.79,56.65,0,0,monthly,manual,33.53,1
C03217,2025-05-01,31,1696.86,95.0,0,0,monthly,manual,97.96,1
C03218,2025-05-01,71,683.39,56.11,1,1,annual,automatic,55.36,0
C03219,2025-05-01,32,898.11,64.73,2,0,annual,automatic,83.91,0
C03220,2025-05-01,51,2427.64,22.53,1,0,annual,manual,14.14,1
C03221,2025-05-01,19,1230.94,56.36,0,1,monthly,automatic,58.08,0
C03222,2025-05-01,56,301.25,41.6,1,0,annual,automatic,34.51,0
C03223,2025-05-01,56,704.05,93.49,2,1,annual,automatic,99.92,1
C03224,2025-05-01,44,986.6,93.72,1,0,monthly,automatic,126.29,0
C03225,2025-05-01,56,2497.83,23.86,0,0,monthly,automatic,34.29,0
C03226,2025-05-01,42,895.19,63.91,3,1,monthly,automatic,86.31,0
C03227,2025-05-01,28,259.71,65.63,1,0,monthly,manual,37.63,0
C03228,2025-05-01,54,1378.72,58.44,0,0,monthly,automatic,44.09,0
C03229,2025-05-01,61,391.29,16.81,0,0,monthly,automatic,21.39,0
C03230,2025-05-01,61,829.36,67.13,0,0,monthly,automatic,75.97,0
C03231,2025-05-01,16,2481.48,80.91,0,0,monthly,automatic,67.0,1
C03232,2025-05-01,49,1819.67,37.8,0,0,monthly,manual,22.65,0
C03233,2025-05-01,1,315.53,53.88,1,0,annual,automatic,2.69,1
C03234,2025-05-01,42,1230.98,16.05,0,0,monthly,manual,5.81,1
C03235,2025-05-01,42,593.77,93.42,2,2,monthly,automatic,75.96,1
C03236,2025-05-01,27,481.77,15.41,0,1,annual,manual,12.61,0
C03237,2025-05-01,72,1549.25,24.8,0,0,monthly,automatic,26.38,0
C03238,2025-05-01,64,1362.01,33.36,1,1,monthly,manual,37.72,1
C03239,2025-05-01,3,1907.59,83.45,0,1,annual,automatic,142.75,0
C03240,2025-05-01,16,2251.3,71.56,2,0,monthly,manual,46.55,0
C03241,2025-05-01,15,766.37,5.67,0,0,annual,automatic,1.34,0
C03242,2025-05-01,65,2321.88,22.44,1,0,annual,automatic,13.35,1
C03243,2025-05-01,38,1390.38,76.26,0,0,monthly,automatic,114.91,0
C03244,2025-05-01,53,794.32,43.36,3,1,annual,manual,40.09,0
C03245,2025-05-01,59,2144.31,7.49,1,0,monthly,automatic,9.54,0
C03246,2025-05-01,56,280.72,96.57,1,0,annual,manual,69.82,0
C03247,2025-05-01,7,1485.87,19.37,0,1,monthly,automatic,14.42,0
C03248,2025-05-01,11,1858.73,53.49,0,0,annual,automatic,17.12,1
C03249,2025-05-01,29,842.95,28.59,2,1,monthly,manual,22.99,1
C03250,2025-05-01,25,2185.03,75.06,2,1,monthly,automatic,69.34,1
C03251,2025-05-01,54,751.65,78.79,1,0,annual,automatic,96.41,0
C03252,2025-05-01,12,2130.71,42.74,1,0,annual,manual,47.71,0
C03253,2025-05-01,27,379.65,67.55,0,0,monthly,automatic,109.13,0
C03254,2025-05-01,18,566.83,91.36,2,0,monthly,manual,79.13,1
C03255,2025-05-01,14,1075.26,82.41,2,1,annual,automatic,82.81,0
C03256,2025-05-01,13,2163.33,44.42,1,0,monthly,manual,40.62,1
C03257,2025-05-01,15,531.55,46.94,0,0,monthly,automatic,31.77,1
C03258,2025-05-01,41,2212.51,89.25,0,0,monthly,manual,94.91,0
C03259,2025-05-01,30,727.38,8.27,1,0,annual,manual,6.81,0
C03260,2025-05-01,32,1239.77,7.17,1,0,annual,automatic,10.77,0
C03261,2025-05-01,35,1010.29,24.55,0,0,monthly,automatic,15.8,0
C03262,2025-05-01,54,470.69,83.62,0,0,annual,automatic,66.98,0
C03263,2025-05-01,63,2370.91,19.56,1,1,monthly,manual,9.48,1
C03264,2025-05-01,38,1206.81,32.1,1,0,monthly,automatic,33.33,0
C03265,2025-05-01,47,1786.76,64.76,2,0,annual,automatic,29.49,0
C03266,2025-05-01,54,1522.12,22.5,2,0,monthly,automatic,20.64,0
C03267,2025-05-01,50,1352.95,33.8,0,0,monthly,automatic,17.27,1
C03268,2025-05-01,10,1617.13,49.36,3,0,monthly,automatic,28.42,1
C03269,2025-05-01,71,2265.19,26.67,0,0,monthly,manual,17.4,0
C03270,2025-05-01,12,1807.42,99.28,2,0,monthly,manual,116.69,0
C03271,2025-05-01,30,1423.7,20.53,0,0,annual,automatic,18.21,0
C03272,2025-05-01,47,1682.93,85.74,3,1,monthly,manual,75.2,1
C03273,2025-05-01,30,1593.71,49.66,0,1,monthly,manual,55.46,0
C03274,2025-05-01,18,1195.18,17.27,0,0,monthly,automatic,11.9,0
C03275,2025-05-01,67,1635.96,16.26,1,0,annual,automatic,3.77,1
C03276,2025-05-01,6,,52.53,0,0,monthly,automatic,28.12,1
C03277,2025-05-01,18,1941.51,38.58,0,0,annual,manual,31.63,1
C03278,2025-05-01,72,2427.5,27.29,0,0,monthly,manual,24.64,0
C03279,2025-05-01,53,2406.69,96.1,1,0,monthly,manual,107.21,0
C03280,2025-05-01,7,2086.69,49.02,1,0,monthly,manual,42.61,1
C03281,2025-05-01,55,1583.05,93.24,0,0,monthly,manual,118.97,0
C03282,2025-05-01,70,1922.46,20.58,2,0,monthly,automatic,21.54,0
C03283,2025-05-01,8,608.51,22.43,3,0,annual,automatic,9.58,0
C03284,2025-05-01,30,1300.74,61.62,1,0,monthly,automatic,3.08,1
C03285,2025-05-01,34,790.8,30.64,1,0,annual,manual,17.39,0
C03286,2025-05-01,10,207.04,22.57,1,0,monthly,manual,21.85,0
C03287,2025-05-01,15,2422.5,14.0,0,0,monthly,automatic,14.7,0
C03288,2025-05-01,13,2185.85,12.25,2,2,annual,automatic,10.82,1
C03289,2025-05-01,14,1380.51,76.55,0,0,monthly,automatic,73.65,0
C03290,2025-05-01,30,783.55,31.81,1,0,annual,manual,43.97,0
C03291,2025-05-01,34,1792.84,97.95,1,0,annual,automatic,90.59,0
C03292,2025-05-01,18,1199.04,22.4,0,0,annual,automatic,23.35,1
C03293,2025-05-01,21,2046.7,38.67,0,1,monthly,manual,57.18,0
C03294,2025-05-01,14,2497.89,40.62,0,0,annual,manual,11.62,1
C03295,2025-05-01,58,1001.89,52.51,1,1,annual,automatic,79.73,0
C03296,2025-05-01,16,761.13,87.71,0,0,monthly,manual,4.39,0
C03297,2025-05-01,66,813.98,84.3,2,0,monthly,automatic,53.18,0
C03298,2025-05-01,39,413.7,5.95,1,0,annual,manual,4.31,0
C03299,2025-05-01,58,1105.31,43.88,3,0,monthly,automatic,15.29,1
C03300,2025-07-01,46,239.08,83.65,1,0,monthly,automatic,72.13,1
C03301,2025-07-01,20,462.11,5.02,2,0,annual,manual,4.53,0
C03302,2025-07-01,44,823.9,55.7,3,0,annual,automatic,65.67,0
C03303,2025-07-01,20,566.68,29.65,1,0,monthly,manual,34.62,0
C03304,2025-07-01,9,1882.97,44.21,1,0,monthly,automatic,43.36,0
C03305,2025-07-01,19,441.89,44.93,1,0,monthly,automatic,58.92,0
C03306,2025-07-01,20,2190.79,42.22,1,1,monthly,manual,48.37,1
C03307,2025-07-01,10,707.56,89.74,2,0,monthly,automatic,72.36,0
C03308,2025-07-01,2,448.76,55.96,2,0,annual,automatic,53.82,0
C03309,2025-07-01,68,222.25,90.86,0,0,annual,automatic,63.37,1
C03310,2025-07-01,37,1843.97,74.04,0,0,annual,automatic,36.36,0
C03311,2025-07-01,29,789.22,38.36,0,0,annual,manual,41.04,0
C03312,2025-07-01,67,1370.85,51.89,1,0,annual,automatic,20.52,0
C03313,2025-07-01,17,455.72,42.04,2,0,monthly,manual,35.92,1
C03314,2025-07-01,30,2465.18,83.71,3,0,monthly,automatic,9.68,1
C03315,2025-07-01,61,487.38,22.82,0,0,monthly,automatic,21.56,0
C03316,2025-07-01,46,1146.43,93.96,3,0,monthly,automatic,62.54,0
C03317,2025-07-01,29,2157.79,60.14,1,0,annual,automatic,67.29,0
C03318,2025-07-01,19,762.24,63.12,2,0,monthly,automatic,53.16,1
C03319,2025-07-01,3,813.04,54.1,0,0,monthly,automatic,47.36,0
C03320,2025-07-01,7,2058.55,57.68,0,0,monthly,automatic,54.12,0
C03321,2025-07-01,12,827.68,68.43,0,0,monthly,manual,48.31,0
C03322,2025-07-01,57,205.6,67.23,0,0,annual,manual,48.52,0
C03323,2025-07-01,47,1183.2,25.34,0,0,monthly,automatic,18.29,0
C03324,2025-07-01,32,227.83,60.33,0,0,monthly,automatic,52.86,0
C03325,2025-07-01,57,2291.52,38.69,2,0,annual,manual,28.05,1
C03326,2025-07-01,12,1675.17,65.52,0,0,monthly,automatic,70.61,1
C03327,2025-07-01,16,1539.93,57.04,1,0,monthly,automatic,17.15,1
C03328,2025-07-01,29,662.66,22.07,0,0,annual,manual,8.72,1
C03329,2025-07-01,67,1808.88,74.8,2,0,monthly,automatic,118.26,0
C03330,2025-07-01,45,1756.69,48.42,1,0,monthly,automatic,37.19,0
C03331,2025-07-01,62,338.07,57.39,0,1,monthly,automatic,32.42,0
C03332,2025-07-01,18,2224.95,68.9,0,1,monthly,automatic,62.77,1
C03333,2025-07-01,62,1531.65,67.02,2,0,monthly,manual,79.65,0
C03334,2025-07-01,6,2021.67,76.15,2,0,annual,automatic,87.14,0
C03335,2025-07-01,17,803.7,24.64,1,1,monthly,automatic,16.22,1
C03336,2025-07-01,38,479.71,15.49,2,0,annual,automatic,11.47,0
C03337,2025-07-01,4,1814.63,68.57,0,0,monthly,manual,,1
C03338,2025-07-01,62,2024.93,27.42,1,0,annual,automatic,28.21,0
C03339,2025-07-01,63,1086.88,15.89,0,0,annual,automatic,14.87,0
C03340,2025-07-01,39,253.49,17.47,1,0,monthly,automatic,10.47,0
C03341,2025-07-01,23,2080.98,34.72,0,0,monthly,automatic,25.75,0
C03342,2025-07-01,8,673.02,99.22,1,0,annual,manual,82.07,0
C03343,2025-07-01,45,978.77,19.94,2,0,monthly,automatic,28.69,0
C03344,2025-07-01,39,1643.93,33.36,0,0,annual,automatic,28.62,0
C03345,2025-07-01,55,428.9,92.47,1,0,monthly,manual,184.94,0
C03346,2025-07-01,44,364.59,96.51,2,0,annual,manual,79.7,0
C03347,2025-07-01,10,258.12,26.74,0,0,monthly,automatic,8.85,0
C03348,2025-07-01,9,2307.27,88.64,0,0,monthly,automatic,92.44,0
C03349,2025-07-01,57,915.18,18.2,1,1,monthly,manual,23.41,0
C03350,2025-07-01,12,1718.52,77.35,3,0,monthly,,84.02,1
C03351,2025-07-01,68,2474.24,6.24,2,0,monthly,automatic,6.17,0
C03352,2025-07-01,8,1738.74,43.63,1,0,monthly,automatic,34.34,0
C03353,2025-07-01,53,1406.72,28.5,1,0,annual,manual,23.38,0
C03354,2025-07-01,71,1397.12,71.88,0,0,monthly,automatic,7.58,0
C03355,2025-07-01,32,1065.91,6.53,1,0,monthly,automatic,7.97,0
C03356,2025-07-01,5,1578.49,49.17,0,1,annual,manual,38.71,0
C03357,2025-07-01,64,2404.22,71.19,0,0,annual,manual,94.06,0
C03358,2025-07-01,14,2011.5,9.44,1,0,annual,automatic,6.93,0
C03359,2025-07-01,38,1174.72,90.25,2,1,monthly,automatic,81.34,0
C03360,2025-07-01,71,963.62,39.31,1,0,annual,manual,53.35,0
C03361,2025-07-01,54,2231.12,20.7,6,0,monthly,automatic,28.72,0
C03362,2025-07-01,4,511.31,26.42,1,0,monthly,manual,32.09,1
C03363,2025-07-01,60,2153.05,37.2,0,0,annual,automatic,9.86,1
C03364,2025-07-01,12,785.68,23.85,1,0,monthly,manual,11.28,1
C03365,2025-07-01,54,1844.95,53.5,1,0,monthly,automatic,62.35,0
C03366,2025-07-01,45,2053.31,65.13,2,0,monthly,automatic,44.0,1
C03367,2025-07-01,21,1296.09,46.18,0,0,monthly,automatic,,0
C03368,2025-07-01,31,641.25,45.57,3,0,monthly,automatic,45.23,1
C03369,2025-07-01,9,2141.97,79.26,0,0,annual,automatic,80.03,0
C03370,2025-07-01,72,1044.27,33.6,1,2,annual,automatic,18.5,1
C03371,2025-07-01,18,936.56,64.16,1,0,annual,manual,82.0,0
C03372,2025-07-01,23,1372.04,89.83,1,0,monthly,manual,66.15,0
C03373,2025-07-01,37,1199.7,26.04,1,0,monthly,automatic,29.33,0
C03374,2025-07-01,49,1770.02,63.89,1,1,annual,,54.15,0
C03375,2025-07-01,37,514.55,95.06,0,0,monthly,automatic,151.36,0
C03376,2025-07-01,37,1201.09,55.33,1,0,monthly,manual,78.95,0
C03377,2025-07-01,42,2249.91,97.81,1,0,monthly,automatic,162.96,0
C03378,2025-07-01,62,281.94,34.45,1,0,monthly,automatic,51.62,0
C03379,2025-07-01,29,1250.88,58.61,1,0,monthly,manual,51.17,0
C03380,2025-07-01,60,1718.22,34.55,1,0,annual,manual,25.33,0
C03381,2025-07-01,57,,5.35,0,1,monthly,automatic,2.8,0
C03382,2025-07-01,70,1564.71,99.74,1,1,monthly,manual,101.05,0
C03383,2025-07-01,66,2095.31,27.81,3,1,monthly,automatic,25.82,0
C03384,2025-07-01,58,711.19,97.44,1,0,monthly,automatic,88.18,0
C03385,2025-07-01,18,1010.46,67.04,1,1,monthly,automatic,42.22,0
C03386,2025-07-01,56,2365.9,90.87,0,0,annual,automatic,95.08,1
C03387,2025-07-01,54,2236.74,96.88,1,0,monthly,automatic,76.18,0
C03388,2025-07-01,21,1482.29,58.94,1,1,annual,manual,44.27,0
C03389,2025-07-01,49,1292.62,99.97,0,1,monthly,automatic,97.71,0
C03390,2025-07-01,19,1236.46,77.9,1,0,monthly,automatic,69.54,0
C03391,2025-07-01,38,334.22,54.76,1,0,annual,automatic,23.05,0
C03392,2025-07-01,58,2251.47,67.22,0,0,monthly,automatic,43.31,1
C03393,2025-07-01,14,2080.74,23.46,0,1,monthly,automatic,25.96,0
C03394,2025-07-01,25,1248.38,6.05,1,1,annual,automatic,5.46,1
C03395,2025-07-01,58,841.71,29.39,1,0,monthly,automatic,7.06,0
C03396,2025-07-01,33,987.72,46.32,2,0,annual,manual,53.94,0
C03397,2025-07-01,70,482.27,26.66,0,0,annual,manual,24.07,0
C03398,2025-07-01,1,1859.12,53.83,0,0,monthly,automatic,29.52,1
C03399,2025-07-01,52,1479.34,67.5,0,0,monthly,automatic,46.3,1
C03400,2025-07-01,59,737.44,67.3,1,1,monthly,automatic,65.81,1
C03401,2025-07-01,67,1631.91,89.91,0,0,monthly,automatic,13.22,0
C03402,2025-07-01,12,2451.23,96.8,0,0,monthly,automatic,103.3,0
C03403,2025-07-01,71,480.51,89.62,1,0,monthly,automatic,113.4,0
C03404,2025-07-01,29,1253.52,63.92,0,0,annual,automatic,78.73,0
C03405,2025-07-01,26,1335.57,24.55,0,0,annual,automatic,32.5,0
C03406,2025-07-01,26,582.63,94.63,0,0,monthly,automatic,61.23,1
C03407,2025-07-01,46,1421.63,21.61,1,0,monthly,manual,27.7,0
C03408,2025-07-01,48,1592.75,19.39,2,0,annual,manual,19.69,0
C03409,2025-07-01,35,560.89,35.17,0,1,monthly,manual,22.07,0
C03410,2025-07-01,6,554.86,59.49,1,0,monthly,manual,64.45,0
C03411,2025-07-01,72,2168.6,69.74,0,1,monthly,manual,74.81,1
C03412,2025-07-01,16,915.19,6.26,1,0,monthly,automatic,9.13,0
C03413,2025-07-01,7,1648.77,78.91,0,0,monthly,automatic,105.66,0
C03414,2025-07-01,44,1640.58,21.63,1,0,monthly,manual,14.67,0
C03415,2025-07-01,30,2129.09,33.17,1,0,monthly,automatic,34.47,0
C03416,2025-07-01,45,1900.76,35.6,1,0,annual,automatic,36.86,1
C03417,2025-07-01,64,2132.33,36.58,2,1,monthly,manual,36.87,0
C03418,2025-07-01,8,1636.99,77.23,2,0,annual,manual,62.81,1
C03419,2025-07-01,21,,8.89,0,0,monthly,automatic,13.64,0
C03420,2025-07-01,38,1104.2,23.67,2,0,monthly,automatic,16.61,0
C03421,2025-07-01,57,1070.77,7.12,0,0,annual,automatic,10.7,0
C03422,2025-07-01,44,1161.3,78.94,0,1,monthly,automatic,33.26,1
C03423,2025-07-01,28,496.41,98.45,0,1,monthly,manual,77.43,0
C03424,2025-07-01,44,1174.1,67.66,0,0,monthly,automatic,80.35,0
C03425,2025-07-01,71,1094.72,61.06,1,0,monthly,automatic,33.68,0
C03426,2025-07-01,35,278.51,91.27,2,0,monthly,manual,60.49,1
C03427,2025-07-01,64,831.8,29.22,1,0,annual,automatic,32.35,0
C03428,2025-07-01,57,1928.39,11.31,0,0,annual,manual,3.56,0
C03429,2025-07-01,22,1528.27,53.45,2,0,monthly,manual,69.84,0
C03430,2025-07-01,18,2053.19,29.73,1,1,monthly,manual,42.74,0
C03431,2025-07-01,56,1447.18,47.85,0,0,monthly,manual,69.5,0
C03432,2025-07-01,15,2163.39,48.35,1,2,monthly,manual,49.99,1
C03433,2025-07-01,25,2029.95,35.29,0,0,monthly,automatic,27.18,0
C03434,2025-07-01,17,425.05,51.2,0,0,monthly,automatic,40.61,0
C03435,2025-07-01,44,2446.11,41.11,0,0,monthly,manual,41.96,0
C03436,2025-07-01,22,232.92,15.74,1,0,monthly,manual,15.19,1
C03437,2025-07-01,48,1571.73,87.34,0,0,monthly,automatic,68.73,0
C03438,2025-07-01,68,2021.78,71.62,1,0,monthly,manual,105.6,0
C03439,2025-07-01,60,962.36,8.92,1,1,monthly,manual,7.44,0
C03440,2025-07-01,69,,16.0,2,0,annual,automatic,22.77,0
C03441,2025-07-01,2,1031.88,14.17,2,0,annual,automatic,13.53,0
C03442,2025-07-01,33,338.41,10.87,1,0,monthly,manual,10.14,1
C03443,2025-07-01,16,218.46,10.61,0,0,monthly,manual,,0
C03444,2025-07-01,67,417.18,19.93,0,0,monthly,manual,21.86,0
C03445,2025-07-01,52,425.34,85.55,0,0,monthly,manual,74.38,0
C03446,2025-07-01,24,1604.05,83.68,0,1,monthly,,93.52,0
C03447,2025-07-01,41,1408.49,79.4,0,0,monthly,automatic,92.16,0
C03448,2025-07-01,44,1246.57,63.4,1,0,monthly,automatic,95.01,0
C03449,2025-07-01,36,1790.42,73.73,1,1,monthly,automatic,69.67,0
C03450,2025-07-01,35,237.7,75.16,0,0,annual,manual,48.61,0
C03451,2025-07-01,4,,89.48,2,0,monthly,automatic,61.1,1
C03452,2025-07-01,33,1987.0,74.57,1,0,monthly,automatic,130.41,0
C03453,2025-07-01,26,2291.95,74.96,1,0,annual,manual,19.65,0
C03454,2025-07-01,59,1207.17,81.39,2,0,monthly,manual,40.98,1
C03455,2025-07-01,63,386.41,57.85,3,0,annual,automatic,53.75,1
C03456,2025-07-01,55,2036.08,25.24,0,0,annual,automatic,17.79,0
C03457,2025-07-01,3,2234.89,13.03,3,0,annual,automatic,15.72,1
C03458,2025-07-01,61,1150.42,44.81,4,0,annual,automatic,52.7,0
C03459,2025-07-01,29,758.72,13.71,2,0,annual,manual,10.05,0
C03460,2025-07-01,30,300.13,21.08,0,0,monthly,automatic,30.49,0
C03461,2025-07-01,69,1558.49,7.26,1,0,monthly,automatic,3.88,0
C03462,2025-07-01,63,2291.7,33.52,1,1,monthly,manual,22.19,0
C03463,2025-07-01,4,1758.14,97.15,2,0,annual,automatic,142.85,0
C03464,2025-07-01,26,928.67,41.0,0,0,monthly,manual,18.99,1
C03465,2025-07-01,54,1677.64,27.88,0,2,annual,automatic,29.03,0
C03466,2025-07-01,39,2112.76,43.33,0,0,monthly,automatic,63.65,0
C03467,2025-07-01,19,1293.41,33.63,1,0,monthly,automatic,1.68,1
C03468,2025-07-01,38,2084.42,69.02,0,0,annual,automatic,55.34,0
C03469,2025-07-01,63,1100.39,65.27,1,0,monthly,automatic,81.7,0
C03470,2025-07-01,17,1000.56,7.6,0,2,monthly,automatic,6.27,0
C03471,2025-07-01,54,1539.87,53.58,1,1,annual,manual,50.41,1
C03472,2025-07-01,53,1267.78,8.44,0,0,monthly,automatic,8.32,0
C03473,2025-07-01,64,2446.36,69.35,4,1,monthly,automatic,71.39,1
C03474,2025-07-01,22,1386.7,93.9,2,1,monthly,automatic,59.9,1
C03475,2025-07-01,16,1084.9,91.21,0,0,annual,,108.37,0
C03476,2025-07-01,40,1107.35,24.54,1,1,monthly,automatic,24.77,0
C03477,2025-07-01,39,1459.26,75.55,0,0,monthly,automatic,39.2,1
C03478,2025-07-01,30,1015.3,80.34,0,1,annual,automatic,60.82,1
C03479,2025-07-01,57,1861.69,87.11,1,1,annual,manual,37.06,0
C03480,2025-07-01,58,1074.52,29.66,1,0,monthly,automatic,29.51,0
C03481,2025-07-01,18,1082.53,47.83,1,0,monthly,manual,52.22,0
C03482,2025-07-01,58,1618.04,26.04,1,1,annual,manual,25.89,0
C03483,2025-07-01,17,338.95,7.31,1,0,annual,automatic,8.13,1
C03484,2025-07-01,30,1706.32,67.61,2,0,annual,automatic,65.36,0
C03485,2025-07-01,2,1360.44,45.99,1,0,monthly,automatic,54.58,0
C03486,2025-07-01,25,1240.96,28.57,2,0,annual,automatic,25.01,0
C03487,2025-07-01,70,1853.28,85.47,1,0,annual,automatic,99.63,0
C03488,2025-07-01,32,1942.99,52.09,0,0,annual,automatic,24.48,0
C03489,2025-07-01,52,2145.4,99.49,1,1,annual,automatic,42.88,1
C03490,2025-07-01,8,1061.05,80.37,1,1,monthly,automatic,,0
C03491,2025-07-01,46,951.19,87.58,3,1,annual,automatic,101.55,0
C03492,2025-07-01,27,1841.99,78.47,4,0,monthly,automatic,64.59,1
C03493,2025-07-01,54,1537.15,15.06,3,0,monthly,automatic,17.22,1
C03494,2025-07-01,67,1652.14,11.18,0,0,monthly,manual,11.5,0
C03495,2025-07-01,39,1476.7,91.93,0,0,monthly,automatic,18.65,0
C03496,2025-07-01,8,1976.19,18.13,1,1,monthly,manual,31.42,1
C03497,2025-07-01,35,636.09,42.17,1,0,monthly,manual,20.22,1
C03498,2025-07-01,9,1477.14,62.94,0,1,monthly,automatic,37.09,1
C03499,2025-07-01,33,562.63,25.13,0,1,annual,automatic,33.23,0
C03500,2025-07-01,5,1135.68,26.4,0,0,monthly,automatic,24.47,0
C03501,2025-07-01,47,1726.19,49.29,1,1,monthly,automatic,32.1,1
C03502,2025-07-01,23,1333.06,39.29,1,1,monthly,automatic,29.69,1
C03503,2025-07-01,15,1072.06,69.27,0,0,annual,automatic,42.38,1
C03504,2025-07-01,2,2234.43,12.13,1,0,monthly,manual,7.76,0
C03505,2025-07-01,64,1976.5,51.43,2,0,monthly,automatic,61.52,0
C03506,2025-07-01,61,1409.47,21.55,0,1,monthly,manual,16.07,0
C03507,2025-07-01,59,2384.12,62.64,2,0,monthly,manual,34.2,0
C03508,2025-07-01,5,1175.04,16.04,1,0,annual,automatic,10.49,1
C03509,2025-07-01,26,2011.57,23.78,0,0,annual,manual,20.58,0
C03510,2025-07-01,70,585.25,81.37,1,0,monthly,automatic,53.53,0
C03511,2025-07-01,42,856.32,27.34,0,0,monthly,manual,22.21,0
C03512,2025-07-01,10,976.6,75.02,0,0,monthly,manual,78.16,0
C03513,2025-07-01,11,442.39,30.94,2,1,annual,automatic,23.26,1
C03514,2025-07-01,19,1353.15,27.33,1,0,annual,automatic,16.92,0
C03515,2025-07-01,71,641.2,33.42,1,0,annual,automatic,22.6,0
C03516,2025-07-01,13,1657.63,88.69,1,0,annual,automatic,124.81,0
C03517,2025-07-01,66,636.21,42.73,3,1,monthly,automatic,71.84,0
C03518,2025-07-01,49,483.06,28.16,0,2,monthly,manual,26.36,0
C03519,2025-07-01,67,2427.9,55.98,1,1,annual,automatic,65.7,0
C03520,2025-07-01,60,1712.95,41.64,2,0,monthly,automatic,24.61,1
C03521,2025-07-01,24,2352.84,80.07,0,0,monthly,automatic,57.13,1
C03522,2025-07-01,60,1325.74,99.09,0,0,annual,manual,106.77,0
C03523,2025-07-01,13,275.83,55.02,2,0,monthly,automatic,5.1,1
C03524,2025-07-01,21,1520.05,47.92,2,0,monthly,automatic,57.04,0
C03525,2025-07-01,16,1483.16,37.59,0,0,monthly,manual,27.15,0
C03526,2025-07-01,10,233.44,97.47,0,0,monthly,automatic,52.9,0
C03527,2025-07-01,7,2179.86,50.91,1,0,monthly,automatic,53.75,1
C03528,2025-07-01,14,1624.93,21.91,1,0,monthly,automatic,31.22,0
C03529,2025-07-01,9,1911.79,97.08,1,1,monthly,manual,78.68,1
C03530,2025-07-01,28,1335.02,96.28,1,0,annual,manual,98.42,0
C03531,2025-07-01,6,1621.33,46.39,2,0,monthly,manual,50.05,1
C03532,2025-07-01,5,791.18,38.08,2,0,annual,manual,38.23,0
C03533,2025-07-01,72,2438.64,69.64,2,0,annual,automatic,39.78,0
C03534,2025-07-01,7,1120.66,83.75,2,1,monthly,manual,83.6,1
C03535,2025-07-01,6,572.35,52.36,0,0,monthly,manual,51.55,0
C03536,2025-07-01,3,327.61,36.43,0,0,annual,manual,1.82,0
C03537,2025-07-01,10,1662.2,33.63,1,0,monthly,manual,41.03,0
C03538,2025-07-01,39,2460.77,36.03,0,0,monthly,automatic,14.19,1
C03539,2025-07-01,60,2259.33,16.21,1,0,monthly,automatic,15.64,0
C03540,2025-07-01,53,1813.84,78.97,0,0,annual,manual,114.6,0
C03541,2025-07-01,42,2477.38,14.97,3,0,annual,automatic,12.49,0
C03542,2025-07-01,7,1861.51,42.84,2,0,monthly,automatic,23.73,1
C03543,2025-07-01,56,979.28,84.32,0,0,monthly,manual,94.08,1
C03544,2025-07-01,3,1581.8,43.39,0,0,monthly,manual,61.21,0
C03545,2025-07-01,46,382.46,33.0,1,0,monthly,automatic,17.56,1
C03546,2025-07-01,30,708.87,95.08,1,0,monthly,automatic,8.95,0
C03547,2025-07-01,64,1159.34,17.02,1,0,annual,automatic,22.7,0
C03548,2025-07-01,23,663.18,89.06,2,0,monthly,automatic,108.56,0
C03549,2025-07-01,46,2392.05,10.9,1,1,monthly,automatic,11.5,0
C03550,2025-07-01,32,2488.87,44.29,0,0,monthly,automatic,12.85,1
C03551,2025-07-01,38,1052.15,65.01,0,1,monthly,manual,73.41,1
C03552,2025-07-01,68,1830.23,40.15,0,0,annual,automatic,51.46,0
C03553,2025-07-01,52,1136.87,55.79,0,0,monthly,automatic,93.43,0
C03554,2025-07-01,30,519.87,24.38,2,0,monthly,manual,20.03,0
C03555,2025-07-01,33,973.93,59.06,2,0,annual,automatic,57.62,0
C03556,2025-07-01,51,735.75,17.78,0,0,monthly,manual,2.96,1
C03557,2025-07-01,25,953.58,80.63,0,0,annual,automatic,101.51,0
C03558,2025-07-01,13,693.55,60.46,2,1,annual,automatic,75.6,0
C03559,2025-07-01,34,457.39,50.78,0,1,annual,automatic,53.9,0
C03560,2025-07-01,5,699.09,10.19,1,0,monthly,automatic,13.61,0
C03561,2025-07-01,13,2282.24,52.48,0,0,monthly,automatic,33.92,1
C03562,2025-07-01,31,395.01,58.54,0,0,monthly,manual,49.39,0
C03563,2025-07-01,58,945.94,30.24,0,0,monthly,manual,25.93,0
C03564,2025-07-01,57,1414.43,69.37,2,0,monthly,manual,90.51,0
C03565,2025-07-01,19,1014.38,12.29,2,0,monthly,manual,16.13,0
C03566,2025-07-01,31,1389.5,24.83,2,0,annual,automatic,25.6,0
C03567,2025-07-01,12,298.87,75.07,0,0,monthly,manual,76.04,0
C03568,2025-07-01,55,1690.71,18.99,2,1,monthly,manual,21.13,1
C03569,2025-07-01,18,1495.0,28.33,1,0,monthly,automatic,22.73,1
C03570,2025-07-01,58,1765.22,66.83,0,1,monthly,manual,93.33,0
C03571,2025-07-01,61,1503.69,74.24,1,1,monthly,automatic,56.56,0
C03572,2025-07-01,50,1206.18,9.89,0,0,monthly,manual,10.59,0
C03573,2025-07-01,24,1004.33,17.03,2,0,monthly,manual,12.11,1
C03574,2025-07-01,69,719.8,47.38,0,0,annual,manual,59.29,0
C03575,2025-07-01,50,1349.16,61.32,0,0,monthly,manual,54.28,0
C03576,2025-07-01,47,258.92,48.11,0,1,annual,manual,79.06,0
C03577,2025-07-01,62,953.95,66.47,0,0,monthly,automatic,58.21,0
C03578,2025-07-01,64,1758.11,76.82,0,1,monthly,automatic,95.88,0
C03579,2025-07-01,6,449.05,95.21,0,0,monthly,manual,66.58,1
C03580,2025-07-01,64,343.65,38.24,1,0,monthly,automatic,31.07,0
C03581,2025-07-01,56,1699.01,20.49,1,0,monthly,automatic,18.55,1
C03582,2025-07-01,15,1113.88,30.09,0,1,monthly,automatic,31.38,0
C03583,2025-07-01,23,2043.2,19.08,0,0,annual,automatic,12.57,0
C03584,2025-07-01,55,2354.82,42.45,3,0,monthly,automatic,30.57,1
C03585,2025-07-01,16,2400.19,87.89,1,1,monthly,manual,83.61,1
C03586,2025-07-01,33,1177.86,37.97,0,0,monthly,manual,40.23,0
C03587,2025-07-01,50,806.95,19.14,1,1,monthly,,17.37,0
C03588,2025-07-01,47,1598.81,54.65,1,0,annual,manual,46.85,0
C03589,2025-07-01,66,1643.84,99.23,0,1,monthly,automatic,45.19,0
C03590,2025-07-01,9,1630.39,22.88,1,0,monthly,automatic,25.06,0
C03591,2025-07-01,22,939.09,78.9,1,0,annual,manual,95.86,0
C03592,2025-07-01,71,345.63,83.22,0,0,monthly,manual,104.56,0
C03593,2025-07-01,41,682.01,43.13,1,0,monthly,automatic,41.95,0
C03594,2025-07-01,18,554.16,63.86,1,0,monthly,manual,45.27,0
C03595,2025-07-01,21,483.97,46.08,0,0,annual,manual,37.2,0
C03596,2025-07-01,25,2329.45,29.92,0,0,monthly,automatic,29.14,1
C03597,2025-07-01,40,230.85,45.48,1,0,monthly,automatic,41.54,0
C03598,2025-07-01,21,1583.27,14.05,0,1,monthly,manual,8.77,1
C03599,2025-07-01,45,2378.19,72.16,1,0,monthly,automatic,23.9,1
C03600,2025-07-01,33,1027.12,83.77,1,0,monthly,manual,60.78,1
C03601,2025-07-01,44,,34.2,0,1,annual,automatic,28.15,0
C03602,2025-07-01,12,1799.3,58.82,1,0,monthly,automatic,60.48,1
C03603,2025-07-01,45,928.49,27.05,1,1,monthly,automatic,21.01,0
C03604,2025-07-01,67,1297.6,17.11,2,0,monthly,,14.24,0
C03605,2025-07-01,10,2078.34,68.04,1,0,monthly,automatic,65.25,1
C03606,2025-07-01,24,1913.32,17.74,0,1,monthly,manual,26.05,0
C03607,2025-07-01,50,2058.43,79.29,2,0,monthly,manual,68.33,0
C03608,2025-07-01,45,2469.88,30.82,1,0,annual,automatic,11.65,0
C03609,2025-07-01,49,1050.75,82.76,0,0,monthly,manual,56.31,0
C03610,2025-07-01,41,1917.31,40.01,0,0,monthly,automatic,62.13,0
C03611,2025-07-01,50,1585.4,40.04,1,0,monthly,automatic,56.93,0
C03612,2025-07-01,44,1732.19,76.3,0,0,monthly,automatic,95.29,0
C03613,2025-07-01,6,1900.71,53.48,1,0,monthly,automatic,62.33,1
C03614,2025-07-01,55,1923.38,24.09,1,0,monthly,automatic,28.17,0
C03615,2025-07-01,33,2236.21,85.79,1,0,annual,manual,71.75,1
C03616,2025-07-01,4,1002.44,37.31,1,0,monthly,manual,45.65,1
C03617,2025-07-01,30,1702.01,14.76,2,0,monthly,automatic,18.26,0
C03618,2025-07-01,32,843.67,44.52,1,0,monthly,automatic,54.12,0
C03619,2025-07-01,7,1566.51,59.53,0,0,monthly,manual,42.29,1
C03620,2025-07-01,72,1926.7,62.94,1,0,annual,manual,50.75,0
C03621,2025-07-01,17,2018.3,84.38,0,1,monthly,automatic,58.68,1
C03622,2025-07-01,24,1165.29,56.43,1,1,monthly,manual,71.61,1
C03623,2025-07-01,32,1369.06,26.25,1,0,annual,manual,26.94,0
C03624,2025-07-01,60,966.85,29.86,1,0,monthly,automatic,31.57,0
C03625,2025-07-01,54,,14.58,1,0,monthly,automatic,16.35,0
C03626,2025-07-01,56,798.19,74.91,1,0,annual,manual,31.9,0
C03627,2025-07-01,18,2296.92,15.06,1,0,monthly,automatic,18.5,0
C03628,2025-07-01,61,909.63,62.55,3,0,monthly,automatic,45.7,0
C03629,2025-07-01,60,2440.95,61.71,0,0,monthly,manual,47.05,0
C03630,2025-07-01,34,754.4,79.62,0,1,monthly,manual,49.96,0
C03631,2025-07-01,40,1862.06,12.09,1,1,monthly,manual,11.46,0
C03632,2025-07-01,3,1518.98,24.28,2,0,annual,manual,21.77,1
C03633,2025-07-01,55,1801.8,91.41,2,0,monthly,automatic,39.59,1
C03634,2025-07-01,70,1680.1,59.36,3,0,annual,manual,17.44,0
C03635,2025-07-01,35,1824.52,48.48,0,0,monthly,manual,41.17,1
C03636,2025-07-01,39,2281.76,76.03,0,0,monthly,manual,91.61,0
C03637,2025-07-01,36,1494.98,90.74,1,0,monthly,automatic,106.27,0
C03638,2025-07-01,6,355.05,29.99,1,0,monthly,manual,38.09,0
C03639,2025-07-01,45,821.9,90.64,0,0,monthly,manual,77.11,0
C03640,2025-07-01,52,1827.9,15.33,1,0,monthly,automatic,12.21,0
C03641,2025-07-01,67,1335.37,97.88,1,0,monthly,automatic,86.25,0
C03642,2025-07-01,67,1460.67,20.66,1,0,monthly,automatic,24.82,0
C03643,2025-07-01,36,1571.14,30.29,1,1,monthly,automatic,44.96,0
C03644,2025-07-01,70,1079.05,14.18,2,0,monthly,automatic,10.76,0
C03645,2025-07-01,39,1978.96,81.35,0,1,monthly,automatic,67.27,0
C03646,2025-07-01,47,1863.13,98.5,0,0,monthly,automatic,91.69,1
C03647,2025-07-01,44,1841.89,33.21,0,0,monthly,automatic,27.47,0
C03648,2025-07-01,72,1844.21,35.93,0,0,annual,automatic,25.75,0
C03649,2025-07-01,54,2246.82,31.5,2,0,monthly,manual,27.59,0
C03650,2025-07-01,9,1568.4,19.71,2,0,monthly,manual,12.68,1
C03651,2025-07-01,6,2423.27,79.81,4,0,monthly,manual,93.69,1
C03652,2025-07-01,30,473.14,10.77,0,0,monthly,automatic,15.46,0
C03653,2025-07-01,38,1652.51,96.94,1,0,monthly,manual,79.55,1
C03654,2025-07-01,49,1847.93,93.09,1,0,annual,manual,139.83,0
C03655,2025-07-01,35,1296.61,16.25,1,0,monthly,manual,14.34,1
C03656,2025-07-01,38,861.88,55.3,2,0,annual,manual,37.38,0
C03657,2025-07-01,67,1464.09,99.32,0,0,annual,automatic,115.23,0
C03658,2025-07-01,25,1037.92,86.0,3,0,annual,automatic,51.3,1
C03659,2025-07-01,36,2289.99,72.94,2,0,monthly,manual,83.03,0
C03660,2025-07-01,41,1019.62,7.13,2,0,monthly,automatic,7.19,0
C03661,2025-07-01,34,603.13,11.5,1,0,annual,automatic,8.96,0
C03662,2025-07-01,70,1524.7,80.43,0,0,annual,automatic,59.66,0
C03663,2025-07-01,70,1109.78,40.76,1,0,monthly,automatic,25.05,0
C03664,2025-07-01,37,419.57,68.5,2,0,monthly,manual,87.75,1
C03665,2025-07-01,33,1498.14,75.22,0,0,monthly,manual,63.34,1
C03666,2025-07-01,43,1436.05,45.11,1,0,monthly,automatic,46.41,1
C03667,2025-07-01,14,597.35,18.62,0,0,monthly,automatic,17.06,1
C03668,2025-07-01,31,1573.57,41.74,1,0,monthly,manual,35.3,0
C03669,2025-07-01,16,1503.93,87.75,1,0,annual,manual,90.75,1
C03670,2025-07-01,11,1978.31,36.45,0,0,monthly,automatic,40.07,0
C03671,2025-07-01,7,1030.61,10.95,2,0,monthly,automatic,10.6,0
C03672,2025-07-01,43,771.15,96.12,0,0,annual,manual,82.08,0
C03673,2025-07-01,1,2386.81,69.66,1,0,monthly,automatic,37.59,1
C03674,2025-07-01,47,1489.8,56.38,1,0,monthly,automatic,39.96,0
C03675,2025-07-01,32,261.42,83.77,0,0,annual,automatic,68.09,0
C03676,2025-07-01,27,2086.64,44.06,1,0,monthly,manual,40.78,1
C03677,2025-07-01,56,651.54,98.59,2,0,annual,manual,30.69,1
C03678,2025-07-01,39,2006.88,86.47,1,0,monthly,automatic,98.3,0
C03679,2025-07-01,53,1820.87,31.65,1,0,monthly,automatic,32.67,0
C03680,2025-07-01,52,2427.27,40.25,1,0,monthly,manual,28.83,1
C03681,2025-07-01,3,2419.83,31.2,1,0,monthly,automatic,18.7,1
C03682,2025-07-01,16,830.14,67.64,1,0,monthly,automatic,45.97,0
C03683,2025-07-01,42,1961.83,65.74,1,0,monthly,automatic,30.02,0
C03684,2025-07-01,71,927.77,54.64,0,0,annual,automatic,43.78,0
C03685,2025-07-01,12,1646.16,96.75,1,1,monthly,manual,82.93,1
C03686,2025-07-01,8,1573.82,49.87,1,0,monthly,automatic,61.91,0
C03687,2025-07-01,68,324.45,79.45,2,0,annual,automatic,86.28,1
C03688,2025-07-01,70,210.92,67.52,1,0,monthly,automatic,91.59,0
C03689,2025-07-01,13,331.86,54.23,2,0,annual,automatic,52.02,1
C03690,2025-07-01,29,493.27,9.0,2,1,monthly,automatic,5.41,1
C03691,2025-07-01,46,791.6,67.46,1,1,monthly,manual,103.16,0
C03692,2025-07-01,15,2285.0,66.05,0,0,monthly,automatic,53.4,1
C03693,2025-07-01,24,1391.86,16.86,1,0,annual,automatic,6.39,0
C03694,2025-07-01,29,2031.85,80.61,1,0,annual,automatic,80.38,0
C03695,2025-07-01,47,2127.12,49.36,1,1,annual,manual,17.94,1
C03696,2025-07-01,23,1889.37,35.79,0,0,monthly,manual,31.87,1
C03697,2025-07-01,30,1099.19,83.28,0,0,monthly,manual,62.76,0
C03698,2025-07-01,21,2185.88,37.62,0,0,monthly,automatic,41.51,0
C03699,2025-07-01,55,1905.71,64.08,0,0,monthly,manual,80.34,0
C03700,2025-07-01,12,1908.25,63.7,1,1,monthly,manual,51.36,0
C03701,2025-07-01,17,2272.62,10.02,2,0,monthly,automatic,7.83,0
C03702,2025-07-01,18,1575.93,45.17,1,1,annual,manual,53.54,0
C03703,2025-07-01,66,1414.72,26.16,3,0,monthly,manual,17.05,1
C03704,2025-07-01,69,2246.37,23.96,0,0,monthly,manual,22.58,0
C03705,2025-07-01,37,1244.26,67.22,0,0,monthly,automatic,74.58,0
C03706,2025-07-01,12,2065.61,6.08,1,0,monthly,automatic,3.91,0
C03707,2025-07-01,55,322.85,97.06,1,1,monthly,automatic,79.08,1
C03708,2025-07-01,36,201.97,42.56,0,0,monthly,automatic,40.66,0
C03709,2025-07-01,62,1414.07,33.39,1,0,annual,automatic,46.27,0
C03710,2025-07-01,26,368.31,92.4,1,0,monthly,manual,45.89,1
C03711,2025-07-01,72,2445.05,51.23,1,1,monthly,automatic,44.46,0
C03712,2025-07-01,59,211.65,63.36,0,0,monthly,automatic,88.31,0
C03713,2025-07-01,17,1850.74,71.11,2,0,annual,automatic,89.6,0
C03714,2025-07-01,53,758.78,87.78,0,1,monthly,automatic,72.29,0
C03715,2025-07-01,21,2424.37,17.33,0,0,monthly,automatic,15.51,0
C03716,2025-07-01,26,1076.55,12.76,2,1,monthly,manual,13.79,1
C03717,2025-07-01,19,261.75,99.4,0,0,annual,manual,108.15,0
C03718,2025-07-01,50,260.95,5.84,0,1,monthly,automatic,8.19,0
C03719,2025-07-01,19,1471.76,72.28,1,0,monthly,,95.12,0
C03720,2025-07-01,46,2468.44,63.05,1,0,monthly,automatic,27.5,0
C03721,2025-07-01,42,2452.48,57.49,1,0,annual,automatic,20.8,0
C03722,2025-07-01,55,974.73,79.65,0,0,annual,manual,58.12,0
C03723,2025-07-01,72,1309.22,99.28,0,0,annual,manual,26.97,0
C03724,2025-07-01,1,430.05,9.45,0,0,monthly,automatic,13.03,0
C03725,2025-07-01,72,1400.01,63.38,2,0,monthly,manual,25.13,0
C03726,2025-07-01,8,1578.31,73.09,1,1,monthly,automatic,59.59,1
C03727,2025-07-01,38,776.44,34.06,0,1,monthly,manual,20.95,1
C03728,2025-07-01,25,1606.86,89.82,0,0,monthly,automatic,32.74,0
C03729,2025-07-01,47,2268.29,48.41,2,0,monthly,automatic,64.54,0
C03730,2025-07-01,52,201.2,20.63,1,0,annual,manual,14.82,1
C03731,2025-07-01,62,725.55,86.17,0,0,monthly,manual,136.79,0
C03732,2025-07-01,29,681.81,94.58,2,1,monthly,manual,133.54,0
C03733,2025-07-01,68,483.94,14.45,0,0,monthly,automatic,13.28,0
C03734,2025-07-01,24,581.03,76.41,0,1,monthly,manual,14.26,1
C03735,2025-07-01,15,1638.6,25.43,2,0,monthly,manual,20.37,1
C03736,2025-07-01,28,435.2,5.64,0,0,monthly,automatic,9.7,0
C03737,2025-07-01,39,1897.62,29.76,1,1,monthly,automatic,31.84,1
C03738,2025-07-01,49,2239.15,86.22,2,0,annual,manual,74.27,1
C03739,2025-07-01,60,2330.15,18.41,1,0,monthly,automatic,13.0,1
C03740,2025-07-01,17,1717.4,17.41,2,0,annual,automatic,21.42,0
C03741,2025-07-01,22,653.01,75.21,0,0,annual,automatic,78.93,0
C03742,2025-07-01,68,395.18,43.6,0,0,monthly,automatic,44.44,0
C03743,2025-07-01,32,732.66,19.11,1,0,monthly,automatic,25.18,0
C03744,2025-07-01,18,2411.5,26.85,1,0,annual,automatic,34.87,0
C03745,2025-07-01,71,2412.39,80.49,0,0,monthly,manual,86.37,0
C03746,2025-07-01,33,1077.41,64.21,0,0,monthly,automatic,23.41,0
C03747,2025-07-01,71,948.32,77.29,2,0,monthly,automatic,44.53,0
C03748,2025-07-01,67,1372.02,14.29,0,1,annual,automatic,10.06,0
C03749,2025-07-01,66,869.88,48.52,2,0,monthly,automatic,44.01,1
C03750,2025-07-01,42,2452.22,80.73,2,1,monthly,automatic,116.63,1
C03751,2025-07-01,58,707.81,30.25,0,0,monthly,automatic,49.56,0
C03752,2025-07-01,70,1048.03,21.07,1,0,monthly,manual,22.27,0
C03753,2025-07-01,20,1186.55,41.27,2,0,monthly,manual,45.92,0
C03754,2025-07-01,3,486.65,36.67,0,0,monthly,manual,14.34,1
C03755,2025-07-01,24,1079.5,22.62,1,0,monthly,automatic,17.46,0
C03756,2025-07-01,46,2169.48,95.62,0,0,monthly,manual,69.46,0
C03757,2025-07-01,40,521.83,50.89,0,1,monthly,manual,35.48,0
C03758,2025-07-01,6,1542.25,62.77,1,1,monthly,manual,70.48,0
C03759,2025-07-01,41,1134.27,16.51,0,0,monthly,manual,12.58,1
C03760,2025-07-01,13,591.23,62.95,1,0,monthly,manual,16.16,1
C03761,2025-07-01,37,227.37,57.76,1,0,monthly,manual,70.17,0
C03762,2025-07-01,42,827.69,93.53,1,0,monthly,manual,125.44,0
C03763,2025-07-01,46,341.21,44.17,0,1,monthly,automatic,45.09,0
C03764,2025-07-01,30,1065.57,79.3,0,0,monthly,automatic,68.29,0
C03765,2025-07-01,30,2062.48,33.9,2,0,monthly,automatic,20.52,1
C03766,2025-07-01,49,1854.28,60.0,0,1,annual,manual,37.62,0
C03767,2025-07-01,54,2377.98,93.06,0,0,monthly,manual,120.5,0
C03768,2025-07-01,59,1181.14,64.38,0,1,annual,manual,42.37,0
C03769,2025-07-01,25,1826.94,72.56,0,0,monthly,automatic,117.87,0
C03770,2025-07-01,31,1729.29,88.22,1,1,monthly,manual,110.48,1
C03771,2025-07-01,24,698.21,92.92,1,0,monthly,automatic,96.53,0
C03772,2025-07-01,38,897.24,24.79,1,0,monthly,manual,46.36,0
C03773,2025-07-01,10,1417.61,23.6,0,0,annual,automatic,32.25,1
C03774,2025-07-01,31,2031.31,57.3,1,0,monthly,automatic,44.08,0
C03775,2025-07-01,14,1261.17,99.57,4,1,annual,,55.93,1
C03776,2025-07-01,39,722.81,51.56,1,0,monthly,automatic,39.78,0
C03777,2025-07-01,62,2483.97,36.44,0,0,monthly,automatic,32.22,1
C03778,2025-07-01,71,464.83,56.04,1,0,annual,manual,36.68,0
C03779,2025-07-01,33,2397.54,11.12,1,0,monthly,automatic,5.85,1
C03780,2025-07-01,5,2059.81,21.83,0,0,annual,manual,21.88,0
C03781,2025-07-01,17,2128.46,19.15,2,0,monthly,automatic,23.57,0
C03782,2025-07-01,8,2027.31,7.65,0,0,monthly,automatic,12.01,0
C03783,2025-07-01,55,677.79,73.61,1,0,monthly,automatic,69.7,1
C03784,2025-07-01,71,1653.94,35.92,2,0,annual,automatic,40.62,0
C03785,2025-07-01,40,1939.52,21.01,0,0,monthly,manual,5.72,1
C03786,2025-07-01,13,1914.08,53.66,0,0,monthly,manual,65.49,1
C03787,2025-07-01,2,823.6,35.73,0,0,annual,manual,20.26,0
C03788,2025-07-01,71,615.57,42.34,1,0,monthly,manual,43.47,0
C03789,2025-07-01,23,953.68,34.98,2,1,annual,manual,31.65,1
C03790,2025-07-01,9,1302.64,5.38,1,0,monthly,manual,4.49,1
C03791,2025-07-01,13,1518.7,70.39,1,0,annual,automatic,28.21,1
C03792,2025-07-01,19,2123.99,15.52,0,1,monthly,automatic,10.17,0
C03793,2025-07-01,48,1967.78,25.82,0,0,annual,manual,15.13,0
C03794,2025-07-01,65,1754.15,23.08,0,0,annual,automatic,16.43,0
C03795,2025-07-01,20,805.03,36.48,0,0,monthly,manual,48.66,0
C03796,2025-07-01,50,1300.43,20.22,4,1,annual,manual,16.11,1
C03797,2025-07-01,5,970.5,37.96,0,0,annual,automatic,25.98,0
C03798,2025-07-01,1,739.33,28.11,1,0,annual,manual,32.25,1
C03799,2025-07-01,4,222.56,10.82,0,0,annual,automatic,11.19,0
C03800,2025-07-01,67,979.76,87.7,3,0,annual,manual,143.07,0
C03801,2025-07-01,42,788.07,34.03,1,0,monthly,manual,43.35,0
C03802,2025-07-01,58,1514.38,14.05,0,0,annual,manual,3.15,0
C03803,2025-07-01,2,342.29,54.55,2,0,monthly,automatic,65.56,0
C03804,2025-07-01,2,821.2,16.71,2,1,monthly,automatic,19.39,1
C03805,2025-07-01,62,301.97,78.44,0,0,monthly,automatic,117.72,0
C03806,2025-07-01,8,1674.26,10.85,2,0,monthly,automatic,9.23,1
C03807,2025-07-01,12,1505.84,49.14,0,1,annual,automatic,64.07,0
C03808,2025-07-01,38,975.2,94.66,0,0,annual,automatic,75.34,0
C03809,2025-07-01,44,537.87,20.1,2,0,annual,manual,20.54,0
C03810,2025-07-01,17,2402.22,24.13,0,1,monthly,automatic,13.29,1
C03811,2025-07-01,33,1543.1,62.04,0,0,monthly,automatic,27.23,0
C03812,2025-07-01,49,1760.96,98.09,2,0,monthly,automatic,120.1,0
C03813,2025-07-01,32,1421.1,41.65,0,1,monthly,manual,38.37,1
C03814,2025-07-01,28,2054.03,66.62,1,0,annual,manual,31.43,1
C03815,2025-07-01,6,2260.67,19.47,1,0,annual,automatic,23.46,0
C03816,2025-07-01,33,1079.23,65.93,0,0,monthly,automatic,3.3,0
C03817,2025-07-01,58,1786.06,29.0,1,0,annual,automatic,18.46,0
C03818,2025-07-01,46,727.74,63.26,3,0,monthly,automatic,21.43,1
C03819,2025-07-01,65,1698.27,13.42,1,0,annual,manual,17.98,0
C03820,2025-07-01,10,1117.06,54.87,1,0,annual,automatic,42.15,0
C03821,2025-07-01,1,214.6,27.55,1,0,monthly,automatic,26.11,1
C03822,2025-07-01,40,2396.71,69.76,1,1,annual,automatic,71.61,0
C03823,2025-07-01,13,2196.42,76.03,1,0,monthly,manual,91.46,0
C03824,2025-07-01,43,867.92,85.57,1,0,annual,automatic,99.55,0
C03825,2025-07-01,66,2493.84,99.28,2,0,annual,manual,119.18,0
C03826,2025-07-01,25,928.39,48.64,1,0,annual,manual,40.23,0
C03827,2025-07-01,40,1254.34,68.71,0,0,monthly,manual,83.73,0
C03828,2025-07-01,50,2156.9,6.75,0,0,annual,automatic,4.66,0
C03829,2025-07-01,11,899.57,90.98,1,0,monthly,automatic,70.9,1
C03830,2025-07-01,65,1235.24,63.5,2,0,annual,automatic,24.27,0
C03831,2025-07-01,15,1729.85,45.03,0,0,annual,manual,67.85,0
C03832,2025-07-01,59,499.08,46.26,2,0,monthly,manual,26.47,1
C03833,2025-07-01,48,1170.41,77.01,1,1,monthly,manual,108.88,0
C03834,2025-07-01,11,910.64,84.18,1,0,monthly,automatic,93.28,1
C03835,2025-07-01,53,1755.58,81.75,1,1,annual,automatic,80.91,0
C03836,2025-07-01,15,511.73,53.51,0,0,monthly,automatic,56.1,0
C03837,2025-07-01,44,734.28,40.26,3,0,annual,manual,22.03,0
C03838,2025-07-01,70,1835.17,94.83,1,1,annual,automatic,140.53,0
C03839,2025-07-01,69,558.32,65.25,1,0,monthly,manual,51.77,0
C03840,2025-07-01,63,1169.64,56.65,1,1,monthly,automatic,72.2,1
C03841,2025-07-01,36,1838.63,61.84,1,0,monthly,automatic,45.13,1
C03842,2025-07-01,41,1959.58,64.84,0,1,monthly,automatic,27.17,1
C03843,2025-07-01,22,417.23,72.74,1,0,annual,automatic,117.42,0
C03844,2025-07-01,67,2158.59,57.55,4,0,monthly,manual,40.79,1
C03845,2025-07-01,35,1864.14,88.16,0,0,monthly,automatic,95.36,0
C03846,2025-07-01,56,979.38,86.67,0,0,monthly,manual,4.33,1
C03847,2025-07-01,26,1955.75,47.01,1,0,annual,automatic,42.08,0
C03848,2025-07-01,54,1874.09,21.01,0,0,monthly,automatic,23.77,0
C03849,2025-07-01,17,1581.05,59.78,1,0,monthly,automatic,57.98,1
C03850,2025-07-01,53,1483.51,63.97,2,0,monthly,automatic,56.66,0
C03851,2025-07-01,4,1888.82,54.72,1,1,monthly,automatic,46.3,1
C03852,2025-07-01,8,2497.3,89.6,0,0,monthly,automatic,109.73,0
C03853,2025-07-01,26,1529.67,13.84,0,0,monthly,automatic,6.47,1
C03854,2025-07-01,35,2059.05,32.3,1,0,monthly,manual,27.04,1
C03855,2025-07-01,52,1910.83,87.25,2,0,monthly,manual,124.08,1
C03856,2025-07-01,26,2167.36,94.24,2,0,monthly,manual,37.8,1
C03857,2025-07-01,2,2394.41,45.46,0,0,annual,manual,40.13,1
C03858,2025-07-01,24,,23.3,0,0,monthly,automatic,12.44,0
C03859,2025-07-01,32,579.56,44.93,0,1,monthly,automatic,46.07,0
C03860,2025-07-01,40,1547.61,48.34,0,0,monthly,manual,45.03,1
C03861,2025-07-01,47,1232.38,54.36,0,0,monthly,automatic,32.05,0
C03862,2025-07-01,18,1511.66,31.06,3,0,monthly,automatic,28.84,0
C03863,2025-07-01,44,2034.5,34.7,2,2,annual,automatic,32.72,1
C03864,2025-07-01,46,2341.94,67.28,3,0,annual,automatic,47.55,0
C03865,2025-07-01,56,1159.06,64.07,1,1,monthly,manual,49.6,1
C03866,2025-07-01,38,1850.25,67.9,0,0,annual,automatic,47.07,1
C03867,2025-07-01,59,651.64,40.84,2,0,monthly,automatic,,1
C03868,2025-07-01,16,1428.47,36.96,0,0,annual,manual,45.99,0
C03869,2025-07-01,52,249.15,38.4,1,0,monthly,manual,51.39,1
C03870,2025-07-01,4,1357.63,95.36,2,0,monthly,manual,29.32,1
C03871,2025-07-01,8,1453.27,42.55,0,0,annual,manual,57.14,0
C03872,2025-07-01,63,1890.52,62.58,2,0,monthly,automatic,66.37,1
C03873,2025-07-01,35,1692.82,54.67,2,1,monthly,automatic,29.21,1
C03874,2025-07-01,45,1023.31,88.24,2,0,annual,,74.72,0
C03875,2025-07-01,44,212.18,40.07,1,0,monthly,automatic,26.97,1
C03876,2025-07-01,51,464.62,46.24,2,0,annual,manual,57.48,0
C03877,2025-07-01,18,2437.04,85.07,1,1,monthly,manual,50.94,1
C03878,2025-07-01,13,2320.37,20.29,1,1,monthly,automatic,33.74,0
C03879,2025-07-01,4,946.71,61.46,0,1,monthly,automatic,81.46,0
C03880,2025-07-01,63,794.36,42.99,1,1,annual,manual,21.12,1
C03881,2025-07-01,17,1202.76,98.65,1,0,monthly,automatic,147.33,1
C03882,2025-07-01,42,1785.86,73.53,1,0,monthly,automatic,86.43,0
C03883,2025-07-01,33,1019.7,6.0,3,0,monthly,automatic,5.2,0
C03884,2025-07-01,12,353.78,84.75,3,1,annual,automatic,98.01,0
C03885,2025-07-01,30,1125.43,71.8,1,0,monthly,automatic,89.29,0
C03886,2025-07-01,6,798.35,58.29,0,0,annual,manual,38.16,1
C03887,2025-07-01,13,946.34,27.43,3,0,monthly,automatic,33.25,1
C03888,2025-07-01,11,573.8,19.19,0,1,monthly,automatic,14.75,0
C03889,2025-07-01,60,1714.33,64.7,1,0,annual,automatic,77.96,0
C03890,2025-07-01,41,1410.25,46.79,1,1,monthly,automatic,40.81,0
C03891,2025-07-01,67,821.99,86.85,0,1,monthly,automatic,49.28,1
C03892,2025-07-01,32,1472.88,29.93,1,0,monthly,automatic,34.14,0
C03893,2025-07-01,15,1332.23,65.56,1,0,monthly,automatic,51.63,0
C03894,2025-07-01,44,2029.74,28.64,0,0,annual,automatic,27.9,0
C03895,2025-07-01,67,2397.76,65.45,1,0,annual,manual,69.58,0
C03896,2025-07-01,39,499.54,9.59,1,0,monthly,automatic,13.75,0
C03897,2025-07-01,2,2232.0,42.21,0,0,annual,manual,32.4,0
C03898,2025-07-01,22,1820.03,21.41,1,0,annual,manual,13.34,0
C03899,2025-07-01,67,1791.87,62.56,0,0,annual,automatic,93.59,0
C03900,2025-07-01,38,1059.89,35.09,0,1,annual,automatic,32.32,0
C03901,2025-07-01,69,989.99,78.3,0,0,monthly,automatic,57.1,1
C03902,2025-07-01,37,211.97,15.89,0,0,annual,manual,16.63,0
C03903,2025-07-01,1,2458.07,57.84,2,0,monthly,automatic,46.26,1
C03904,2025-07-01,63,1593.96,61.4,0,0,monthly,automatic,50.73,1
C03905,2025-07-01,55,1124.36,7.1,0,1,monthly,automatic,12.93,0
C03906,2025-07-01,52,1449.67,8.42,3,0,monthly,automatic,4.83,1
C03907,2025-07-01,70,292.21,34.28,0,0,monthly,automatic,14.28,0
C03908,2025-07-01,15,598.4,62.86,1,1,monthly,manual,84.79,0
C03909,2025-07-01,66,1632.73,96.45,0,0,monthly,automatic,75.93,0
C03910,2025-07-01,17,1381.8,13.62,0,0,annual,automatic,14.05,0
C03911,2025-07-01,70,2009.27,71.8,0,1,annual,manual,82.09,0
C03912,2025-07-01,14,1714.11,70.81,3,0,annual,manual,21.78,1
C03913,2025-07-01,40,1582.3,68.6,3,0,monthly,automatic,90.5,0
C03914,2025-07-01,57,2074.11,54.03,1,0,monthly,manual,39.09,0
C03915,2025-07-01,6,356.01,96.85,4,1,monthly,manual,153.47,1
C03916,2025-07-01,5,1788.04,52.67,1,0,monthly,automatic,33.78,0
C03917,2025-07-01,62,1844.86,84.64,1,0,monthly,automatic,124.25,0
C03918,2025-07-01,5,831.88,29.94,2,0,monthly,automatic,45.85,0
C03919,2025-07-01,45,648.99,81.6,1,0,monthly,automatic,61.09,0
C03920,2025-07-01,68,690.86,99.67,1,0,annual,automatic,85.06,0
C03921,2025-07-01,45,654.72,91.46,0,1,monthly,,74.09,0
C03922,2025-07-01,35,1403.7,33.89,2,0,monthly,manual,49.2,0
C03923,2025-07-01,31,510.94,85.38,1,1,monthly,manual,83.91,0
C03924,2025-07-01,46,1715.36,14.05,1,0,monthly,manual,15.55,1
C03925,2025-07-01,42,440.68,69.38,0,0,annual,manual,60.34,0
C03926,2025-07-01,37,260.85,37.5,2,1,monthly,manual,40.7,1
C03927,2025-07-01,12,,67.57,6,1,monthly,manual,74.87,1
C03928,2025-07-01,48,640.28,44.16,0,0,monthly,manual,31.4,1
C03929,2025-07-01,54,2472.92,5.86,3,0,monthly,automatic,9.03,0
C03930,2025-07-01,52,895.89,26.97,3,0,monthly,manual,22.89,1
C03931,2025-07-01,6,709.75,9.03,1,0,annual,manual,11.56,0
C03932,2025-07-01,51,651.57,45.59,0,0,annual,automatic,21.81,0
C03933,2025-07-01,53,1058.86,84.81,1,2,monthly,manual,98.33,1
C03934,2025-07-01,14,1592.45,75.11,2,1,annual,automatic,97.1,0
C03935,2025-07-01,62,1997.47,79.95,0,0,annual,automatic,80.99,0
C03936,2025-07-01,38,1037.53,81.68,2,0,monthly,manual,105.9,0
C03937,2025-07-01,35,1638.73,40.33,1,0,monthly,automatic,27.12,0
C03938,2025-07-01,53,1307.74,53.07,2,0,annual,manual,57.6,0
C03939,2025-07-01,37,2145.94,53.3,0,0,monthly,automatic,20.67,0
C03940,2025-07-01,40,1507.8,15.75,1,1,monthly,automatic,15.31,0
C03941,2025-07-01,23,865.75,61.82,0,0,monthly,manual,39.72,0
C03942,2025-07-01,67,1817.25,73.42,0,0,monthly,manual,65.78,0
C03943,2025-07-01,70,2085.15,63.04,0,0,monthly,automatic,88.43,0
C03944,2025-07-01,10,1269.51,75.87,0,0,monthly,automatic,115.95,0
C03945,2025-07-01,53,2469.55,16.29,3,1,annual,automatic,7.68,0
C03946,2025-07-01,2,2220.92,77.33,1,0,monthly,automatic,104.85,0
C03947,2025-07-01,27,652.0,24.77,1,0,monthly,automatic,34.92,1
C03948,2025-07-01,70,2008.54,88.3,2,0,monthly,automatic,91.27,1
C03949,2025-07-01,13,1581.19,28.27,0,0,monthly,manual,39.44,0
C03950,2025-07-01,28,1429.07,51.74,1,0,monthly,automatic,40.09,0
C03951,2025-07-01,16,1381.06,51.29,1,0,annual,manual,37.96,0
C03952,2025-07-01,53,2161.85,30.54,2,0,monthly,automatic,22.65,1
C03953,2025-07-01,34,1604.01,39.36,2,0,monthly,manual,46.05,0
C03954,2025-07-01,43,1435.72,22.63,2,1,monthly,automatic,20.05,1
C03955,2025-07-01,68,311.38,59.16,4,0,monthly,automatic,39.61,0
C03956,2025-07-01,38,1230.1,91.74,4,0,monthly,automatic,62.96,0
C03957,2025-07-01,53,2287.5,35.08,0,0,monthly,automatic,32.29,0
C03958,2025-07-01,8,1835.99,53.27,3,0,monthly,manual,33.18,1
C03959,2025-07-01,16,316.19,86.88,0,1,monthly,automatic,100.25,0
C03960,2025-07-01,69,2232.18,47.99,1,0,annual,automatic,64.22,0
C03961,2025-07-01,62,2100.33,83.97,2,1,annual,manual,105.87,0
C03962,2025-07-01,48,1456.37,47.41,2,0,monthly,automatic,91.92,0
C03963,2025-07-01,28,250.53,46.82,0,0,monthly,manual,49.81,0
C03964,2025-07-01,15,1492.59,19.94,1,0,monthly,automatic,30.18,0
C03965,2025-07-01,62,324.55,16.87,0,0,monthly,manual,16.61,0
C03966,2025-07-01,57,935.87,63.09,1,0,monthly,manual,51.89,0
C03967,2025-07-01,18,1645.49,83.6,1,0,annual,automatic,80.4,1
C03968,2025-07-01,43,2298.7,17.86,1,0,monthly,automatic,17.47,0
C03969,2025-07-01,45,1021.93,91.46,1,0,annual,manual,80.19,0
C03970,2025-07-01,35,2177.05,39.09,0,0,monthly,manual,21.15,1
C03971,2025-07-01,67,2311.23,45.4,2,0,monthly,manual,26.2,0
C03972,2025-07-01,9,247.4,89.97,0,0,monthly,automatic,118.46,1
C03973,2025-07-01,19,749.68,90.15,1,0,monthly,automatic,109.26,0
C03974,2025-07-01,7,1831.68,54.86,2,1,annual,manual,84.62,0
C03975,2025-07-01,50,1939.74,31.29,0,0,annual,automatic,24.49,0
C03976,2025-07-01,47,1101.56,21.33,1,1,monthly,automatic,16.0,1
C03977,2025-07-01,72,1709.54,30.8,1,0,monthly,automatic,15.95,0
C03978,2025-07-01,40,1606.96,79.16,2,1,monthly,automatic,102.08,0
C03979,2025-07-01,11,1900.48,35.84,0,0,monthly,manual,21.78,1
C03980,2025-07-01,33,1851.91,70.98,2,0,annual,automatic,64.54,0
C03981,2025-07-01,7,396.5,23.54,2,1,monthly,automatic,24.24,1
C03982,2025-07-01,49,562.98,50.46,2,0,monthly,manual,18.81,1
C03983,2025-07-01,49,504.27,38.45,0,1,monthly,automatic,45.83,0
C03984,2025-07-01,62,2343.7,52.84,1,1,monthly,manual,67.29,1
C03985,2025-07-01,25,2300.15,59.14,0,0,monthly,manual,60.14,1
C03986,2025-07-01,23,2033.05,99.14,2,0,monthly,manual,88.2,1
C03987,2025-07-01,6,467.45,90.49,2,0,monthly,automatic,82.23,0
C03988,2025-07-01,30,1519.82,71.11,1,0,annual,automatic,100.27,0
C03989,2025-07-01,35,629.63,19.61,0,0,annual,automatic,18.41,0
C03990,2025-07-01,55,1046.28,92.31,0,0,monthly,automatic,84.27,0
C03991,2025-07-01,55,813.31,89.8,0,0,annual,automatic,61.03,0
C03992,2025-07-01,11,2105.54,89.24,1,1,monthly,automatic,4.46,1
C03993,2025-07-01,21,531.24,50.51,3,0,monthly,automatic,65.85,0
C03994,2025-07-01,37,1685.21,21.22,2,0,monthly,automatic,19.5,0
C03995,2025-07-01,25,2461.96,76.67,1,0,monthly,automatic,,1
C03996,2025-07-01,2,1779.23,41.91,0,0,monthly,automatic,69.51,0
C03997,2025-07-01,61,381.24,37.73,1,0,annual,manual,40.51,0
C03998,2025-07-01,53,2287.05,42.12,0,0,monthly,manual,35.71,0
C03999,2025-07-01,38,1678.08,58.11,0,0,annual,manual,74.17,0
C04000,2025-07-01,23,1248.52,36.68,1,0,monthly,manual,38.47,0
C04001,2025-07-01,61,1716.29,70.54,1,0,monthly,automatic,73.5,0
C04002,2025-07-01,3,2220.8,66.53,0,2,annual,manual,47.03,0
C04003,2025-07-01,33,1296.39,53.34,1,0,monthly,automatic,62.07,1
C04004,2025-07-01,58,1421.04,10.13,0,0,monthly,automatic,12.65,0
C04005,2025-07-01,69,1239.63,93.97,2,0,monthly,manual,66.61,0
C04006,2025-07-01,19,365.96,44.11,1,0,annual,manual,11.33,0
C04007,2025-07-01,47,2009.26,47.7,1,0,monthly,automatic,59.75,0
C04008,2025-07-01,14,489.75,48.32,0,0,annual,automatic,55.08,0
C04009,2025-07-01,9,1106.51,39.68,0,0,monthly,manual,48.2,0
C04010,2025-07-01,26,1088.69,69.09,1,0,monthly,automatic,64.68,0
C04011,2025-07-01,64,843.09,6.32,0,0,annual,automatic,7.94,0
C04012,2025-07-01,50,1124.77,87.98,1,2,monthly,automatic,60.84,1
C04013,2025-07-01,36,1620.42,14.73,1,0,monthly,automatic,12.59,0
C04014,2025-07-01,21,915.19,99.97,2,0,monthly,automatic,55.34,1
C04015,2025-07-01,11,595.78,64.67,1,0,monthly,automatic,85.7,0
C04016,2025-07-01,20,2198.55,11.29,0,0,monthly,automatic,10.2,1
C04017,2025-07-01,11,2431.92,58.43,1,0,monthly,manual,58.5,1
C04018,2025-07-01,14,1253.74,36.47,1,0,monthly,manual,39.08,0
C04019,2025-07-01,50,951.15,95.54,0,0,monthly,automatic,79.92,0
C04020,2025-07-01,10,308.21,76.77,1,0,annual,automatic,92.73,0
C04021,2025-07-01,4,283.76,53.17,1,0,annual,manual,79.77,0
C04022,2025-07-01,40,1102.63,45.83,1,0,monthly,manual,57.88,0
C04023,2025-07-01,21,2338.56,99.61,4,0,monthly,manual,31.56,1
C04024,2025-07-01,33,1879.63,68.4,0,0,monthly,manual,65.56,0
C04025,2025-07-01,11,1002.32,53.82,2,1,monthly,manual,52.44,1
C04026,2025-07-01,16,2425.51,42.8,2,0,monthly,automatic,57.98,0
C04027,2025-07-01,32,1185.14,35.84,0,0,monthly,automatic,26.09,0
C04028,2025-07-01,50,835.62,72.01,0,0,monthly,automatic,40.03,0
C04029,2025-07-01,30,1179.61,60.85,1,0,monthly,automatic,73.78,0
C04030,2025-07-01,40,685.55,85.58,0,0,monthly,automatic,78.16,1
C04031,2025-07-01,38,2235.97,57.59,1,0,annual,automatic,40.41,0
C04032,2025-07-01,20,1029.7,60.32,1,0,monthly,automatic,50.0,0
C04033,2025-07-01,21,1712.33,50.35,1,0,monthly,automatic,21.46,1
C04034,2025-07-01,31,1093.81,77.45,4,0,monthly,manual,75.87,1
C04035,2025-07-01,3,2272.98,44.42,0,0,monthly,manual,36.14,0
C04036,2025-07-01,50,1676.48,85.93,0,0,monthly,automatic,95.09,0
C04037,2025-07-01,45,1321.98,36.07,1,0,monthly,automatic,30.6,0
C04038,2025-07-01,23,502.93,70.8,3,0,monthly,automatic,66.02,0
C04039,2025-07-01,27,2273.41,89.83,1,0,monthly,automatic,68.33,0
C04040,2025-07-01,24,1456.68,78.06,2,0,monthly,automatic,64.86,1
C04041,2025-07-01,47,854.62,37.55,3,0,monthly,manual,19.7,1
C04042,2025-07-01,55,2218.23,72.1,0,0,monthly,manual,92.38,0
C04043,2025-07-01,8,324.21,24.66,0,0,monthly,automatic,22.33,1
C04044,2025-07-01,30,921.38,10.53,1,0,monthly,automatic,2.36,1
C04045,2025-07-01,1,1433.71,80.18,2,0,annual,automatic,29.28,0
C04046,2025-07-01,33,980.57,81.76,1,0,monthly,manual,104.91,0
C04047,2025-07-01,18,1295.49,7.18,0,1,monthly,automatic,6.5,0
C04048,2025-07-01,25,806.93,95.04,0,1,annual,manual,86.77,1
C04049,2025-07-01,33,498.19,47.36,2,0,annual,automatic,43.53,0
C04050,2025-07-01,24,283.76,91.0,0,0,monthly,automatic,99.24,0
C04051,2025-07-01,29,,79.88,1,0,monthly,manual,116.28,0
C04052,2025-07-01,56,2390.78,90.56,0,0,monthly,automatic,97.42,0
C04053,2025-07-01,59,1522.43,84.17,2,0,monthly,manual,86.49,0
C04054,2025-07-01,1,1323.61,97.53,2,0,annual,automatic,70.23,1
C04055,2025-07-01,28,1082.94,64.76,2,1,monthly,manual,24.61,1
C04056,2025-07-01,61,1828.37,26.59,0,0,monthly,manual,28.88,0
C04057,2025-07-01,39,523.9,42.01,1,0,monthly,automatic,46.81,0
C04058,2025-07-01,15,834.1,76.43,0,0,monthly,automatic,99.73,0
C04059,2025-07-01,43,1707.57,19.91,1,1,monthly,,30.25,0
C04060,2025-07-01,11,1300.85,93.34,0,0,annual,automatic,47.98,0
C04061,2025-07-01,2,1970.21,24.5,0,1,monthly,automatic,17.27,0
C04062,2025-07-01,46,2262.35,88.22,2,0,monthly,automatic,101.8,0
C04063,2025-07-01,38,2092.76,50.95,2,0,annual,manual,46.9,0
C04064,2025-07-01,55,622.68,84.86,1,0,monthly,automatic,120.94,0
C04065,2025-07-01,25,409.38,96.04,2,0,monthly,automatic,81.85,0
C04066,2025-07-01,62,588.71,45.1,1,0,monthly,manual,73.08,0
C04067,2025-07-01,31,2001.12,71.18,1,0,annual,manual,66.88,1
C04068,2025-07-01,54,2300.81,26.54,2,0,monthly,automatic,39.54,0
C04069,2025-07-01,8,2327.53,81.07,1,0,monthly,automatic,6.29,1
C04070,2025-07-01,7,884.9,82.89,1,0,monthly,automatic,90.37,1
C04071,2025-07-01,57,2131.79,33.05,0,0,annual,manual,30.68,0
C04072,2025-07-01,61,1432.34,7.29,0,0,annual,automatic,1.36,1
C04073,2025-07-01,68,2091.42,45.96,0,0,monthly,automatic,42.04,0
C04074,2025-07-01,24,1460.24,21.15,2,0,monthly,automatic,10.3,0
C04075,2025-07-01,2,534.55,82.76,0,1,monthly,automatic,61.09,1
C04076,2025-07-01,71,381.2,29.8,1,0,monthly,automatic,30.6,0
C04077,2025-07-01,44,2400.6,94.65,0,0,monthly,automatic,83.01,0
C04078,2025-07-01,18,1178.35,97.32,1,0,annual,automatic,101.67,0
C04079,2025-07-01,55,1005.2,91.34,1,0,annual,automatic,89.06,0
C04080,2025-07-01,66,1018.5,61.96,1,1,annual,manual,108.06,0
C04081,2025-07-01,21,1070.55,30.41,0,0,monthly,manual,30.74,0
C04082,2025-07-01,56,2372.49,81.69,1,0,annual,manual,78.37,0
C04083,2025-07-01,57,343.22,71.65,1,1,monthly,automatic,76.47,0
C04084,2025-07-01,37,472.84,97.83,1,0,annual,manual,89.11,0
C04085,2025-07-01,46,2015.2,40.84,0,0,monthly,automatic,14.93,1
C04086,2025-07-01,20,1462.64,10.58,0,0,annual,manual,12.3,0
C04087,2025-07-01,67,494.63,99.85,1,0,monthly,manual,136.97,0
C04088,2025-07-01,71,278.26,84.64,0,0,monthly,automatic,123.94,0
C04089,2025-07-01,71,714.74,26.04,2,0,monthly,automatic,30.24,0
C04090,2025-07-01,54,798.86,73.93,1,0,annual,manual,61.06,1
C04091,2025-07-01,4,231.69,5.07,1,0,monthly,automatic,5.13,1
C04092,2025-07-01,27,696.01,57.99,2,0,monthly,manual,89.61,0
C04093,2025-07-01,33,1897.13,39.47,0,0,monthly,manual,33.22,0
C04094,2025-07-01,70,2166.5,41.23,0,0,annual,manual,20.71,1
C04095,2025-07-01,40,2264.94,28.23,5,0,annual,,47.8,0
C04096,2025-07-01,39,1095.8,31.11,1,0,monthly,automatic,17.54,1
C04097,2025-07-01,11,933.65,48.19,1,0,monthly,manual,17.82,1
C04098,2025-07-01,58,2498.68,28.57,0,0,monthly,manual,29.48,1
C04099,2025-07-01,25,1968.48,49.31,0,0,monthly,automatic,52.42,1
C04100,2025-07-01,7,1434.91,59.85,0,0,monthly,automatic,64.66,0
C04101,2025-07-01,72,784.97,72.56,1,1,annual,automatic,89.06,0
C04102,2025-07-01,14,938.0,69.33,0,0,monthly,manual,59.86,0
C04103,2025-07-01,2,1384.34,27.99,2,0,monthly,manual,24.31,1
C04104,2025-07-01,6,1445.79,8.72,0,0,monthly,automatic,6.27,0
C04105,2025-07-01,33,230.46,84.1,0,0,monthly,manual,81.4,0
C04106,2025-07-01,8,2405.62,87.87,1,0,annual,automatic,97.51,0
C04107,2025-07-01,61,1522.89,97.99,1,1,monthly,automatic,121.25,0
C04108,2025-07-01,37,1554.06,96.17,1,0,monthly,automatic,58.26,1
C04109,2025-07-01,24,685.38,65.21,1,0,monthly,automatic,31.55,0
C04110,2025-07-01,1,1958.47,89.96,0,0,annual,automatic,110.63,0
C04111,2025-07-01,35,1894.71,47.56,2,1,annual,automatic,34.95,0
C04112,2025-07-01,11,417.86,79.8,1,0,annual,automatic,45.9,0
C04113,2025-07-01,71,1567.49,95.76,2,0,monthly,manual,26.09,0
C04114,2025-07-01,21,1712.85,80.65,0,1,monthly,automatic,113.93,0
C04115,2025-07-01,35,2120.81,44.5,0,1,monthly,automatic,45.23,0
C04116,2025-07-01,2,673.01,40.89,1,0,monthly,automatic,45.43,0
C04117,2025-07-01,10,2217.56,32.7,0,0,monthly,automatic,35.09,0
C04118,2025-07-01,15,1260.41,39.87,1,0,monthly,manual,39.65,1
C04119,2025-07-01,4,421.0,82.95,0,1,annual,manual,75.64,0
C04120,2025-07-01,53,441.93,71.64,1,0,monthly,automatic,64.15,1
C04121,2025-07-01,69,653.95,28.74,2,0,annual,automatic,16.61,0
C04122,2025-07-01,71,849.33,72.6,1,0,monthly,automatic,21.93,1
C04123,2025-07-01,20,1340.73,41.04,1,0,monthly,automatic,70.01,0
C04124,2025-07-01,57,1921.13,57.99,1,0,monthly,automatic,54.12,0
C04125,2025-07-01,37,628.47,40.19,1,0,monthly,automatic,30.82,0
C04126,2025-07-01,4,2482.1,54.55,1,0,monthly,manual,34.89,1
C04127,2025-07-01,7,,74.33,2,1,monthly,manual,95.69,0
C04128,2025-07-01,40,1577.57,74.46,0,0,annual,automatic,72.27,0
C04129,2025-07-01,31,2335.56,76.55,3,0,annual,automatic,47.29,0
C04130,2025-07-01,1,2113.77,42.15,1,0,monthly,manual,34.3,0
C04131,2025-07-01,67,1689.15,70.6,1,0,monthly,automatic,72.64,0
C04132,2025-07-01,53,1844.63,27.68,2,0,monthly,manual,21.72,0
C04133,2025-07-01,37,507.67,50.36,1,0,annual,automatic,60.7,0
C04134,2025-07-01,72,221.23,60.4,0,0,annual,automatic,100.47,0
C04135,2025-07-01,70,1197.54,70.22,0,0,annual,automatic,54.23,0
C04136,2025-07-01,71,404.89,91.64,0,1,monthly,manual,75.17,0
C04137,2025-07-01,19,1021.83,33.95,0,1,annual,automatic,21.37,1
C04138,2025-07-01,64,713.61,85.3,2,0,monthly,manual,73.89,0
C04139,2025-07-01,37,2306.6,34.56,2,0,monthly,automatic,8.08,1
C04140,2025-07-01,53,2223.13,57.43,2,0,annual,automatic,74.93,0
C04141,2025-07-01,62,2082.57,83.67,1,1,monthly,manual,37.91,0
C04142,2025-07-01,12,1841.07,73.7,3,0,annual,automatic,47.01,1
C04143,2025-07-01,33,553.37,86.97,2,0,monthly,automatic,82.56,1
C04144,2025-07-01,10,310.25,82.41,0,1,annual,manual,115.55,0
C04145,2025-07-01,21,1702.94,31.25,0,1,monthly,manual,19.41,1
C04146,2025-07-01,30,1676.19,99.33,3,0,monthly,manual,84.89,0
C04147,2025-07-01,62,1048.68,94.01,1,0,annual,manual,96.15,0
C04148,2025-07-01,63,1286.18,45.87,3,1,monthly,manual,31.42,1
C04149,2025-07-01,29,1324.04,9.48,0,0,monthly,,8.32,0
C04150,2025-07-01,24,750.83,33.83,0,0,monthly,manual,12.29,1
C04151,2025-07-01,39,921.58,84.43,1,0,annual,automatic,62.08,0
C04152,2025-07-01,66,1161.3,95.33,1,0,annual,manual,128.76,0
C04153,2025-07-01,71,1586.31,84.01,1,0,annual,automatic,101.27,0
C04154,2025-07-01,17,2397.38,42.69,0,0,annual,automatic,32.64,0
C04155,2025-07-01,14,1437.51,10.37,1,0,annual,manual,5.86,0
C04156,2025-07-01,51,1880.68,54.17,1,0,monthly,automatic,45.81,0
C04157,2025-07-01,22,2055.1,40.76,0,0,monthly,manual,16.62,1
C04158,2025-07-01,15,460.07,16.68,2,0,monthly,automatic,14.2,0
C04159,2025-07-01,3,1701.19,15.06,0,1,annual,manual,11.69,1
C04160,2025-07-01,30,1307.85,19.54,0,1,monthly,automatic,14.92,0
C04161,2025-07-01,29,1515.59,24.55,0,0,annual,automatic,21.37,0
C04162,2025-07-01,41,287.36,76.61,0,0,annual,,84.87,0
C04163,2025-07-01,15,2283.3,41.26,1,1,monthly,manual,22.96,1
C04164,2025-07-01,52,2390.4,46.51,2,0,monthly,manual,58.38,0
C04165,2025-07-01,49,207.01,61.85,1,0,monthly,manual,81.26,0
C04166,2025-07-01,34,688.42,96.21,0,0,monthly,manual,162.59,0
C04167,2025-07-01,14,613.45,76.86,2,0,monthly,automatic,78.68,1
C04168,2025-07-01,37,1996.0,66.34,3,0,annual,automatic,95.24,0
C04169,2025-07-01,49,1574.58,75.66,2,0,monthly,automatic,95.46,0
C04170,2025-07-01,27,606.87,73.33,2,0,annual,automatic,72.35,0
C04171,2025-07-01,19,2071.13,70.57,0,0,monthly,automatic,34.86,1
C04172,2025-07-01,37,1011.99,52.16,0,0,annual,automatic,64.33,0
C04173,2025-07-01,26,1258.97,58.85,0,0,annual,automatic,59.08,0
C04174,2025-07-01,29,1089.81,48.84,0,0,monthly,automatic,75.49,0
C04175,2025-07-01,26,1398.17,42.52,2,0,monthly,manual,50.13,0
C04176,2025-07-01,22,1303.33,30.72,0,0,annual,manual,39.61,0
C04177,2025-07-01,52,830.54,38.75,1,0,annual,manual,27.81,0
C04178,2025-07-01,34,1175.48,45.71,2,1,annual,automatic,45.97,0
C04179,2025-07-01,34,2288.18,60.04,0,0,monthly,automatic,14.81,0
C04180,2025-07-01,48,1355.66,52.49,0,0,annual,automatic,58.48,0
C04181,2025-07-01,27,2306.69,15.26,1,0,monthly,automatic,20.54,0
C04182,2025-07-01,8,1464.29,37.3,0,0,monthly,automatic,52.49,0
C04183,2025-07-01,62,1967.28,40.74,1,1,annual,manual,32.42,0
C04184,2025-07-01,5,874.26,72.16,1,0,monthly,automatic,20.58,0
C04185,2025-07-01,42,2016.95,36.62,1,0,monthly,automatic,26.8,0
C04186,2025-07-01,20,806.94,5.76,2,0,monthly,automatic,5.14,0
C04187,2025-07-01,16,243.96,13.01,1,0,monthly,automatic,13.83,1
C04188,2025-07-01,4,568.68,52.21,1,0,monthly,manual,10.95,1
C04189,2025-07-01,65,248.8,22.91,1,0,monthly,automatic,20.24,0
C04190,2025-07-01,31,2377.24,51.99,1,1,monthly,automatic,28.95,1
C04191,2025-07-01,25,2498.95,59.55,2,0,monthly,automatic,84.93,0
C04192,2025-07-01,54,1952.13,93.68,1,0,annual,automatic,9.63,1
C04193,2025-07-01,3,447.69,67.28,2,0,monthly,automatic,85.74,1
C04194,2025-07-01,41,2266.57,7.95,2,0,monthly,automatic,6.87,1
C04195,2025-07-01,36,,41.17,0,0,annual,manual,8.38,1
C04196,2025-07-01,40,963.16,80.38,2,0,annual,automatic,121.14,0
C04197,2025-07-01,9,1354.24,29.75,0,1,monthly,,41.43,0
C04198,2025-07-01,69,1721.05,92.87,0,0,monthly,automatic,126.07,0
C04199,2025-07-01,18,254.32,55.26,0,0,monthly,automatic,52.64,0
C04200,2025-07-01,49,1352.54,13.78,1,0,monthly,manual,9.44,1
C04201,2025-07-01,54,1883.51,27.96,0,0,annual,automatic,26.36,0
C04202,2025-07-01,25,631.92,91.1,4,0,annual,manual,101.22,0
C04203,2025-07-01,10,1219.72,99.19,1,1,monthly,automatic,72.42,0
C04204,2025-07-01,22,1423.82,86.99,0,0,monthly,automatic,53.91,0
C04205,2025-07-01,59,1890.8,35.46,3,0,annual,automatic,38.74,1
C04206,2025-07-01,66,2417.24,78.04,0,0,annual,manual,77.13,0
C04207,2025-07-01,68,2150.03,26.11,1,0,annual,automatic,32.48,0
C04208,2025-07-01,17,1628.49,41.53,0,0,monthly,manual,60.35,1
C04209,2025-07-01,44,1541.37,71.23,2,0,annual,automatic,86.88,0
C04210,2025-07-01,11,1586.33,97.05,0,0,monthly,manual,50.15,1
C04211,2025-07-01,52,1452.91,46.72,2,0,monthly,automatic,42.77,0
C04212,2025-07-01,30,335.53,52.1,1,1,monthly,manual,54.99,0
C04213,2025-07-01,52,1805.08,25.92,2,1,monthly,automatic,31.19,1
C04214,2025-07-01,50,1846.57,43.31,1,0,monthly,manual,52.85,0
C04215,2025-07-01,72,1377.7,10.99,0,1,monthly,manual,9.89,0
C04216,2025-07-01,36,2200.89,86.57,1,0,monthly,automatic,64.78,0
C04217,2025-07-01,25,1745.6,7.22,1,1,monthly,manual,9.19,0
C04218,2025-07-01,38,1033.13,69.93,0,0,monthly,automatic,73.58,0
C04219,2025-07-01,12,244.3,30.96,1,0,annual,manual,31.53,1
C04220,2025-07-01,9,335.07,50.23,1,0,annual,automatic,33.82,1
C04221,2025-07-01,38,1008.14,31.75,0,0,monthly,automatic,52.54,0
C04222,2025-07-01,60,1261.84,43.01,0,1,monthly,automatic,43.32,1
C04223,2025-07-01,39,582.8,56.94,0,0,monthly,manual,50.65,1
C04224,2025-07-01,57,634.46,65.88,1,1,monthly,manual,66.35,1
C04225,2025-07-01,13,728.49,94.33,0,0,monthly,automatic,82.44,0
C04226,2025-07-01,33,1994.18,36.56,1,0,annual,automatic,17.14,1
C04227,2025-07-01,45,1972.96,60.56,0,0,monthly,manual,62.05,1
C04228,2025-07-01,26,1079.76,90.66,2,0,annual,automatic,37.35,1
C04229,2025-07-01,2,595.44,32.57,2,0,annual,manual,31.14,0
C04230,2025-07-01,6,454.09,87.18,0,0,monthly,automatic,31.59,1
C04231,2025-07-01,67,399.4,95.97,1,1,annual,automatic,15.93,0
C04232,2025-07-01,44,1098.94,85.51,1,0,monthly,automatic,97.02,0
C04233,2025-07-01,20,303.75,59.14,0,0,monthly,manual,31.56,0
C04234,2025-07-01,19,966.36,73.6,2,0,annual,automatic,78.9,0
C04235,2025-07-01,3,2410.53,50.7,0,0,monthly,manual,49.65,1
C04236,2025-07-01,69,1366.26,61.74,2,1,monthly,automatic,59.97,1
C04237,2025-07-01,8,2091.08,97.58,0,0,annual,automatic,68.36,0
C04238,2025-07-01,55,496.31,28.86,1,0,monthly,automatic,25.23,0
C04239,2025-07-01,18,815.58,80.29,0,0,annual,manual,55.42,0
C04240,2025-07-01,25,2376.06,53.09,0,0,monthly,automatic,66.4,0
C04241,2025-07-01,20,1081.17,21.8,0,0,monthly,automatic,16.37,1
C04242,2025-07-01,60,1690.33,66.14,1,0,monthly,manual,55.1,0
C04243,2025-07-01,3,2444.09,80.28,1,1,monthly,automatic,94.78,1
C04244,2025-07-01,26,1465.81,59.03,0,0,annual,manual,41.47,0
C04245,2025-07-01,21,901.3,84.56,2,0,monthly,manual,24.78,1
C04246,2025-07-01,20,1422.48,39.76,0,0,monthly,automatic,21.81,1
C04247,2025-07-01,14,324.67,91.81,2,0,monthly,manual,118.39,1
C04248,2025-07-01,66,457.45,66.59,1,0,monthly,automatic,63.19,0
C04249,2025-07-01,28,215.49,81.3,1,1,monthly,automatic,83.11,0
C04250,2025-07-01,31,2232.68,30.93,0,0,monthly,manual,31.66,1
C04251,2025-07-01,28,1742.94,47.38,1,0,monthly,automatic,73.24,0
C04252,2025-07-01,71,885.16,91.41,1,0,monthly,manual,17.71,1
C04253,2025-07-01,25,707.67,9.84,2,0,annual,automatic,8.61,0
C04254,2025-07-01,25,1770.08,43.38,1,0,monthly,automatic,40.37,0
C04255,2025-07-01,24,2313.92,79.13,2,0,annual,automatic,72.24,0
C04256,2025-07-01,24,,75.66,0,0,monthly,automatic,90.78,0
C04257,2025-07-01,7,938.59,85.9,0,0,monthly,manual,103.83,0
C04258,2025-07-01,44,2163.75,75.24,0,0,monthly,manual,63.53,0
C04259,2025-07-01,2,2253.76,94.97,3,1,monthly,automatic,31.21,1
C04260,2025-07-01,17,2301.28,52.33,1,0,annual,manual,94.09,0
C04261,2025-07-01,15,873.25,64.31,0,0,annual,automatic,59.02,0
C04262,2025-07-01,21,475.72,85.53,1,0,monthly,automatic,81.31,1
C04263,2025-07-01,55,1210.99,71.66,0,0,annual,manual,97.59,0
C04264,2025-07-01,44,879.26,14.7,0,1,monthly,automatic,11.5,1
C04265,2025-07-01,72,2231.89,39.86,0,0,monthly,automatic,54.69,0
C04266,2025-07-01,26,283.26,57.5,1,0,monthly,manual,46.73,0
C04267,2025-07-01,67,1656.93,76.7,0,1,annual,automatic,119.67,0
C04268,2025-07-01,4,2283.22,56.64,0,0,monthly,automatic,61.14,0
C04269,2025-07-01,37,2445.34,78.87,4,0,monthly,manual,53.91,1
C04270,2025-07-01,58,1694.3,84.57,0,0,annual,automatic,142.34,0
C04271,2025-07-01,39,2383.82,30.19,1,0,monthly,manual,34.14,0
C04272,2025-07-01,68,373.02,63.53,1,0,monthly,manual,44.91,1
C04273,2025-07-01,23,1025.34,57.93,1,0,monthly,automatic,24.77,0
C04274,2025-07-01,3,219.04,26.6,2,0,monthly,automatic,30.97,0
C04275,2025-07-01,56,2455.72,51.54,3,0,monthly,manual,72.38,0
C04276,2025-07-01,5,2275.27,57.11,1,1,monthly,automatic,60.28,1
C04277,2025-07-01,56,263.52,82.65,2,0,monthly,automatic,85.59,0
C04278,2025-07-01,53,240.71,48.79,1,0,monthly,automatic,71.5,0
C04279,2025-07-01,61,1043.03,12.69,2,0,monthly,automatic,14.33,0
C04280,2025-07-01,35,793.64,51.29,0,0,monthly,automatic,35.38,1
C04281,2025-07-01,65,2146.94,84.61,0,0,annual,manual,59.63,1
C04282,2025-07-01,13,568.11,59.27,1,0,monthly,automatic,66.05,1
C04283,2025-07-01,32,2017.49,35.29,1,0,monthly,automatic,38.67,0
C04284,2025-07-01,9,1474.26,92.49,0,0,monthly,manual,120.31,0
C04285,2025-07-01,56,1067.0,19.79,0,0,monthly,automatic,20.76,0
C04286,2025-07-01,52,534.16,36.05,0,0,monthly,automatic,41.74,0
C04287,2025-07-01,59,2493.69,46.53,4,0,annual,manual,48.48,1
C04288,2025-07-01,56,1620.37,75.11,2,0,annual,automatic,94.45,0
C04289,2025-07-01,23,1209.58,84.4,1,0,annual,automatic,99.68,0
C04290,2025-07-01,5,1052.59,10.56,0,0,monthly,manual,8.76,0
C04291,2025-07-01,67,2282.17,80.24,0,0,annual,automatic,68.53,0
C04292,2025-07-01,36,2087.74,73.45,1,0,monthly,automatic,75.9,0
C04293,2025-07-01,7,2064.73,89.99,1,0,monthly,manual,86.32,1
C04294,2025-07-01,67,1616.26,90.54,1,0,monthly,automatic,124.94,0
C04295,2025-07-01,72,2241.3,78.86,0,0,annual,manual,78.4,0
C04296,2025-07-01,33,887.34,23.07,0,0,monthly,automatic,9.73,0
C04297,2025-07-01,56,1817.52,34.82,1,0,annual,manual,17.63,0
C04298,2025-07-01,3,1129.23,93.95,0,0,monthly,automatic,78.57,0
C04299,2025-07-01,7,1579.0,61.83,0,0,annual,automatic,72.5,0
C04300,2025-07-01,20,2494.75,56.18,0,0,monthly,automatic,37.42,0
C04301,2025-07-01,48,2463.41,91.99,2,0,monthly,automatic,105.6,0
C04302,2025-07-01,10,1378.02,88.05,2,0,monthly,automatic,57.37,0
C04303,2025-07-01,3,1518.89,74.11,0,0,monthly,manual,72.3,0
C04304,2025-07-01,49,2262.84,88.81,0,0,monthly,manual,94.59,0
C04305,2025-07-01,56,2465.96,15.81,0,0,monthly,automatic,8.22,1
C04306,2025-07-01,54,1989.8,76.97,2,1,monthly,manual,81.47,0
C04307,2025-07-01,58,348.92,96.74,0,0,monthly,automatic,143.7,0
C04308,2025-07-01,58,941.07,9.65,1,0,monthly,automatic,8.21,0
C04309,2025-07-01,44,2261.09,26.19,0,1,monthly,automatic,24.8,0
C04310,2025-07-01,38,1966.21,80.43,0,0,monthly,manual,81.13,1
C04311,2025-07-01,62,1906.14,54.4,3,0,annual,automatic,51.77,1
C04312,2025-07-01,26,1735.22,13.23,0,0,monthly,automatic,12.28,1
C04313,2025-07-01,8,1154.11,30.46,1,0,annual,automatic,27.46,0
C04314,2025-07-01,55,1126.46,35.79,2,1,monthly,automatic,13.29,0
C04315,2025-07-01,20,2059.54,35.5,2,0,monthly,automatic,38.29,0
C04316,2025-07-01,71,874.69,88.38,0,1,monthly,automatic,48.06,0
C04317,2025-07-01,30,1774.11,67.89,0,1,monthly,automatic,71.4,0
C04318,2025-07-01,62,1869.28,74.82,2,1,monthly,automatic,87.2,0
C04319,2025-07-01,4,2141.48,6.29,0,0,monthly,automatic,6.68,0
C04320,2025-07-01,48,934.74,45.61,1,0,monthly,automatic,27.85,0
C04321,2025-07-01,33,1905.35,35.19,0,0,monthly,manual,36.26,0
C04322,2025-07-01,34,443.93,85.93,0,0,annual,automatic,72.63,0
C04323,2025-07-01,20,516.54,95.62,2,1,monthly,automatic,68.23,0
C04324,2025-07-01,70,1158.87,45.22,2,0,monthly,automatic,74.26,1
C04325,2025-07-01,29,326.02,97.44,2,0,monthly,manual,59.01,0
C04326,2025-07-01,62,2378.71,6.36,1,2,monthly,manual,6.95,0
C04327,2025-07-01,31,2273.36,35.94,2,0,annual,automatic,52.26,0
C04328,2025-07-01,4,311.55,78.62,3,1,annual,automatic,82.86,0
C04329,2025-07-01,64,2127.12,39.21,0,0,monthly,manual,27.63,1
C04330,2025-07-01,14,1369.41,92.49,0,0,annual,automatic,67.25,1
C04331,2025-07-01,20,1813.51,25.75,0,0,monthly,manual,11.1,1
C04332,2025-07-01,62,2238.94,80.59,3,0,monthly,automatic,76.78,0
C04333,2025-07-01,65,1526.04,24.16,4,1,monthly,manual,23.33,1
C04334,2025-07-01,67,466.55,23.72,0,0,monthly,manual,19.74,0
C04335,2025-07-01,31,204.93,47.35,0,0,monthly,automatic,67.16,0
C04336,2025-07-01,55,1341.92,94.77,0,1,monthly,automatic,85.95,1
C04337,2025-07-01,24,2382.23,60.62,0,0,monthly,automatic,22.88,1
C04338,2025-07-01,54,1516.03,65.33,1,0,monthly,manual,94.78,0
C04339,2025-07-01,37,1056.76,5.92,0,0,annual,automatic,3.07,0
C04340,2025-07-01,4,270.12,10.38,0,1,annual,automatic,11.54,1
C04341,2025-07-01,31,2303.45,11.36,2,1,monthly,automatic,13.15,0
C04342,2025-07-01,34,951.46,82.87,4,0,annual,manual,75.13,0
C04343,2025-07-01,19,1819.99,27.5,1,0,monthly,automatic,34.69,0
C04344,2025-07-01,27,1795.75,36.24,1,1,monthly,automatic,34.85,0
C04345,2025-07-01,37,782.93,62.95,0,1,annual,automatic,50.92,0
C04346,2025-07-01,4,345.69,60.48,4,0,monthly,automatic,12.41,1
C04347,2025-07-01,11,1084.5,44.0,2,0,monthly,automatic,14.47,1
C04348,2025-07-01,56,928.4,5.41,0,0,annual,manual,10.27,0
C04349,2025-07-01,26,1809.59,47.71,1,0,monthly,manual,56.89,0
C04350,2025-07-01,44,2084.5,75.19,2,0,monthly,manual,103.37,1
C04351,2025-07-01,41,710.62,27.35,3,0,annual,automatic,49.66,0
C04352,2025-07-01,40,1413.93,72.29,2,0,monthly,automatic,58.55,1
C04353,2025-07-01,30,292.4,6.44,0,1,monthly,automatic,5.72,0
C04354,2025-07-01,35,691.79,91.26,0,0,annual,automatic,32.8,0
C04355,2025-07-01,60,1951.05,95.25,0,1,annual,manual,79.59,0
C04356,2025-07-01,70,2023.82,5.23,1,0,annual,manual,4.32,0
C04357,2025-07-01,19,1984.73,48.49,2,1,monthly,manual,38.8,1
C04358,2025-07-01,49,526.49,44.31,0,0,annual,manual,57.83,0
C04359,2025-07-01,70,1466.38,84.98,3,0,monthly,automatic,100.92,0
C04360,2025-07-01,1,1171.23,56.37,3,0,monthly,automatic,70.98,0
C04361,2025-07-01,57,2479.42,63.08,0,0,monthly,manual,32.18,1
C04362,2025-07-01,36,1703.36,24.24,1,0,monthly,automatic,22.96,1
C04363,2025-07-01,70,2349.96,12.32,0,0,monthly,manual,13.03,0
C04364,2025-07-01,42,533.31,70.77,0,0,annual,automatic,112.58,0
C04365,2025-07-01,61,1236.01,63.96,1,1,monthly,automatic,62.55,0
C04366,2025-07-01,12,1973.7,84.07,3,0,monthly,automatic,73.96,1
C04367,2025-07-01,11,1045.07,85.24,2,0,monthly,automatic,112.29,1
C04368,2025-07-01,67,1653.77,64.95,1,0,monthly,automatic,54.99,0
C04369,2025-07-01,38,1375.91,56.14,2,0,monthly,automatic,61.84,0
C04370,2025-07-01,41,2480.44,91.83,2,0,annual,automatic,100.2,0
C04371,2025-07-01,13,598.91,81.12,1,0,monthly,automatic,61.24,0
C04372,2025-07-01,17,2350.3,88.83,2,0,monthly,automatic,61.74,0
C04373,2025-07-01,59,1122.61,99.6,1,0,monthly,manual,90.53,1
C04374,2025-07-01,22,1275.38,43.33,0,0,monthly,automatic,33.3,1
C04375,2025-07-01,43,1414.78,73.11,0,0,monthly,manual,28.92,0
C04376,2025-07-01,23,809.34,70.37,1,0,monthly,automatic,82.51,0
C04377,2025-07-01,19,2415.41,21.54,0,0,monthly,manual,24.12,0
C04378,2025-07-01,12,2295.42,65.47,3,1,monthly,automatic,43.21,0
C04379,2025-07-01,67,2436.68,45.67,0,0,monthly,manual,28.59,0
C04380,2025-07-01,68,2491.92,47.81,1,1,monthly,automatic,52.16,0
C04381,2025-07-01,9,1739.54,22.11,2,0,monthly,automatic,33.9,0
C04382,2025-07-01,26,1237.88,75.75,1,1,monthly,manual,96.75,1
C04383,2025-07-01,41,2155.69,71.3,0,0,monthly,automatic,95.56,0
C04384,2025-07-01,28,253.75,55.57,1,0,monthly,automatic,45.2,0
C04385,2025-07-01,52,2118.13,19.89,0,0,monthly,automatic,21.19,1
C04386,2025-07-01,19,1342.76,57.9,1,1,monthly,manual,50.58,1
C04387,2025-07-01,5,1747.41,14.51,3,0,annual,manual,9.66,1
C04388,2025-07-01,25,1059.31,37.24,2,0,monthly,manual,36.81,0
C04389,2025-07-01,44,1046.83,40.37,0,0,annual,automatic,24.88,0
C04390,2025-07-01,14,271.95,88.93,0,0,monthly,automatic,58.62,1
C04391,2025-07-01,59,1173.72,44.48,0,0,annual,automatic,33.99,0
C04392,2025-07-01,1,1138.21,61.85,1,0,annual,manual,49.57,1
C04393,2025-07-01,5,716.02,88.1,2,0,monthly,automatic,80.14,0
C04394,2025-07-01,37,767.84,45.45,2,0,monthly,automatic,8.94,1
C04395,2025-07-01,37,1542.52,88.95,0,0,monthly,manual,52.81,1
C04396,2025-07-01,22,929.87,17.96,1,0,monthly,automatic,26.4,0
C04397,2025-07-01,19,2108.58,39.66,2,0,annual,automatic,36.36,0
C04398,2025-07-01,6,455.19,14.0,3,0,monthly,automatic,15.63,0
C04399,2025-07-01,48,1527.58,58.29,1,0,annual,automatic,62.12,0
C04400,2025-09-01,28,567.1,95.94,1,0,annual,automatic,84.63,0
C04401,2025-09-01,9,1413.95,67.41,1,0,monthly,automatic,41.19,1
C04402,2025-09-01,29,1469.86,64.48,1,1,monthly,automatic,46.91,0
C04403,2025-09-01,68,1676.28,31.43,1,0,annual,automatic,50.46,0
C04404,2025-09-01,19,1182.08,93.46,2,0,monthly,automatic,68.54,0
C04405,2025-09-01,65,1370.79,49.8,4,1,annual,automatic,75.82,0
C04406,2025-09-01,19,615.19,30.37,5,1,monthly,manual,23.53,1
C04407,2025-09-01,14,1263.94,98.83,1,0,monthly,automatic,79.88,1
C04408,2025-09-01,19,1056.97,45.2,1,0,monthly,automatic,42.79,0
C04409,2025-09-01,24,1731.1,40.29,2,0,monthly,manual,34.58,0
C04410,2025-09-01,9,1199.09,8.32,0,0,monthly,manual,4.92,1
C04411,2025-09-01,43,1991.49,21.94,0,0,annual,automatic,20.08,0
C04412,2025-09-01,25,1178.78,81.87,1,0,monthly,automatic,33.14,0
C04413,2025-09-01,52,741.27,50.86,0,0,annual,manual,53.28,0
C04414,2025-09-01,36,828.48,95.71,0,0,annual,manual,95.58,0
C04415,2025-09-01,32,303.16,12.97,0,0,annual,automatic,15.24,0
C04416,2025-09-01,34,1440.81,63.51,0,0,annual,automatic,47.39,0
C04417,2025-09-01,12,2110.03,73.4,0,0,annual,automatic,86.49,0
C04418,2025-09-01,52,1967.96,64.01,3,0,monthly,automatic,68.54,0
C04419,2025-09-01,8,1205.92,55.34,0,0,monthly,automatic,53.38,0
C04420,2025-09-01,52,650.08,59.94,0,1,monthly,automatic,96.62,0
C04421,2025-09-01,72,2185.01,70.51,1,0,monthly,manual,76.49,0
C04422,2025-09-01,56,329.6,87.01,0,1,annual,manual,65.92,1
C04423,2025-09-01,33,1117.21,36.95,1,1,monthly,automatic,53.86,0
C04424,2025-09-01,23,2169.21,48.67,1,0,annual,automatic,53.47,0
C04425,2025-09-01,63,1103.31,65.41,1,1,monthly,automatic,100.9,0
C04426,2025-09-01,19,470.11,34.85,0,0,annual,automatic,9.44,1
C04427,2025-09-01,35,810.68,21.98,1,0,monthly,manual,17.91,0
C04428,2025-09-01,56,1579.07,96.79,0,0,monthly,manual,78.95,1
C04429,2025-09-01,67,548.68,23.5,1,0,annual,automatic,6.09,0
C04430,2025-09-01,67,1705.35,27.11,0,0,monthly,automatic,26.52,0
C04431,2025-09-01,7,1206.77,63.78,2,1,annual,manual,50.38,1
C04432,2025-09-01,65,968.1,12.35,2,0,monthly,automatic,2.72,1
C04433,2025-09-01,9,753.13,8.23,1,1,annual,automatic,5.36,0
C04434,2025-09-01,43,2092.66,11.08,1,2,monthly,manual,15.57,1
C04435,2025-09-01,67,1111.35,16.71,0,1,annual,automatic,20.69,0
C04436,2025-09-01,48,1897.5,45.77,2,0,monthly,automatic,30.71,0
C04437,2025-09-01,69,1211.82,83.78,2,0,monthly,manual,55.35,0
C04438,2025-09-01,25,410.29,37.49,0,0,monthly,automatic,45.79,0
C04439,2025-09-01,23,1212.16,45.62,0,0,monthly,automatic,10.59,1
C04440,2025-09-01,24,1366.68,62.02,1,0,monthly,automatic,69.94,0
C04441,2025-09-01,26,1252.04,33.7,0,0,monthly,automatic,9.4,0
C04442,2025-09-01,50,2076.36,46.09,0,1,annual,manual,68.89,1
C04443,2025-09-01,33,2293.96,41.7,0,0,monthly,manual,47.97,0
C04444,2025-09-01,54,2008.59,37.48,1,0,monthly,manual,10.29,1
C04445,2025-09-01,30,1539.4,41.9,0,0,monthly,automatic,32.97,0
C04446,2025-09-01,23,1444.33,6.06,0,0,monthly,manual,6.25,0
C04447,2025-09-01,14,1681.62,89.19,0,1,annual,automatic,20.03,1
C04448,2025-09-01,40,861.01,97.85,0,0,annual,automatic,88.53,0
C04449,2025-09-01,65,2066.25,86.94,0,0,monthly,automatic,94.64,0
C04450,2025-09-01,62,2169.75,5.55,1,0,annual,manual,1.09,1
C04451,2025-09-01,19,813.6,76.33,0,1,monthly,automatic,90.16,0
C04452,2025-09-01,35,2275.48,59.44,2,0,monthly,manual,52.09,0
C04453,2025-09-01,51,2151.09,13.95,1,0,monthly,manual,17.31,0
C04454,2025-09-01,45,1175.32,93.62,0,0,monthly,automatic,78.45,0
C04455,2025-09-01,5,2289.7,78.74,0,0,annual,manual,43.31,1
C04456,2025-09-01,43,476.01,18.8,0,1,monthly,automatic,9.7,0
C04457,2025-09-01,3,263.37,96.58,5,0,monthly,automatic,78.3,1
C04458,2025-09-01,9,999.09,16.99,2,0,monthly,automatic,14.51,1
C04459,2025-09-01,48,1499.5,48.19,3,1,monthly,manual,62.28,1
C04460,2025-09-01,8,1007.32,20.1,2,0,monthly,automatic,16.53,0
C04461,2025-09-01,25,2365.76,19.27,0,0,monthly,manual,7.2,0
C04462,2025-09-01,43,784.83,96.94,0,0,annual,automatic,73.65,0
C04463,2025-09-01,48,845.79,59.35,0,2,monthly,manual,22.94,1
C04464,2025-09-01,33,1659.1,29.62,2,1,monthly,automatic,30.88,0
C04465,2025-09-01,7,207.89,78.76,0,0,monthly,automatic,88.44,0
C04466,2025-09-01,58,1872.38,88.15,0,0,annual,automatic,104.25,0
C04467,2025-09-01,69,1067.18,92.17,2,0,annual,automatic,75.04,0
C04468,2025-09-01,64,2447.82,93.63,0,0,annual,automatic,63.21,0
C04469,2025-09-01,54,1789.26,91.03,0,0,monthly,automatic,67.48,0
C04470,2025-09-01,29,319.09,65.7,2,1,monthly,automatic,58.34,1
C04471,2025-09-01,64,412.04,37.53,0,0,annual,automatic,27.84,0
C04472,2025-09-01,36,401.79,92.93,0,0,monthly,automatic,137.85,0
C04473,2025-09-01,10,2390.03,16.64,0,0,monthly,manual,13.18,1
C04474,2025-09-01,62,1772.32,21.04,0,0,annual,automatic,18.6,0
C04475,2025-09-01,24,1182.49,46.21,1,0,monthly,automatic,,1
C04476,2025-09-01,68,660.11,31.95,1,0,monthly,automatic,21.24,0
C04477,2025-09-01,27,2208.37,63.49,0,0,monthly,manual,30.12,1
C04478,2025-09-01,63,662.58,91.0,2,2,monthly,automatic,50.96,0
C04479,2025-09-01,39,1824.36,51.65,1,0,annual,automatic,81.36,0
C04480,2025-09-01,34,1954.65,57.62,0,0,monthly,manual,63.98,0
C04481,2025-09-01,22,876.71,45.2,0,0,monthly,manual,36.22,0
C04482,2025-09-01,61,1360.3,72.22,1,0,monthly,automatic,49.85,0
C04483,2025-09-01,5,711.88,14.57,1,1,monthly,manual,19.7,0
C04484,2025-09-01,34,1070.54,9.62,1,0,annual,manual,6.04,0
C04485,2025-09-01,27,2418.81,65.93,0,0,monthly,manual,21.35,1
C04486,2025-09-01,40,1793.22,55.81,1,0,monthly,automatic,60.63,0
C04487,2025-09-01,19,2146.21,43.7,1,1,monthly,manual,26.03,1
C04488,2025-09-01,48,1442.38,36.73,2,1,monthly,automatic,17.29,1
C04489,2025-09-01,28,748.79,9.92,0,0,monthly,manual,5.33,0
C04490,2025-09-01,14,1838.62,69.65,1,0,annual,automatic,74.19,0
C04491,2025-09-01,15,1350.31,45.04,0,1,annual,manual,39.79,0
C04492,2025-09-01,51,605.75,47.3,0,1,monthly,manual,27.22,0
C04493,2025-09-01,19,1147.59,89.88,1,1,annual,automatic,97.46,0
C04494,2025-09-01,23,1659.13,75.07,0,0,annual,automatic,47.32,0
C04495,2025-09-01,46,1890.26,25.85,0,0,annual,automatic,8.98,0
C04496,2025-09-01,24,758.41,67.43,0,0,annual,automatic,31.17,1
C04497,2025-09-01,28,2213.79,17.56,0,1,annual,automatic,16.29,0
C04498,2025-09-01,18,1071.97,23.44,1,1,monthly,manual,15.14,1
C04499,2025-09-01,25,822.61,72.84,0,0,monthly,manual,69.7,0
C04500,2025-09-01,50,647.78,16.96,1,0,annual,manual,22.21,0
C04501,2025-09-01,39,2048.59,31.62,0,0,monthly,automatic,22.12,0
C04502,2025-09-01,72,1013.58,90.32,4,0,monthly,automatic,167.38,0
C04503,2025-09-01,56,1310.82,75.14,0,0,monthly,manual,76.39,0
C04504,2025-09-01,2,711.49,93.3,1,0,monthly,automatic,80.08,0
C04505,2025-09-01,28,1777.01,88.77,2,0,annual,manual,40.2,1
C04506,2025-09-01,21,1995.38,34.7,2,0,monthly,automatic,27.69,1
C04507,2025-09-01,43,979.68,65.08,2,0,monthly,manual,54.21,0
C04508,2025-09-01,20,2372.68,40.98,1,0,monthly,automatic,48.6,0
C04509,2025-09-01,70,269.4,71.22,0,1,annual,manual,50.67,0
C04510,2025-09-01,22,504.77,38.1,3,0,monthly,automatic,40.82,1
C04511,2025-09-01,38,1553.21,5.13,1,0,annual,automatic,4.8,0
C04512,2025-09-01,9,1812.24,13.92,2,0,monthly,automatic,17.56,0
C04513,2025-09-01,66,775.57,78.25,1,0,annual,automatic,100.85,0
C04514,2025-09-01,66,1473.36,12.98,3,0,monthly,manual,13.46,0
C04515,2025-09-01,58,931.29,61.95,2,0,annual,automatic,73.58,0
C04516,2025-09-01,26,1473.41,86.49,2,1,monthly,automatic,113.58,1
C04517,2025-09-01,5,1715.45,75.4,2,0,monthly,automatic,83.55,0
C04518,2025-09-01,52,2436.46,44.28,0,0,monthly,automatic,45.04,0
C04519,2025-09-01,31,1247.1,24.82,1,1,annual,automatic,26.39,0
C04520,2025-09-01,72,1689.9,92.64,0,1,monthly,manual,137.49,0
C04521,2025-09-01,51,1528.49,58.81,1,0,monthly,manual,56.42,0
C04522,2025-09-01,39,929.38,43.51,1,1,monthly,automatic,51.13,1
C04523,2025-09-01,72,781.05,94.5,0,0,annual,manual,64.57,0
C04524,2025-09-01,58,2471.1,25.43,1,1,monthly,manual,36.75,0
C04525,2025-09-01,34,674.76,47.02,1,0,monthly,manual,50.66,0
C04526,2025-09-01,2,2016.63,15.32,3,0,monthly,manual,12.24,0
C04527,2025-09-01,7,536.15,16.86,1,1,monthly,manual,15.1,1
C04528,2025-09-01,32,2049.01,42.87,1,1,monthly,,36.16,1
C04529,2025-09-01,41,626.18,71.47,1,0,monthly,automatic,65.88,0
C04530,2025-09-01,3,2423.46,37.19,1,0,annual,manual,36.95,0
C04531,2025-09-01,10,1776.77,70.51,2,1,monthly,automatic,60.01,0
C04532,2025-09-01,51,406.27,81.49,1,0,monthly,automatic,29.68,0
C04533,2025-09-01,55,1793.31,88.37,2,0,monthly,automatic,136.18,0
C04534,2025-09-01,3,,9.25,0,0,monthly,automatic,9.37,0
C04535,2025-09-01,37,975.36,78.5,2,1,monthly,automatic,79.67,0
C04536,2025-09-01,6,798.69,18.98,1,0,monthly,manual,17.14,0
C04537,2025-09-01,53,1852.15,71.33,1,0,annual,manual,88.29,0
C04538,2025-09-01,61,1904.13,40.31,4,0,monthly,manual,37.77,1
C04539,2025-09-01,63,951.57,72.24,3,0,annual,manual,58.6,0
C04540,2025-09-01,44,2214.32,25.31,0,0,annual,automatic,21.1,0
C04541,2025-09-01,46,817.3,66.27,1,0,annual,automatic,89.99,0
C04542,2025-09-01,67,359.69,16.92,1,0,monthly,automatic,16.76,0
C04543,2025-09-01,45,1578.7,21.13,2,1,monthly,manual,19.18,1
C04544,2025-09-01,33,445.26,63.37,1,0,annual,manual,48.64,0
C04545,2025-09-01,55,835.33,36.99,0,0,annual,automatic,29.88,0
C04546,2025-09-01,43,1365.53,71.86,0,0,monthly,automatic,93.29,0
C04547,2025-09-01,61,857.63,70.09,1,1,annual,manual,42.0,0
C04548,2025-09-01,38,693.49,64.06,0,0,annual,automatic,73.95,0
C04549,2025-09-01,63,1816.33,74.4,1,0,annual,automatic,86.85,0
C04550,2025-09-01,4,1457.1,80.42,1,0,monthly,manual,80.06,0
C04551,2025-09-01,3,2130.45,91.59,2,0,monthly,automatic,78.18,0
C04552,2025-09-01,8,1535.85,12.65,1,0,annual,manual,5.08,0
C04553,2025-09-01,41,1310.93,59.3,0,0,monthly,manual,68.34,0
C04554,2025-09-01,52,799.89,76.13,0,1,annual,manual,27.54,0
C04555,2025-09-01,16,2020.75,25.61,4,0,monthly,manual,25.06,1
C04556,2025-09-01,12,651.8,30.04,0,1,monthly,manual,28.18,0
C04557,2025-09-01,62,756.13,30.36,1,1,annual,manual,36.09,0
C04558,2025-09-01,55,2134.65,59.37,0,0,monthly,automatic,36.01,1
C04559,2025-09-01,47,1903.74,39.79,1,0,monthly,automatic,23.44,1
C04560,2025-09-01,36,1608.61,68.28,0,0,annual,manual,75.59,0
C04561,2025-09-01,31,288.52,62.97,0,0,annual,automatic,54.17,0
C04562,2025-09-01,2,491.69,67.43,2,0,annual,automatic,14.43,1
C04563,2025-09-01,14,1348.9,28.97,1,0,monthly,automatic,26.59,0
C04564,2025-09-01,65,1915.58,77.9,1,0,monthly,manual,120.96,0
C04565,2025-09-01,25,1266.43,68.08,0,1,monthly,manual,75.71,1
C04566,2025-09-01,51,238.77,17.41,1,1,monthly,automatic,8.79,1
C04567,2025-09-01,51,622.82,24.02,1,0,monthly,manual,26.05,0
C04568,2025-09-01,23,1553.16,33.59,2,0,monthly,automatic,42.46,0
C04569,2025-09-01,15,1795.7,93.92,1,0,monthly,automatic,29.7,1
C04570,2025-09-01,50,275.89,36.0,0,1,monthly,manual,29.5,0
C04571,2025-09-01,7,298.66,6.89,2,0,annual,automatic,9.47,0
C04572,2025-09-01,36,800.01,18.45,1,0,annual,manual,7.13,0
C04573,2025-09-01,64,391.05,8.06,0,0,monthly,manual,6.63,0
C04574,2025-09-01,52,1445.48,43.27,0,1,annual,automatic,36.55,0
C04575,2025-09-01,56,483.51,80.73,0,1,monthly,automatic,62.53,0
C04576,2025-09-01,6,1689.9,47.79,2,1,monthly,automatic,66.98,0
C04577,2025-09-01,15,1986.62,84.7,1,0,monthly,manual,114.16,1
C04578,2025-09-01,20,2431.19,9.52,0,0,annual,automatic,7.75,0
C04579,2025-09-01,22,2380.34,49.62,0,0,monthly,automatic,27.99,0
C04580,2025-09-01,14,827.74,79.77,0,0,monthly,,108.93,0
C04581,2025-09-01,70,266.64,69.1,1,0,monthly,manual,82.31,0
C04582,2025-09-01,12,956.65,86.02,3,0,monthly,manual,78.63,1
C04583,2025-09-01,51,1828.5,31.01,1,0,monthly,automatic,35.64,1
C04584,2025-09-01,43,336.54,52.58,0,0,monthly,automatic,60.29,0
C04585,2025-09-01,44,1026.34,69.3,1,1,annual,manual,42.54,1
C04586,2025-09-01,16,884.48,21.01,2,0,monthly,automatic,14.96,0
C04587,2025-09-01,23,703.49,82.5,1,0,monthly,automatic,76.06,0
C04588,2025-09-01,44,1823.1,34.59,2,0,annual,automatic,8.42,0
C04589,2025-09-01,22,1714.92,13.86,1,0,monthly,automatic,11.09,1
C04590,2025-09-01,50,1430.64,77.74,1,0,annual,automatic,49.96,1
C04591,2025-09-01,3,2293.78,71.98,1,0,monthly,automatic,70.54,1
C04592,2025-09-01,6,436.22,88.95,1,0,monthly,manual,46.77,1
C04593,2025-09-01,53,543.29,89.75,2,0,annual,manual,96.06,0
C04594,2025-09-01,45,1080.93,31.46,0,0,annual,automatic,31.39,1
C04595,2025-09-01,4,1707.53,65.93,2,1,monthly,automatic,58.31,1
C04596,2025-09-01,65,1542.38,99.92,0,1,monthly,manual,108.34,1
C04597,2025-09-01,1,369.3,28.16,3,0,annual,automatic,31.75,0
C04598,2025-09-01,69,2403.38,49.92,0,0,monthly,automatic,41.77,1
C04599,2025-09-01,53,900.65,91.47,4,0,annual,automatic,85.29,0
C04600,2025-09-01,72,1024.64,14.79,3,0,monthly,automatic,10.09,1
C04601,2025-09-01,69,1633.35,93.18,1,0,monthly,automatic,63.21,0
C04602,2025-09-01,23,2372.88,51.37,2,0,monthly,automatic,75.68,0
C04603,2025-09-01,55,1723.18,89.84,1,1,monthly,automatic,,0
C04604,2025-09-01,16,2394.98,64.03,1,0,annual,manual,58.64,0
C04605,2025-09-01,34,630.46,68.79,3,0,monthly,automatic,61.43,0
C04606,2025-09-01,18,1622.26,78.43,0,0,monthly,automatic,82.35,0
C04607,2025-09-01,35,2105.42,11.38,2,0,monthly,manual,8.3,1
C04608,2025-09-01,63,1369.76,64.64,1,1,monthly,manual,49.34,0
C04609,2025-09-01,32,1032.0,92.77,0,0,monthly,automatic,115.77,0
C04610,2025-09-01,7,2463.94,95.83,2,0,monthly,manual,38.28,1
C04611,2025-09-01,24,523.27,96.99,0,0,monthly,automatic,95.58,0
C04612,2025-09-01,57,1144.14,66.35,1,0,annual,automatic,41.98,1
C04613,2025-09-01,38,2207.76,65.16,0,0,monthly,manual,14.13,1
C04614,2025-09-01,41,2270.11,57.48,2,0,annual,manual,51.25,1
C04615,2025-09-01,32,2453.88,62.72,2,0,monthly,automatic,32.36,1
C04616,2025-09-01,22,2234.15,63.15,0,0,monthly,automatic,28.63,0
C04617,2025-09-01,44,316.2,9.03,0,0,monthly,automatic,16.51,0
C04618,2025-09-01,46,2337.46,13.44,4,0,annual,automatic,14.91,0
C04619,2025-09-01,65,1183.78,63.84,0,0,monthly,automatic,71.39,0
C04620,2025-09-01,45,1697.72,34.85,0,0,monthly,manual,31.41,0
C04621,2025-09-01,72,1105.83,33.64,2,0,monthly,automatic,16.89,1
C04622,2025-09-01,60,2070.44,23.38,1,0,monthly,manual,20.16,0
C04623,2025-09-01,6,1523.61,81.1,0,1,monthly,automatic,64.53,1
C04624,2025-09-01,29,2143.75,96.61,3,1,annual,manual,23.81,0
C04625,2025-09-01,28,644.67,64.64,1,1,monthly,manual,100.0,0
C04626,2025-09-01,1,624.46,94.81,0,0,annual,manual,84.26,0
C04627,2025-09-01,14,1211.87,88.97,3,0,annual,automatic,55.92,1
C04628,2025-09-01,55,209.93,25.7,0,0,monthly,automatic,24.75,0
C04629,2025-09-01,26,1792.56,19.58,2,1,monthly,automatic,8.57,1
C04630,2025-09-01,11,879.92,25.1,0,1,annual,automatic,14.85,0
C04631,2025-09-01,21,1480.79,14.14,1,0,monthly,manual,20.61,1
C04632,2025-09-01,20,360.01,60.37,0,0,monthly,automatic,44.56,1
C04633,2025-09-01,13,591.48,31.85,1,0,monthly,automatic,29.1,1
C04634,2025-09-01,8,1631.58,91.73,2,0,monthly,automatic,87.71,0
C04635,2025-09-01,56,902.02,63.27,1,0,annual,manual,54.35,0
C04636,2025-09-01,60,692.86,39.16,2,0,annual,automatic,28.64,1
C04637,2025-09-01,36,725.35,98.54,2,0,monthly,manual,168.92,0
C04638,2025-09-01,45,693.08,95.55,0,1,monthly,manual,63.12,1
C04639,2025-09-01,67,1631.56,78.97,2,1,monthly,automatic,47.95,1
C04640,2025-09-01,61,584.69,80.21,1,1,monthly,manual,87.57,0
C04641,2025-09-01,3,1033.22,97.84,3,0,monthly,automatic,46.01,1
C04642,2025-09-01,69,1781.14,62.04,0,0,monthly,automatic,79.25,0
C04643,2025-09-01,5,1380.44,88.6,2,0,annual,automatic,75.28,0
C04644,2025-09-01,2,1572.75,11.16,0,0,monthly,manual,10.77,1
C04645,2025-09-01,30,776.09,57.64,1,2,monthly,automatic,58.99,1
C04646,2025-09-01,54,2344.24,52.74,2,0,annual,automatic,42.25,0
C04647,2025-09-01,6,1150.92,8.58,4,0,monthly,automatic,10.64,1
C04648,2025-09-01,22,859.02,13.26,1,0,monthly,automatic,15.21,1
C04649,2025-09-01,19,2278.95,7.07,1,0,annual,automatic,7.78,0
C04650,2025-09-01,29,1706.17,32.93,0,0,monthly,automatic,12.84,1
C04651,2025-09-01,71,1611.08,10.08,1,0,monthly,automatic,8.04,1
C04652,2025-09-01,24,2238.49,45.2,1,0,annual,automatic,39.82,0
C04653,2025-09-01,16,333.64,82.21,0,0,monthly,manual,125.63,0
C04654,2025-09-01,9,2125.66,63.31,0,0,monthly,manual,26.91,1
C04655,2025-09-01,15,1758.09,69.01,0,0,monthly,automatic,48.07,0
C04656,2025-09-01,10,1026.98,7.99,3,1,monthly,manual,10.38,1
C04657,2025-09-01,42,788.61,84.76,1,0,monthly,automatic,50.13,1
C04658,2025-09-01,31,440.05,18.89,0,0,annual,automatic,,0
C04659,2025-09-01,36,,33.75,1,0,monthly,manual,50.82,0
C04660,2025-09-01,60,525.4,54.1,1,0,monthly,manual,56.7,0
C04661,2025-09-01,42,795.71,93.35,1,0,monthly,automatic,113.91,0
C04662,2025-09-01,12,1788.55,99.82,2,0,monthly,automatic,117.08,0
C04663,2025-09-01,28,1832.35,79.35,0,1,annual,automatic,76.25,0
C04664,2025-09-01,23,568.77,74.28,1,0,annual,automatic,70.72,0
C04665,2025-09-01,60,2071.5,55.13,0,0,monthly,manual,67.83,0
C04666,2025-09-01,23,1372.66,68.23,1,1,monthly,manual,42.55,1
C04667,2025-09-01,10,2150.45,18.72,0,0,monthly,automatic,28.58,0
C04668,2025-09-01,53,399.76,30.57,1,0,monthly,manual,22.41,1
C04669,2025-09-01,31,297.51,98.54,1,0,monthly,automatic,125.94,0
C04670,2025-09-01,7,1664.08,98.06,1,0,monthly,automatic,107.58,0
C04671,2025-09-01,50,544.05,35.68,1,0,monthly,manual,25.99,0
C04672,2025-09-01,16,1406.38,27.9,2,1,monthly,automatic,30.39,0
C04673,2025-09-01,63,231.45,26.8,0,0,monthly,manual,25.85,0
C04674,2025-09-01,60,1992.84,51.06,1,0,monthly,automatic,15.42,0
C04675,2025-09-01,27,2267.92,26.26,0,1,monthly,automatic,23.36,0
C04676,2025-09-01,41,2128.43,66.61,1,0,annual,automatic,32.17,1
C04677,2025-09-01,41,2403.21,12.11,0,0,monthly,automatic,13.29,0
C04678,2025-09-01,48,2276.12,14.85,2,1,monthly,automatic,12.93,1
C04679,2025-09-01,5,1220.24,31.31,0,0,annual,manual,38.42,0
C04680,2025-09-01,24,1115.2,78.86,0,0,monthly,manual,53.32,0
C04681,2025-09-01,13,2260.22,35.71,3,0,monthly,manual,16.66,1
C04682,2025-09-01,51,2330.96,49.73,0,0,monthly,automatic,27.02,0
C04683,2025-09-01,5,2436.52,67.38,0,1,monthly,automatic,109.63,0
C04684,2025-09-01,38,1966.13,79.91,2,0,monthly,automatic,158.23,0
C04685,2025-09-01,53,663.57,34.18,3,1,annual,automatic,55.39,0
C04686,2025-09-01,69,2372.39,74.44,0,0,monthly,automatic,28.36,0
C04687,2025-09-01,21,2377.43,32.18,1,0,monthly,manual,14.1,1
C04688,2025-09-01,1,1731.1,66.22,0,1,monthly,automatic,36.24,1
C04689,2025-09-01,53,2170.74,47.83,0,1,annual,manual,,0
C04690,2025-09-01,1,1489.71,93.03,1,1,monthly,,154.22,0
C04691,2025-09-01,5,2370.49,98.3,2,0,annual,automatic,121.57,0
C04692,2025-09-01,72,415.05,78.54,5,0,monthly,automatic,77.48,1
C04693,2025-09-01,63,2186.12,91.97,0,0,annual,automatic,54.85,0
C04694,2025-09-01,51,326.66,17.97,3,0,annual,automatic,14.74,0
C04695,2025-09-01,61,978.95,67.17,0,1,monthly,manual,63.88,0
C04696,2025-09-01,6,510.25,23.84,2,1,annual,automatic,29.3,0
C04697,2025-09-01,7,1301.01,31.31,2,0,annual,automatic,23.34,0
C04698,2025-09-01,22,733.17,54.67,1,0,monthly,manual,57.97,0
C04699,2025-09-01,2,2388.77,75.49,1,1,monthly,automatic,76.72,1
C04700,2025-09-01,64,1485.44,73.54,0,0,monthly,automatic,70.24,0
C04701,2025-09-01,5,2263.78,87.6,1,0,annual,manual,68.47,0
C04702,2025-09-01,40,838.53,58.13,2,0,monthly,automatic,55.94,0
C04703,2025-09-01,62,258.75,93.0,1,0,monthly,automatic,82.44,0
C04704,2025-09-01,53,1983.01,89.35,2,1,monthly,automatic,57.75,1
C04705,2025-09-01,17,1814.47,85.66,0,0,annual,automatic,105.33,0
C04706,2025-09-01,34,1453.63,26.8,3,0,monthly,automatic,39.43,0
C04707,2025-09-01,40,2074.29,55.49,0,1,monthly,automatic,54.35,1
C04708,2025-09-01,56,2131.19,74.94,0,1,monthly,automatic,67.74,0
C04709,2025-09-01,31,1551.18,97.73,1,1,annual,automatic,115.87,0
C04710,2025-09-01,21,2420.63,6.11,1,1,annual,automatic,6.02,0
C04711,2025-09-01,58,1854.34,36.08,0,0,monthly,automatic,47.59,0
C04712,2025-09-01,64,1755.81,37.52,1,1,annual,automatic,35.91,0
C04713,2025-09-01,36,1030.27,32.41,1,0,annual,automatic,36.47,0
C04714,2025-09-01,3,204.19,82.66,0,0,monthly,automatic,126.2,0
C04715,2025-09-01,37,753.17,9.28,0,0,monthly,manual,12.66,0
C04716,2025-09-01,65,1956.02,39.15,0,0,monthly,automatic,33.87,1
C04717,2025-09-01,72,1831.7,72.61,1,0,monthly,automatic,94.28,0
C04718,2025-09-01,29,960.35,43.64,2,1,annual,manual,23.84,1
C04719,2025-09-01,11,1637.84,18.69,0,0,monthly,manual,15.88,0
C04720,2025-09-01,42,648.16,63.03,0,0,monthly,manual,76.38,0
C04721,2025-09-01,60,805.34,54.65,0,2,monthly,automatic,79.54,1
C04722,2025-09-01,69,2378.04,98.27,0,1,monthly,automatic,64.56,1
C04723,2025-09-01,4,1149.32,76.11,1,0,monthly,manual,69.29,1
C04724,2025-09-01,21,762.47,98.69,0,0,monthly,manual,90.9,0
C04725,2025-09-01,35,1319.35,22.7,2,0,annual,manual,20.15,0
C04726,2025-09-01,8,1089.14,77.35,1,0,monthly,automatic,38.24,0
C04727,2025-09-01,64,1876.92,57.41,2,1,monthly,automatic,62.88,0
C04728,2025-09-01,9,2411.87,72.69,0,1,annual,automatic,34.42,1
C04729,2025-09-01,48,1560.0,49.42,1,0,monthly,automatic,65.15,0
C04730,2025-09-01,67,1558.64,25.18,0,0,monthly,manual,35.06,0
C04731,2025-09-01,50,1038.12,9.34,1,0,monthly,manual,6.51,1
C04732,2025-09-01,55,1497.65,84.64,1,0,annual,automatic,40.27,0
C04733,2025-09-01,19,933.46,82.41,2,0,monthly,automatic,74.89,0
C04734,2025-09-01,60,201.51,20.44,0,0,annual,automatic,15.09,0
C04735,2025-09-01,31,2191.02,66.29,1,0,monthly,automatic,56.12,0
C04736,2025-09-01,5,1186.72,75.08,0,0,monthly,manual,71.48,0
C04737,2025-09-01,27,1330.8,57.97,0,0,monthly,automatic,34.46,1
C04738,2025-09-01,26,391.05,35.14,0,0,monthly,automatic,52.73,0
C04739,2025-09-01,38,2124.35,88.69,1,0,monthly,automatic,61.69,0
C04740,2025-09-01,20,590.78,66.03,3,0,monthly,automatic,82.37,0
C04741,2025-09-01,34,1143.43,73.42,2,0,monthly,manual,44.68,0
C04742,2025-09-01,31,2131.61,66.95,0,0,monthly,automatic,63.03,0
C04743,2025-09-01,24,1251.9,73.52,0,1,monthly,manual,79.23,1
C04744,2025-09-01,51,2340.65,18.78,1,0,annual,automatic,18.17,0
C04745,2025-09-01,22,680.42,92.65,0,1,annual,automatic,77.0,0
C04746,2025-09-01,56,1844.04,32.15,1,0,monthly,automatic,24.03,1
C04747,2025-09-01,19,2448.4,84.47,0,0,monthly,automatic,65.69,0
C04748,2025-09-01,63,1463.11,89.87,1,0,monthly,automatic,61.44,0
C04749,2025-09-01,27,1791.02,66.87,0,0,annual,automatic,69.31,0
C04750,2025-09-01,3,1103.42,61.84,0,0,annual,automatic,96.53,0
C04751,2025-09-01,11,1927.08,15.36,0,0,monthly,automatic,16.06,0
C04752,2025-09-01,59,2289.41,46.44,1,0,monthly,automatic,52.41,0
C04753,2025-09-01,63,1816.03,63.11,2,1,monthly,manual,81.97,1
C04754,2025-09-01,16,2351.64,12.78,3,0,monthly,manual,9.74,1
C04755,2025-09-01,44,1552.9,15.59,1,0,monthly,automatic,4.5,0
C04756,2025-09-01,42,1526.42,99.38,0,0,monthly,automatic,91.53,0
C04757,2025-09-01,10,899.64,36.56,1,0,monthly,manual,44.58,0
C04758,2025-09-01,33,1831.14,38.22,1,0,monthly,automatic,62.05,0
C04759,2025-09-01,50,2227.49,28.9,1,0,annual,automatic,16.67,0
C04760,2025-09-01,70,1685.53,66.37,0,0,annual,automatic,86.61,0
C04761,2025-09-01,62,734.99,49.94,1,0,monthly,automatic,50.51,0
C04762,2025-09-01,8,1450.45,80.09,0,0,annual,automatic,62.78,0
C04763,2025-09-01,18,1937.66,53.69,3,1,monthly,manual,29.74,1
C04764,2025-09-01,32,2359.54,6.46,0,0,monthly,manual,4.62,1
C04765,2025-09-01,11,559.17,50.86,1,0,monthly,manual,57.0,1
C04766,2025-09-01,42,492.24,10.24,1,0,monthly,manual,13.8,0
C04767,2025-09-01,1,1148.77,83.54,1,0,monthly,automatic,4.18,1
C04768,2025-09-01,9,487.91,15.8,2,0,monthly,manual,17.37,0
C04769,2025-09-01,4,2453.99,25.61,0,0,annual,manual,18.42,0
C04770,2025-09-01,22,1174.9,48.7,1,0,monthly,automatic,36.62,0
C04771,2025-09-01,55,1426.3,23.54,0,0,monthly,manual,25.09,0
C04772,2025-09-01,13,721.3,56.23,1,1,monthly,manual,89.54,1
C04773,2025-09-01,72,1231.99,48.77,3,0,monthly,automatic,32.62,1
C04774,2025-09-01,20,2463.8,95.49,0,0,annual,automatic,84.66,0
C04775,2025-09-01,4,1322.98,13.4,0,0,monthly,manual,4.94,0
C04776,2025-09-01,25,219.3,59.79,0,0,monthly,automatic,64.18,0
C04777,2025-09-01,54,756.81,73.44,2,1,monthly,automatic,49.83,0
C04778,2025-09-01,8,2449.45,17.12,0,0,annual,automatic,25.19,0
C04779,2025-09-01,6,2473.86,65.46,0,0,monthly,automatic,68.48,0
C04780,2025-09-01,62,683.13,87.1,1,0,monthly,automatic,71.5,0
C04781,2025-09-01,43,1614.11,79.82,1,0,monthly,automatic,65.72,1
C04782,2025-09-01,25,375.89,93.84,0,0,monthly,automatic,98.31,0
C04783,2025-09-01,55,1527.12,73.46,2,0,monthly,automatic,85.35,0
C04784,2025-09-01,61,488.62,42.43,0,0,monthly,manual,21.68,0
C04785,2025-09-01,26,2081.92,92.44,0,0,monthly,automatic,80.24,0
C04786,2025-09-01,41,2360.02,26.41,2,0,monthly,manual,24.27,0
C04787,2025-09-01,1,596.87,60.45,2,0,monthly,automatic,60.09,1
C04788,2025-09-01,23,1263.24,77.74,0,1,monthly,automatic,107.05,0
C04789,2025-09-01,43,433.7,87.87,1,0,annual,manual,37.0,1
C04790,2025-09-01,15,979.02,92.07,0,0,annual,manual,115.51,0
C04791,2025-09-01,72,348.72,13.07,4,0,monthly,manual,13.69,0
C04792,2025-09-01,70,807.46,73.98,2,0,monthly,manual,55.17,0
C04793,2025-09-01,19,2476.51,24.39,3,0,monthly,automatic,29.32,1
C04794,2025-09-01,29,301.59,79.02,0,1,annual,automatic,62.1,1
C04795,2025-09-01,14,2174.63,71.57,1,1,monthly,manual,20.45,1
C04796,2025-09-01,37,377.14,22.23,2,0,monthly,automatic,1.11,0
C04797,2025-09-01,9,1415.69,84.12,0,1,monthly,automatic,,0
C04798,2025-09-01,29,1238.88,48.87,1,0,monthly,automatic,35.65,0
C04799,2025-09-01,40,2341.58,56.67,0,0,monthly,manual,55.54,0
C04800,2025-09-01,45,656.81,97.28,0,1,monthly,automatic,109.83,0
C04801,2025-09-01,43,612.27,67.38,1,0,monthly,automatic,55.9,0
C04802,2025-09-01,16,1921.04,60.91,0,0,monthly,automatic,25.98,1
C04803,2025-09-01,58,1868.15,6.59,2,1,annual,automatic,5.19,0
C04804,2025-09-01,50,1807.12,23.93,1,0,monthly,automatic,20.19,0
C04805,2025-09-01,55,259.09,7.52,1,0,annual,automatic,11.49,0
C04806,2025-09-01,34,796.91,36.66,1,1,monthly,manual,40.87,1
C04807,2025-09-01,65,2130.76,37.73,2,1,annual,automatic,12.84,0
C04808,2025-09-01,29,1580.97,55.38,0,0,monthly,manual,44.84,1
C04809,2025-09-01,59,1584.05,70.53,1,0,monthly,automatic,82.08,0
C04810,2025-09-01,15,879.61,22.04,1,1,annual,automatic,20.44,0
C04811,2025-09-01,18,797.4,62.16,1,0,monthly,manual,21.86,1
C04812,2025-09-01,38,2376.08,92.11,2,1,monthly,automatic,111.13,1
C04813,2025-09-01,41,1872.84,22.58,0,0,annual,automatic,23.65,0
C04814,2025-09-01,54,490.79,67.61,1,0,monthly,automatic,58.49,0
C04815,2025-09-01,22,2355.73,9.33,1,0,monthly,automatic,5.95,0
C04816,2025-09-01,63,1538.45,55.46,1,0,annual,automatic,70.69,0
C04817,2025-09-01,24,965.73,75.45,3,0,annual,manual,21.51,1
C04818,2025-09-01,39,1112.42,8.23,1,0,monthly,automatic,3.09,0
C04819,2025-09-01,68,1867.43,36.7,1,1,annual,automatic,24.33,0
C04820,2025-09-01,39,1064.43,88.41,1,0,annual,automatic,90.69,0
C04821,2025-09-01,50,1530.11,26.42,0,0,monthly,automatic,11.69,0
C04822,2025-09-01,66,1833.15,73.67,1,0,monthly,automatic,53.73,0
C04823,2025-09-01,71,648.36,63.16,0,0,monthly,automatic,50.56,0
C04824,2025-09-01,36,2370.76,20.55,2,0,monthly,automatic,21.37,1
C04825,2025-09-01,31,1018.2,75.46,1,1,monthly,automatic,62.11,0
C04826,2025-09-01,15,1163.56,55.55,1,0,annual,automatic,45.8,0
C04827,2025-09-01,39,1805.58,15.64,1,0,annual,manual,10.53,1
C04828,2025-09-01,67,1599.21,95.19,3,0,annual,automatic,123.86,0
C04829,2025-09-01,36,1211.28,51.74,0,0,monthly,manual,59.55,0
C04830,2025-09-01,26,1693.41,75.78,0,0,monthly,automatic,,0
C04831,2025-09-01,8,2275.51,25.68,1,0,monthly,automatic,16.63,0
C04832,2025-09-01,29,2039.65,18.03,0,0,monthly,automatic,13.35,1
C04833,2025-09-01,18,2094.8,75.42,1,1,monthly,automatic,81.96,0
C04834,2025-09-01,71,793.34,69.01,0,0,monthly,manual,49.3,1
C04835,2025-09-01,38,1163.63,31.04,2,0,annual,manual,18.49,0
C04836,2025-09-01,10,1472.78,75.9,1,0,monthly,automatic,77.5,0
C04837,2025-09-01,5,300.64,52.97,2,0,monthly,automatic,24.48,0
C04838,2025-09-01,62,1969.52,38.12,1,1,monthly,manual,32.28,0
C04839,2025-09-01,68,942.97,79.75,1,0,annual,automatic,98.28,0
C04840,2025-09-01,55,848.97,63.59,3,0,monthly,manual,61.74,0
C04841,2025-09-01,9,795.37,53.19,0,0,monthly,manual,29.44,1
C04842,2025-09-01,8,850.77,78.45,1,0,annual,manual,85.15,0
C04843,2025-09-01,15,976.43,56.76,0,0,annual,automatic,40.28,0
C04844,2025-09-01,55,1590.1,94.16,4,0,monthly,automatic,114.5,0
C04845,2025-09-01,56,1541.2,82.72,1,0,annual,automatic,90.84,0
C04846,2025-09-01,61,787.14,39.03,1,1,annual,automatic,31.17,0
C04847,2025-09-01,7,673.78,49.17,2,0,monthly,manual,32.33,0
C04848,2025-09-01,12,2099.62,95.95,0,0,annual,automatic,59.75,0
C04849,2025-09-01,65,412.26,90.04,1,0,monthly,automatic,164.45,0
C04850,2025-09-01,67,1378.49,23.16,1,0,annual,automatic,2.73,0
C04851,2025-09-01,53,1396.29,31.06,1,0,monthly,automatic,9.44,0
C04852,2025-09-01,8,1519.51,39.62,0,0,monthly,automatic,51.74,1
C04853,2025-09-01,5,2236.0,88.59,0,1,annual,automatic,108.99,0
C04854,2025-09-01,5,1634.0,93.1,3,0,monthly,automatic,97.39,1
C04855,2025-09-01,50,2438.36,81.22,0,0,annual,manual,18.1,1
C04856,2025-09-01,61,2203.11,31.19,0,0,monthly,manual,34.58,0
C04857,2025-09-01,46,692.9,89.27,1,0,monthly,automatic,51.52,0
C04858,2025-09-01,19,753.72,8.12,0,0,annual,automatic,7.19,0
C04859,2025-09-01,55,991.98,45.17,1,0,annual,manual,47.99,0
C04860,2025-09-01,5,1099.48,40.87,1,1,annual,manual,44.85,1
C04861,2025-09-01,60,1470.89,55.85,1,0,annual,automatic,38.66,0
C04862,2025-09-01,65,733.78,58.26,1,1,monthly,automatic,79.8,0
C04863,2025-09-01,52,710.39,26.41,0,1,monthly,manual,31.81,0
C04864,2025-09-01,64,1076.2,24.43,0,0,annual,automatic,,0
C04865,2025-09-01,43,1744.65,81.34,0,0,annual,automatic,61.17,0
C04866,2025-09-01,34,1781.69,12.24,1,0,monthly,automatic,8.01,1
C04867,2025-09-01,24,2444.07,51.86,1,0,monthly,manual,46.57,0
C04868,2025-09-01,67,664.56,23.21,0,0,monthly,automatic,26.46,0
C04869,2025-09-01,51,1102.58,35.36,0,0,monthly,automatic,9.63,1
C04870,2025-09-01,14,2417.76,31.34,1,0,annual,manual,7.07,0
C04871,2025-09-01,69,1786.02,72.31,1,1,monthly,automatic,45.47,0
C04872,2025-09-01,5,1561.24,48.32,1,1,monthly,automatic,67.33,0
C04873,2025-09-01,43,1440.19,33.45,0,1,monthly,automatic,33.56,0
C04874,2025-09-01,14,372.67,83.98,1,0,annual,manual,123.62,0
C04875,2025-09-01,48,2253.76,13.15,3,1,annual,manual,11.38,0
C04876,2025-09-01,30,1637.66,77.8,2,0,monthly,manual,48.65,0
C04877,2025-09-01,32,1513.84,28.59,2,0,annual,manual,9.53,1
C04878,2025-09-01,49,1439.85,92.21,3,1,monthly,manual,58.07,1
C04879,2025-09-01,55,1100.4,5.53,2,1,monthly,manual,3.89,0
C04880,2025-09-01,28,784.73,57.88,1,0,annual,automatic,4.12,1
C04881,2025-09-01,72,1936.24,64.12,0,0,monthly,manual,40.11,0
C04882,2025-09-01,36,1371.01,59.84,0,0,monthly,automatic,37.25,0
C04883,2025-09-01,12,277.06,82.43,0,0,monthly,automatic,76.46,0
C04884,2025-09-01,1,1116.92,15.66,0,0,monthly,automatic,14.18,0
C04885,2025-09-01,15,2334.79,44.48,0,0,annual,automatic,45.9,0
C04886,2025-09-01,50,1058.96,87.05,1,1,monthly,automatic,30.65,1
C04887,2025-09-01,39,1149.44,89.43,1,0,monthly,automatic,46.75,0
C04888,2025-09-01,25,1634.11,52.34,0,0,monthly,automatic,65.12,0
C04889,2025-09-01,35,2042.85,58.01,2,0,monthly,manual,48.11,0
C04890,2025-09-01,61,1736.46,77.57,1,0,annual,manual,94.36,0
C04891,2025-09-01,42,2154.13,79.06,1,0,monthly,automatic,68.83,0
C04892,2025-09-01,5,461.13,89.37,0,0,annual,manual,88.08,0
C04893,2025-09-01,4,2325.56,85.17,1,0,monthly,automatic,94.12,0
C04894,2025-09-01,35,2278.02,44.37,0,0,monthly,automatic,32.18,1
C04895,2025-09-01,30,1393.04,66.73,0,0,monthly,manual,45.81,1
C04896,2025-09-01,62,1635.91,50.91,1,1,monthly,automatic,34.72,0
C04897,2025-09-01,42,688.47,16.21,3,0,monthly,manual,14.47,0
C04898,2025-09-01,55,1229.28,83.06,1,0,monthly,automatic,93.11,0
C04899,2025-09-01,43,665.22,62.17,2,0,monthly,manual,48.35,0
C04900,2025-09-01,25,249.55,10.51,0,0,monthly,manual,13.92,0
C04901,2025-09-01,48,2455.08,69.3,0,0,annual,automatic,106.19,0
C04902,2025-09-01,45,795.04,31.89,3,1,monthly,automatic,19.53,0
C04903,2025-09-01,52,1563.15,11.58,4,0,monthly,automatic,15.47,0
C04904,2025-09-01,14,889.58,62.63,2,0,monthly,automatic,57.23,1
C04905,2025-09-01,47,1051.43,74.56,2,0,annual,manual,78.53,0
C04906,2025-09-01,21,1113.85,54.14,1,1,monthly,manual,47.27,0
C04907,2025-09-01,57,969.61,5.54,3,0,monthly,automatic,7.46,0
C04908,2025-09-01,58,1665.02,59.8,2,0,monthly,automatic,62.29,0
C04909,2025-09-01,45,2409.15,5.63,2,0,monthly,automatic,4.49,1
C04910,2025-09-01,69,1184.86,93.01,0,1,monthly,manual,71.98,1
C04911,2025-09-01,39,2437.65,30.39,0,0,annual,automatic,15.18,0
C04912,2025-09-01,2,1734.93,87.75,2,1,monthly,manual,63.17,1
C04913,2025-09-01,44,1595.41,6.15,2,1,annual,manual,8.28,1
C04914,2025-09-01,56,744.34,14.24,1,0,annual,automatic,18.5,0
C04915,2025-09-01,8,343.72,47.88,0,0,annual,automatic,33.32,0
C04916,2025-09-01,8,2158.45,77.07,2,1,annual,automatic,41.29,1
C04917,2025-09-01,20,1519.16,94.54,1,0,monthly,manual,118.47,1
C04918,2025-09-01,61,1152.15,54.5,1,0,annual,automatic,58.33,0
C04919,2025-09-01,38,2066.52,38.77,1,0,monthly,automatic,8.85,1
C04920,2025-09-01,71,913.33,9.23,2,0,annual,automatic,17.79,0
C04921,2025-09-01,63,2001.32,60.45,2,0,monthly,automatic,55.86,0
C04922,2025-09-01,40,953.32,41.1,0,0,annual,automatic,62.29,0
C04923,2025-09-01,49,2317.03,91.37,2,0,monthly,automatic,89.63,1
C04924,2025-09-01,24,815.32,50.61,0,0,monthly,automatic,28.13,0
C04925,2025-09-01,7,515.37,77.72,2,0,monthly,manual,76.78,1
C04926,2025-09-01,29,1804.62,85.58,0,0,monthly,manual,34.78,0
C04927,2025-09-01,43,573.55,14.34,0,0,monthly,,12.56,1
C04928,2025-09-01,14,2382.54,46.88,2,0,annual,automatic,25.28,0
C04929,2025-09-01,16,1706.78,89.9,3,1,monthly,automatic,76.28,1
C04930,2025-09-01,2,729.98,45.32,0,1,annual,automatic,45.63,0
C04931,2025-09-01,53,679.28,58.69,1,0,annual,automatic,60.07,1
C04932,2025-09-01,65,2323.91,87.94,2,0,annual,automatic,35.97,0
C04933,2025-09-01,60,1597.07,27.1,2,0,annual,automatic,18.82,0
C04934,2025-09-01,28,2254.59,89.99,0,0,monthly,automatic,20.58,0
C04935,2025-09-01,43,452.52,42.72,4,1,annual,automatic,48.59,1
C04936,2025-09-01,70,2327.4,61.34,0,1,monthly,automatic,60.79,0
C04937,2025-09-01,43,1395.11,36.16,1,2,monthly,manual,18.4,1
C04938,2025-09-01,22,1736.37,55.08,1,0,monthly,manual,77.78,0
C04939,2025-09-01,25,1056.61,9.68,0,0,monthly,manual,10.49,0
C04940,2025-09-01,53,335.02,11.2,1,0,monthly,automatic,9.89,0
C04941,2025-09-01,33,2402.34,44.4,3,0,monthly,automatic,33.49,1
C04942,2025-09-01,61,2486.58,36.82,1,0,annual,manual,25.66,0
C04943,2025-09-01,63,1037.46,63.5,1,1,monthly,manual,40.88,0
C04944,2025-09-01,3,2369.9,8.6,0,1,annual,manual,11.45,0
C04945,2025-09-01,53,584.77,20.93,0,1,annual,automatic,21.27,0
C04946,2025-09-01,27,554.77,24.91,2,0,annual,manual,13.77,1
C04947,2025-09-01,38,367.16,46.85,0,0,annual,automatic,64.37,0
C04948,2025-09-01,20,1098.92,28.45,0,0,annual,automatic,25.27,0
C04949,2025-09-01,27,319.3,18.08,1,0,monthly,manual,10.82,0
C04950,2025-09-01,24,1106.71,61.77,5,0,monthly,manual,99.54,0
C04951,2025-09-01,4,517.3,75.67,2,0,monthly,automatic,40.62,1
C04952,2025-09-01,57,1879.21,70.1,1,0,monthly,manual,44.24,0
C04953,2025-09-01,11,2115.73,31.24,3,0,monthly,automatic,28.74,1
C04954,2025-09-01,28,1780.98,86.17,3,1,monthly,automatic,88.99,0
C04955,2025-09-01,14,660.14,63.12,0,0,annual,manual,41.44,0
C04956,2025-09-01,12,1962.75,63.39,1,0,monthly,manual,9.27,1
C04957,2025-09-01,27,772.85,25.22,0,0,annual,automatic,23.49,0
C04958,2025-09-01,67,1945.82,28.01,1,0,monthly,manual,15.51,0
C04959,2025-09-01,68,1504.01,50.1,2,0,monthly,automatic,39.8,1
C04960,2025-09-01,28,1042.44,27.59,3,0,monthly,automatic,17.56,1
C04961,2025-09-01,37,391.03,70.37,0,0,annual,manual,38.05,1
C04962,2025-09-01,71,2102.27,34.31,0,1,monthly,manual,28.37,0
C04963,2025-09-01,17,2360.2,19.43,2,0,monthly,automatic,13.58,1
C04964,2025-09-01,69,1730.61,19.4,1,0,annual,automatic,12.14,0
C04965,2025-09-01,8,2417.45,17.09,0,1,monthly,manual,21.5,0
C04966,2025-09-01,17,2347.46,46.78,1,1,annual,manual,26.75,0
C04967,2025-09-01,25,646.6,5.29,0,1,monthly,automatic,4.4,0
C04968,2025-09-01,3,,56.53,3,1,monthly,automatic,51.27,1
C04969,2025-09-01,59,1002.4,33.34,2,0,monthly,automatic,10.95,1
C04970,2025-09-01,62,1320.29,57.49,0,0,monthly,automatic,30.4,0
C04971,2025-09-01,28,560.02,93.87,1,0,annual,automatic,85.06,0
C04972,2025-09-01,61,2440.99,87.56,0,0,monthly,manual,78.2,1
C04973,2025-09-01,56,1869.12,59.76,1,0,monthly,automatic,38.49,1
C04974,2025-09-01,58,812.89,44.72,2,0,monthly,manual,40.73,0
C04975,2025-09-01,58,1053.38,71.34,2,0,monthly,automatic,72.32,0
C04976,2025-09-01,42,1170.71,92.7,1,1,monthly,manual,104.32,0
C04977,2025-09-01,8,1918.33,51.51,4,0,monthly,manual,59.4,1
C04978,2025-09-01,67,2328.1,14.43,0,0,monthly,automatic,19.38,0
C04979,2025-09-01,44,938.31,77.78,0,0,monthly,automatic,74.49,0
C04980,2025-09-01,65,1285.75,6.0,1,0,monthly,manual,2.6,1
C04981,2025-09-01,70,1563.38,77.64,0,0,monthly,automatic,63.39,1
C04982,2025-09-01,14,1103.69,13.07,1,0,annual,automatic,6.22,0
C04983,2025-09-01,29,1358.62,15.13,0,0,annual,automatic,18.39,0
C04984,2025-09-01,14,442.13,79.26,0,0,annual,automatic,111.01,0
C04985,2025-09-01,4,584.65,70.5,0,0,annual,automatic,64.71,0
C04986,2025-09-01,70,1121.53,58.38,0,0,monthly,manual,77.46,0
C04987,2025-09-01,67,2303.36,82.96,0,0,annual,manual,108.09,0
C04988,2025-09-01,68,1002.52,85.88,0,0,monthly,automatic,88.14,0
C04989,2025-09-01,64,773.52,48.46,1,0,monthly,automatic,53.52,0
C04990,2025-09-01,47,1907.58,99.65,4,0,annual,automatic,124.77,0
C04991,2025-09-01,38,2382.0,38.97,0,0,annual,automatic,16.81,1
C04992,2025-09-01,72,1254.98,21.29,0,0,monthly,automatic,21.43,0
C04993,2025-09-01,40,218.79,85.37,0,0,annual,automatic,95.1,0
C04994,2025-09-01,47,1781.74,44.48,2,0,monthly,automatic,18.59,1
C04995,2025-09-01,16,1153.64,88.08,0,0,monthly,automatic,139.98,0
C04996,2025-09-01,54,1748.38,10.81,2,1,annual,automatic,14.08,0
C04997,2025-09-01,60,837.75,15.55,2,0,monthly,automatic,,0
C04998,2025-09-01,49,204.54,8.83,1,0,annual,manual,9.39,1
C04999,2025-09-01,36,991.34,62.19,0,0,annual,automatic,36.57,0
C05000,2025-09-01,15,1820.02,84.03,3,0,monthly,manual,40.0,1
C05001,2025-09-01,3,1103.16,43.25,1,1,annual,manual,38.29,0
C05002,2025-09-01,46,703.1,13.62,0,0,monthly,manual,15.85,0
C05003,2025-09-01,50,1266.22,40.48,1,1,annual,automatic,44.93,0
C05004,2025-09-01,56,1929.4,38.06,1,0,annual,automatic,57.8,0
C05005,2025-09-01,69,473.7,66.13,0,0,annual,automatic,53.65,0
C05006,2025-09-01,36,1790.03,66.95,0,0,annual,automatic,53.16,0
C05007,2025-09-01,60,1733.89,14.79,1,0,monthly,automatic,13.65,0
C05008,2025-09-01,52,1051.7,44.92,0,1,monthly,automatic,23.15,1
C05009,2025-09-01,20,,66.04,1,0,monthly,manual,95.47,0
C05010,2025-09-01,61,2256.82,29.59,3,0,monthly,manual,24.63,0
C05011,2025-09-01,4,926.17,43.67,2,0,monthly,automatic,44.05,1
C05012,2025-09-01,44,270.51,63.3,1,0,monthly,automatic,76.28,0
C05013,2025-09-01,68,908.1,43.27,0,0,monthly,automatic,28.41,1
C05014,2025-09-01,48,669.86,7.93,0,0,annual,manual,8.07,0
C05015,2025-09-01,68,1457.68,26.15,0,0,monthly,manual,23.99,0
C05016,2025-09-01,5,2312.11,78.73,0,1,annual,manual,99.31,0
C05017,2025-09-01,39,2200.78,28.61,1,1,monthly,automatic,26.41,0
C05018,2025-09-01,57,902.41,82.68,0,0,annual,automatic,4.13,0
C05019,2025-09-01,47,1184.77,49.36,2,0,annual,automatic,,0
C05020,2025-09-01,64,283.05,49.93,0,0,monthly,automatic,19.73,0
C05021,2025-09-01,34,1450.58,78.2,3,0,monthly,automatic,124.69,0
C05022,2025-09-01,50,344.75,41.41,2,0,annual,,58.6,0
C05023,2025-09-01,31,2357.79,27.66,2,1,annual,manual,4.63,1
C05024,2025-09-01,63,2192.95,14.98,0,0,monthly,automatic,8.48,0
C05025,2025-09-01,9,691.63,68.83,2,0,annual,automatic,29.96,0
C05026,2025-09-01,19,1807.55,49.64,0,0,annual,automatic,49.43,0
C05027,2025-09-01,7,1505.45,81.89,0,0,monthly,automatic,47.94,0
C05028,2025-09-01,51,2042.12,48.48,1,1,monthly,automatic,40.1,0
C05029,2025-09-01,17,1293.0,44.41,4,1,annual,automatic,19.45,0
C05030,2025-09-01,23,640.08,33.39,1,0,monthly,automatic,35.75,0
C05031,2025-09-01,61,1670.64,23.95,0,0,annual,automatic,7.96,1
C05032,2025-09-01,26,383.64,83.89,0,1,monthly,automatic,150.67,1
C05033,2025-09-01,11,1543.55,14.05,1,0,monthly,automatic,20.32,0
C05034,2025-09-01,2,688.22,90.7,1,0,monthly,automatic,162.22,0
C05035,2025-09-01,17,1774.35,7.56,1,0,annual,manual,8.56,0
C05036,2025-09-01,66,2103.5,54.61,0,0,monthly,automatic,80.0,0
C05037,2025-09-01,40,450.91,10.54,1,0,monthly,automatic,12.99,0
C05038,2025-09-01,72,1119.62,79.06,3,0,monthly,automatic,44.94,0
C05039,2025-09-01,16,1886.1,25.09,0,0,monthly,automatic,19.81,0
C05040,2025-09-01,26,575.52,58.76,1,0,annual,manual,62.78,0
C05041,2025-09-01,12,1502.0,92.06,2,0,monthly,manual,121.82,0
C05042,2025-09-01,29,1744.23,66.68,1,0,monthly,manual,61.19,0
C05043,2025-09-01,41,1015.03,21.94,0,0,monthly,manual,24.44,0
C05044,2025-09-01,59,2112.56,80.68,1,0,monthly,manual,64.83,1
C05045,2025-09-01,27,1373.51,46.94,1,0,monthly,automatic,36.41,0
C05046,2025-09-01,56,1641.09,6.25,1,0,monthly,manual,2.53,0
C05047,2025-09-01,46,523.01,51.24,0,1,annual,automatic,55.08,0
C05048,2025-09-01,22,252.27,82.19,2,0,monthly,automatic,61.46,0
C05049,2025-09-01,66,315.72,45.85,1,1,monthly,,21.56,1
C05050,2025-09-01,32,,77.05,1,1,monthly,manual,54.9,1
C05051,2025-09-01,11,2229.08,72.02,1,0,annual,automatic,73.45,0
C05052,2025-09-01,70,2056.46,48.41,0,0,monthly,manual,55.86,0
C05053,2025-09-01,66,658.11,35.71,1,0,annual,automatic,30.55,0
C05054,2025-09-01,4,1407.55,74.02,2,0,annual,automatic,95.77,0
C05055,2025-09-01,65,2030.07,40.05,3,0,monthly,automatic,57.74,0
C05056,2025-09-01,69,1750.74,21.16,2,0,monthly,manual,17.34,0
C05057,2025-09-01,60,464.7,35.48,1,0,annual,manual,44.73,1
C05058,2025-09-01,19,2258.74,88.3,1,0,annual,manual,60.61,0
C05059,2025-09-01,46,568.57,31.92,3,0,monthly,automatic,14.84,0
C05060,2025-09-01,39,594.13,27.32,1,0,monthly,automatic,16.1,0
C05061,2025-09-01,45,2271.32,17.67,1,0,annual,automatic,10.91,0
C05062,2025-09-01,45,1313.62,10.24,1,0,monthly,manual,7.85,0
C05063,2025-09-01,47,1056.65,97.79,1,0,monthly,manual,157.81,0
C05064,2025-09-01,38,1472.41,55.99,1,0,monthly,manual,,0
C05065,2025-09-01,50,2456.21,74.32,0,0,annual,automatic,58.58,0
C05066,2025-09-01,38,474.15,78.43,2,0,monthly,automatic,76.37,0
C05067,2025-09-01,2,1939.98,38.47,3,1,monthly,automatic,17.61,1
C05068,2025-09-01,3,967.95,80.9,2,0,monthly,automatic,78.56,0
C05069,2025-09-01,69,468.21,96.34,1,1,monthly,manual,110.78,0
C05070,2025-09-01,66,1169.45,75.47,0,0,monthly,automatic,108.59,0
C05071,2025-09-01,43,,72.61,1,0,monthly,manual,100.19,0
C05072,2025-09-01,13,672.71,46.06,0,0,monthly,automatic,48.23,1
C05073,2025-09-01,57,1131.12,84.93,0,0,monthly,manual,71.5,0
C05074,2025-09-01,11,1661.05,13.44,3,0,annual,manual,11.59,0
C05075,2025-09-01,28,1524.83,76.22,0,1,annual,automatic,80.99,0
C05076,2025-09-01,24,1862.27,39.39,1,0,monthly,manual,35.6,1
C05077,2025-09-01,1,2122.73,58.77,2,0,monthly,automatic,52.2,0
C05078,2025-09-01,59,1140.02,89.83,3,0,monthly,automatic,53.26,0
C05079,2025-09-01,37,1171.82,62.48,0,0,monthly,automatic,72.15,0
C05080,2025-09-01,23,1341.39,7.43,2,0,monthly,automatic,7.61,0
C05081,2025-09-01,37,1501.61,73.65,0,0,monthly,manual,48.26,1
C05082,2025-09-01,1,448.14,93.26,2,0,annual,automatic,134.4,0
C05083,2025-09-01,32,918.06,65.99,0,0,annual,automatic,65.53,0
C05084,2025-09-01,38,594.35,86.83,0,0,monthly,manual,36.6,0
C05085,2025-09-01,25,1086.46,83.4,1,0,monthly,manual,104.31,0
C05086,2025-09-01,60,2437.71,86.82,1,0,monthly,manual,59.43,0
C05087,2025-09-01,18,1539.28,37.69,0,0,monthly,automatic,29.27,0
C05088,2025-09-01,10,1186.58,50.05,0,1,annual,automatic,42.77,1
C05089,2025-09-01,38,1500.65,85.56,0,1,monthly,automatic,104.57,0
C05090,2025-09-01,64,1737.88,91.49,1,0,annual,manual,82.32,0
C05091,2025-09-01,28,1199.39,18.95,1,0,monthly,automatic,21.54,0
C05092,2025-09-01,4,1228.73,22.25,1,0,monthly,manual,8.22,1
C05093,2025-09-01,70,1812.22,37.95,1,1,monthly,manual,20.26,1
C05094,2025-09-01,32,338.98,78.18,1,0,monthly,automatic,72.8,1
C05095,2025-09-01,13,1441.19,88.12,2,0,monthly,automatic,58.7,0
C05096,2025-09-01,45,1457.85,60.12,0,0,annual,automatic,51.01,0
C05097,2025-09-01,24,1939.53,15.76,1,1,monthly,automatic,18.61,0
C05098,2025-09-01,68,2459.08,33.86,0,1,monthly,manual,21.63,0
C05099,2025-09-01,22,2029.24,86.42,0,0,monthly,automatic,57.26,0
C05100,2025-09-01,40,1357.71,38.02,2,0,annual,manual,36.44,0
C05101,2025-09-01,40,588.74,14.77,0,0,annual,automatic,2.6,0
C05102,2025-09-01,18,1552.0,33.7,1,0,monthly,manual,42.89,0
C05103,2025-09-01,36,2117.89,81.64,0,0,annual,automatic,78.83,0
C05104,2025-09-01,8,2343.55,51.88,1,0,annual,automatic,49.42,0
C05105,2025-09-01,47,2097.21,21.3,0,0,annual,manual,15.58,0
C05106,2025-09-01,55,633.63,34.7,2,1,monthly,automatic,40.29,0
C05107,2025-09-01,69,1837.92,95.59,0,0,annual,manual,82.54,0
C05108,2025-09-01,24,2223.36,46.04,0,0,annual,manual,62.11,0
C05109,2025-09-01,21,1765.34,46.95,1,0,monthly,automatic,15.08,1
C05110,2025-09-01,40,1776.23,19.54,1,0,monthly,automatic,18.41,1
C05111,2025-09-01,50,1349.37,33.93,0,0,monthly,automatic,31.72,0
C05112,2025-09-01,72,1664.05,82.4,1,0,monthly,automatic,84.79,1
C05113,2025-09-01,2,876.08,79.69,1,1,annual,automatic,112.46,0
C05114,2025-09-01,18,403.26,46.37,2,0,annual,automatic,20.53,0
C05115,2025-09-01,19,2102.74,89.9,2,0,annual,manual,38.83,1
C05116,2025-09-01,19,2368.23,41.12,2,0,monthly,manual,32.75,1
C05117,2025-09-01,34,2169.69,87.11,0,0,annual,automatic,22.44,1
C05118,2025-09-01,63,967.0,8.0,0,0,annual,manual,13.82,0
C05119,2025-09-01,3,414.12,37.99,0,0,monthly,automatic,47.36,0
C05120,2025-09-01,59,843.32,86.23,0,0,monthly,automatic,94.94,0
C05121,2025-09-01,45,2137.52,90.62,0,0,annual,automatic,108.2,0
C05122,2025-09-01,45,1707.37,76.86,1,0,monthly,automatic,104.9,0
C05123,2025-09-01,49,2422.4,68.64,1,1,monthly,automatic,48.38,0
C05124,2025-09-01,9,987.17,82.47,1,1,annual,manual,65.45,0
C05125,2025-09-01,54,1467.39,72.22,1,0,monthly,automatic,75.09,1
C05126,2025-09-01,18,2016.09,29.15,1,0,monthly,manual,21.67,0
C05127,2025-09-01,38,737.18,49.29,1,0,annual,automatic,29.35,0
C05128,2025-09-01,49,2416.41,67.77,0,1,monthly,automatic,49.79,0
C05129,2025-09-01,44,1561.51,60.84,1,0,monthly,automatic,64.1,0
C05130,2025-09-01,24,217.16,89.08,0,0,monthly,automatic,110.37,1
C05131,2025-09-01,29,256.85,50.02,1,0,annual,automatic,23.77,1
C05132,2025-09-01,35,2228.1,21.91,0,1,monthly,automatic,18.7,0
C05133,2025-09-01,3,1683.15,25.39,0,1,monthly,manual,22.88,1
C05134,2025-09-01,53,1954.07,85.38,0,0,monthly,automatic,36.99,1
C05135,2025-09-01,8,2002.24,5.83,4,0,annual,manual,6.28,0
C05136,2025-09-01,34,1166.06,87.57,1,0,monthly,automatic,77.28,0
C05137,2025-09-01,48,2035.81,10.28,2,0,monthly,automatic,6.08,0
C05138,2025-09-01,6,2355.32,42.21,1,0,monthly,automatic,31.71,0
C05139,2025-09-01,72,594.99,81.02,0,0,monthly,automatic,89.72,0
C05140,2025-09-01,28,1956.51,43.72,1,0,monthly,automatic,55.19,0
C05141,2025-09-01,2,906.92,83.12,1,0,monthly,automatic,86.35,0
C05142,2025-09-01,48,938.43,14.53,2,0,annual,manual,23.06,0
C05143,2025-09-01,41,1148.34,53.6,0,1,annual,automatic,70.24,0
C05144,2025-09-01,47,2185.55,60.34,0,1,monthly,automatic,67.16,1
C05145,2025-09-01,55,249.73,89.63,0,0,annual,automatic,60.41,0
C05146,2025-09-01,35,1197.03,13.89,0,1,monthly,manual,18.28,0
C05147,2025-09-01,60,1763.11,37.17,2,0,annual,automatic,24.2,0
C05148,2025-09-01,27,452.96,67.64,1,0,annual,automatic,79.91,0
C05149,2025-09-01,40,2021.18,98.09,2,0,monthly,manual,6.34,1
C05150,2025-09-01,12,2365.38,85.59,0,0,monthly,manual,63.95,1
C05151,2025-09-01,45,408.15,85.42,0,2,monthly,automatic,36.8,1
C05152,2025-09-01,19,550.78,54.13,0,0,annual,automatic,44.38,0
C05153,2025-09-01,51,2439.42,58.61,3,0,monthly,automatic,22.35,0
C05154,2025-09-01,58,654.07,86.57,0,0,monthly,manual,80.51,0
C05155,2025-09-01,62,380.56,87.61,2,0,monthly,manual,94.92,0
C05156,2025-09-01,67,2389.04,81.22,1,0,monthly,automatic,56.24,1
C05157,2025-09-01,9,2252.03,82.76,0,0,monthly,automatic,66.87,0
C05158,2025-09-01,10,1707.17,88.56,0,1,annual,automatic,88.28,0
C05159,2025-09-01,67,1467.29,15.81,2,0,monthly,manual,14.28,0
C05160,2025-09-01,28,2313.24,32.8,5,0,monthly,manual,45.65,1
C05161,2025-09-01,2,1706.7,97.73,2,0,monthly,,66.47,1
C05162,2025-09-01,21,1713.31,56.75,0,0,monthly,automatic,62.88,0
C05163,2025-09-01,61,2139.48,21.76,2,0,monthly,manual,22.0,0
C05164,2025-09-01,26,1701.47,52.79,1,0,monthly,manual,19.21,1
C05165,2025-09-01,6,1357.46,66.35,1,0,monthly,automatic,63.07,1
C05166,2025-09-01,52,1095.36,83.68,1,0,annual,manual,74.44,0
C05167,2025-09-01,15,1356.21,82.16,0,1,monthly,automatic,61.43,1
C05168,2025-09-01,26,1400.7,9.68,3,1,monthly,automatic,14.92,0
C05169,2025-09-01,1,1028.91,48.08,1,0,annual,automatic,65.86,0
C05170,2025-09-01,44,1229.67,6.95,0,0,monthly,manual,4.54,0
C05171,2025-09-01,33,2043.31,89.37,2,0,annual,automatic,102.09,0
C05172,2025-09-01,63,1156.98,21.52,2,0,monthly,automatic,25.4,0
C05173,2025-09-01,25,257.79,64.36,0,0,monthly,automatic,62.5,0
C05174,2025-09-01,15,849.94,59.21,0,0,annual,automatic,31.72,0
C05175,2025-09-01,12,732.01,64.43,1,0,monthly,automatic,37.8,0
C05176,2025-09-01,15,2024.24,58.52,1,0,annual,automatic,64.65,0
C05177,2025-09-01,33,1232.37,72.98,1,0,monthly,automatic,80.09,0
C05178,2025-09-01,7,843.71,64.48,2,0,monthly,manual,52.88,0
C05179,2025-09-01,29,2063.62,13.58,1,1,monthly,automatic,18.75,0
C05180,2025-09-01,62,243.2,39.84,0,0,monthly,automatic,57.48,0
C05181,2025-09-01,56,599.78,56.93,2,1,annual,automatic,81.9,0
C05182,2025-09-01,46,2101.0,35.89,3,0,monthly,manual,51.68,0
C05183,2025-09-01,65,1465.5,77.23,0,0,monthly,automatic,70.62,0
C05184,2025-09-01,57,1978.39,35.2,2,0,monthly,manual,15.94,1
C05185,2025-09-01,47,2126.8,83.72,1,0,monthly,manual,67.58,1
C05186,2025-09-01,63,2365.52,18.94,0,0,monthly,automatic,16.66,0
C05187,2025-09-01,9,344.88,78.09,2,1,monthly,manual,54.63,1
C05188,2025-09-01,59,2037.24,22.43,2,1,monthly,manual,17.65,1
C05189,2025-09-01,22,1829.16,55.16,2,1,annual,manual,28.44,0
C05190,2025-09-01,53,675.16,35.45,1,0,annual,manual,41.48,0
C05191,2025-09-01,66,2341.92,65.55,0,0,monthly,automatic,97.66,0
C05192,2025-09-01,36,1128.66,25.21,0,0,monthly,manual,44.21,0
C05193,2025-09-01,7,2240.5,80.56,0,1,monthly,manual,81.11,1
C05194,2025-09-01,27,1590.76,59.49,2,0,monthly,manual,51.16,1
C05195,2025-09-01,30,1410.52,95.94,0,0,monthly,manual,87.02,1
C05196,2025-09-01,68,565.91,72.62,2,1,monthly,automatic,101.41,0
C05197,2025-09-01,68,2301.95,62.7,1,0,monthly,manual,87.18,0
C05198,2025-09-01,41,1479.32,83.77,2,0,monthly,automatic,70.01,1
C05199,2025-09-01,69,213.01,25.87,3,1,monthly,manual,34.7,0
C05200,2025-09-01,32,241.05,65.11,2,0,annual,manual,63.58,0
C05201,2025-09-01,30,1987.55,42.09,1,0,annual,manual,27.89,1
C05202,2025-09-01,61,571.45,75.66,0,0,monthly,manual,65.51,0
C05203,2025-09-01,49,1576.1,7.32,0,0,monthly,manual,11.1,0
C05204,2025-09-01,38,1765.49,45.63,0,2,monthly,automatic,53.51,0
C05205,2025-09-01,33,841.54,66.91,1,0,monthly,manual,49.69,0
C05206,2025-09-01,51,1508.42,48.76,2,0,annual,automatic,60.86,0
C05207,2025-09-01,55,751.6,27.61,1,1,annual,automatic,32.3,0
C05208,2025-09-01,36,2375.53,49.11,1,0,monthly,automatic,39.85,1
C05209,2025-09-01,3,2177.39,85.73,4,0,monthly,automatic,56.47,1
C05210,2025-09-01,8,861.5,24.65,6,1,monthly,manual,13.09,1
C05211,2025-09-01,11,1415.27,39.88,1,0,annual,automatic,13.74,0
C05212,2025-09-01,34,1350.46,99.08,2,0,monthly,automatic,68.47,0
C05213,2025-09-01,45,2407.05,91.72,2,0,annual,manual,78.68,0
C05214,2025-09-01,58,1105.27,8.23,1,0,annual,automatic,11.2,0
C05215,2025-09-01,17,1492.12,55.38,0,0,monthly,automatic,66.93,0
C05216,2025-09-01,57,2335.03,11.21,2,0,annual,automatic,11.08,0
C05217,2025-09-01,48,573.47,92.77,1,0,annual,automatic,24.51,0
C05218,2025-09-01,4,1465.12,46.95,1,0,monthly,manual,48.05,0
C05219,2025-09-01,26,442.05,44.75,1,0,monthly,manual,15.4,1
C05220,2025-09-01,22,1619.25,30.93,1,0,monthly,manual,37.91,0
C05221,2025-09-01,64,1040.07,59.04,2,0,monthly,automatic,72.94,0
C05222,2025-09-01,67,2424.56,18.77,1,0,monthly,automatic,17.6,1
C05223,2025-09-01,59,1154.44,80.9,0,0,monthly,manual,97.56,0
C05224,2025-09-01,39,512.23,51.66,0,0,annual,manual,65.87,0
C05225,2025-09-01,36,2117.2,58.81,0,1,monthly,automatic,56.36,0
C05226,2025-09-01,23,2086.99,84.88,3,0,monthly,automatic,73.79,0
C05227,2025-09-01,56,1797.18,22.59,1,0,annual,automatic,10.28,0
C05228,2025-09-01,7,1921.27,21.64,1,0,monthly,automatic,17.22,0
C05229,2025-09-01,20,807.85,44.98,2,0,monthly,automatic,25.69,1
C05230,2025-09-01,10,1675.72,79.68,0,0,annual,manual,45.23,1
C05231,2025-09-01,36,286.45,10.56,0,0,monthly,automatic,7.01,0
C05232,2025-09-01,22,651.85,80.54,4,1,monthly,manual,,1
C05233,2025-09-01,15,2343.24,52.57,3,1,monthly,automatic,66.38,0
C05234,2025-09-01,28,1899.24,58.37,0,0,monthly,automatic,58.17,0
C05235,2025-09-01,62,729.55,58.62,0,0,annual,manual,,0
C05236,2025-09-01,41,455.18,10.34,0,0,monthly,automatic,12.42,1
C05237,2025-09-01,60,2381.51,28.73,0,0,monthly,manual,31.45,1
C05238,2025-09-01,66,457.03,76.75,0,0,annual,automatic,91.94,0
C05239,2025-09-01,65,790.26,44.17,2,0,monthly,manual,42.97,1
C05240,2025-09-01,26,619.06,58.25,0,0,annual,automatic,80.2,0
C05241,2025-09-01,64,216.17,94.76,2,0,monthly,automatic,70.27,0
C05242,2025-09-01,66,921.51,9.4,1,0,monthly,automatic,8.58,0
C05243,2025-09-01,70,2439.61,47.72,2,0,annual,automatic,39.24,0
C05244,2025-09-01,26,985.38,39.32,2,0,monthly,automatic,63.93,0
C05245,2025-09-01,17,1358.9,15.11,0,0,monthly,automatic,10.56,0
C05246,2025-09-01,43,1914.65,95.33,0,0,annual,manual,130.67,0
C05247,2025-09-01,68,1466.48,96.34,2,0,monthly,automatic,42.66,0
C05248,2025-09-01,65,1909.26,34.59,1,0,monthly,automatic,33.04,0
C05249,2025-09-01,42,1720.76,94.94,0,1,monthly,automatic,81.31,0
C05250,2025-09-01,11,1598.69,8.34,1,0,monthly,manual,4.69,1
C05251,2025-09-01,31,1693.19,98.19,2,1,monthly,automatic,67.5,1
C05252,2025-09-01,52,2037.08,84.41,2,0,monthly,manual,92.52,1
C05253,2025-09-01,41,1832.44,25.36,0,0,annual,,20.34,0
C05254,2025-09-01,25,2020.08,61.96,3,0,monthly,automatic,36.07,0
C05255,2025-09-01,25,533.87,80.84,2,0,monthly,automatic,99.77,0
C05256,2025-09-01,5,1757.65,35.33,0,0,monthly,manual,32.24,0
C05257,2025-09-01,21,1894.15,38.61,1,0,annual,automatic,40.0,0
C05258,2025-09-01,49,888.92,64.75,0,0,annual,automatic,84.34,0
C05259,2025-09-01,18,2210.53,18.97,1,0,annual,manual,27.72,0
C05260,2025-09-01,72,899.84,16.23,1,0,annual,automatic,1.95,0
C05261,2025-09-01,6,759.81,28.73,2,0,monthly,manual,25.35,0
C05262,2025-09-01,43,2193.32,75.42,1,1,monthly,automatic,25.12,1
C05263,2025-09-01,36,767.15,39.83,0,0,annual,manual,74.65,0
C05264,2025-09-01,60,1154.66,53.2,0,0,annual,manual,51.75,0
C05265,2025-09-01,64,1045.22,23.57,2,1,monthly,automatic,29.71,0
C05266,2025-09-01,40,2264.54,23.44,1,0,monthly,manual,16.42,1
C05267,2025-09-01,46,1246.04,66.79,1,0,monthly,manual,53.14,0
C05268,2025-09-01,51,1795.91,15.3,3,0,monthly,manual,19.96,1
C05269,2025-09-01,38,2025.29,68.44,0,0,annual,,75.3,0
C05270,2025-09-01,14,1643.18,43.07,2,1,monthly,manual,64.92,0
C05271,2025-09-01,31,2369.5,68.77,2,0,monthly,automatic,43.19,1
C05272,2025-09-01,18,2044.77,41.26,0,0,monthly,manual,34.81,1
C05273,2025-09-01,34,1119.48,85.37,1,0,monthly,automatic,93.87,0
C05274,2025-09-01,45,2385.87,10.28,0,0,annual,manual,11.85,0
C05275,2025-09-01,16,1405.52,89.86,0,0,monthly,manual,95.86,0
C05276,2025-09-01,18,250.93,30.52,0,0,monthly,manual,13.94,0
C05277,2025-09-01,60,797.03,9.04,1,2,annual,manual,5.33,0
C05278,2025-09-01,28,1628.98,58.43,0,0,monthly,manual,60.74,0
C05279,2025-09-01,15,559.67,26.31,0,0,monthly,manual,9.99,0
C05280,2025-09-01,52,1542.36,48.62,2,1,monthly,automatic,29.65,0
C05281,2025-09-01,52,1030.68,81.22,1,0,monthly,,75.78,0
C05282,2025-09-01,60,1428.09,80.2,1,0,monthly,manual,52.0,1
C05283,2025-09-01,55,203.31,62.04,0,1,monthly,automatic,62.06,0
C05284,2025-09-01,72,2150.37,97.9,0,1,monthly,manual,87.0,1
C05285,2025-09-01,42,1031.43,49.06,0,0,annual,automatic,31.6,0
C05286,2025-09-01,21,521.36,8.74,0,0,monthly,automatic,5.7,1
C05287,2025-09-01,63,1206.21,82.85,1,0,monthly,automatic,113.28,0
C05288,2025-09-01,20,1317.21,26.02,0,0,monthly,manual,27.44,0
C05289,2025-09-01,21,1665.03,21.74,3,0,monthly,automatic,21.88,1
C05290,2025-09-01,60,1405.49,11.65,2,0,annual,automatic,10.94,0
C05291,2025-09-01,64,299.1,36.15,0,1,monthly,automatic,21.78,0
C05292,2025-09-01,25,2203.48,35.99,1,0,monthly,automatic,26.0,0
C05293,2025-09-01,53,1248.97,33.76,2,1,annual,automatic,2.69,0
C05294,2025-09-01,67,376.07,61.35,0,0,monthly,automatic,42.77,0
C05295,2025-09-01,58,1976.5,76.4,2,0,monthly,manual,53.72,0
C05296,2025-09-01,1,1717.36,94.09,1,0,monthly,manual,104.63,1
C05297,2025-09-01,48,1692.71,13.93,2,0,monthly,manual,9.88,0
C05298,2025-09-01,13,1180.9,19.29,0,0,annual,manual,23.05,0
C05299,2025-09-01,61,1143.14,61.04,1,0,annual,automatic,50.61,0
C05300,2025-09-01,5,1432.58,14.32,0,1,annual,manual,13.92,0
C05301,2025-09-01,72,315.37,40.22,1,0,annual,manual,36.56,0
C05302,2025-09-01,13,886.6,64.33,1,0,monthly,manual,74.94,1
C05303,2025-09-01,31,2471.16,79.15,1,0,monthly,manual,106.23,1
C05304,2025-09-01,17,1722.04,25.67,2,1,monthly,manual,14.75,1
C05305,2025-09-01,59,1162.55,68.46,3,0,annual,manual,105.14,0
C05306,2025-09-01,29,710.44,66.36,0,0,annual,manual,41.15,1
C05307,2025-09-01,54,1912.98,86.66,2,1,annual,automatic,74.14,0
C05308,2025-09-01,5,797.67,34.81,0,0,monthly,automatic,25.58,0
C05309,2025-09-01,33,572.45,76.26,0,0,monthly,manual,110.4,0
C05310,2025-09-01,66,554.38,76.44,0,0,annual,manual,41.94,0
C05311,2025-09-01,67,1876.31,27.72,0,0,annual,manual,32.46,0
C05312,2025-09-01,16,1677.46,64.01,0,0,monthly,automatic,9.41,1
C05313,2025-09-01,29,359.55,69.14,0,0,monthly,automatic,83.3,0
C05314,2025-09-01,30,463.6,31.07,0,1,annual,manual,26.5,0
C05315,2025-09-01,41,1656.85,47.92,0,0,monthly,automatic,37.81,0
C05316,2025-09-01,39,1512.57,46.4,2,0,monthly,automatic,31.45,0
C05317,2025-09-01,8,1776.8,78.48,1,0,annual,automatic,70.37,0
C05318,2025-09-01,55,608.49,5.07,0,0,monthly,automatic,4.03,0
C05319,2025-09-01,17,1870.15,52.6,1,0,monthly,automatic,20.94,0
C05320,2025-09-01,23,2352.02,22.51,1,0,annual,automatic,14.53,0
C05321,2025-09-01,61,1581.42,66.45,1,1,monthly,automatic,79.7,0
C05322,2025-09-01,50,650.1,69.64,0,0,monthly,manual,54.25,0
C05323,2025-09-01,29,1761.95,52.61,1,1,monthly,automatic,33.84,0
C05324,2025-09-01,66,988.09,56.49,1,0,annual,manual,52.89,1
C05325,2025-09-01,29,312.36,34.93,2,0,monthly,automatic,38.11,0
C05326,2025-09-01,41,894.38,34.77,2,0,annual,,39.9,0
C05327,2025-09-01,18,2281.85,75.79,1,0,monthly,automatic,78.69,0
C05328,2025-09-01,14,1144.62,17.51,1,1,monthly,automatic,23.52,0
C05329,2025-09-01,36,2187.73,78.29,2,0,monthly,automatic,73.37,0
C05330,2025-09-01,41,1368.92,67.23,1,0,monthly,automatic,56.3,0
C05331,2025-09-01,59,1388.05,89.03,1,0,monthly,manual,109.12,0
C05332,2025-09-01,29,211.0,29.71,0,0,annual,automatic,19.97,0
C05333,2025-09-01,65,1664.34,53.09,0,0,monthly,automatic,41.33,0
C05334,2025-09-01,44,446.97,8.7,1,1,monthly,automatic,3.15,1
C05335,2025-09-01,6,,91.69,0,1,annual,automatic,142.57,0
C05336,2025-09-01,54,797.73,69.16,0,1,monthly,manual,114.11,0
C05337,2025-09-01,42,1101.48,64.17,1,0,annual,manual,55.11,0
C05338,2025-09-01,29,1434.28,74.61,1,0,annual,automatic,88.58,0
C05339,2025-09-01,34,232.27,32.01,0,0,monthly,automatic,37.29,0
C05340,2025-09-01,22,853.54,62.37,0,0,monthly,automatic,61.51,1
C05341,2025-09-01,45,2475.11,81.09,0,0,monthly,manual,109.1,0
C05342,2025-09-01,41,331.02,13.58,1,0,monthly,automatic,6.48,0
C05343,2025-09-01,33,933.61,96.09,1,1,monthly,manual,82.19,1
C05344,2025-09-01,21,938.27,89.73,0,0,monthly,manual,17.01,1
C05345,2025-09-01,29,1071.59,96.49,0,0,annual,automatic,54.63,0
C05346,2025-09-01,36,1774.0,81.79,1,1,monthly,automatic,28.71,1
C05347,2025-09-01,34,768.81,32.96,2,1,monthly,manual,9.12,1
C05348,2025-09-01,23,1257.62,60.25,1,0,annual,automatic,44.98,0
C05349,2025-09-01,42,1682.19,16.42,0,0,monthly,automatic,17.2,0
C05350,2025-09-01,17,940.34,76.65,1,0,monthly,automatic,52.67,0
C05351,2025-09-01,37,2381.18,19.6,2,0,monthly,automatic,14.29,1
C05352,2025-09-01,9,2452.25,87.35,1,0,annual,manual,57.9,1
C05353,2025-09-01,34,474.25,27.85,1,0,monthly,manual,26.99,0
C05354,2025-09-01,57,989.79,20.24,1,0,monthly,manual,14.34,0
C05355,2025-09-01,59,677.34,11.74,0,0,annual,automatic,6.66,0
C05356,2025-09-01,51,628.62,72.58,1,0,monthly,automatic,90.46,0
C05357,2025-09-01,54,1328.25,22.69,0,1,monthly,manual,13.95,1
C05358,2025-09-01,5,1495.8,23.78,0,0,monthly,automatic,11.29,0
C05359,2025-09-01,25,1178.0,21.12,0,0,monthly,automatic,24.9,0
C05360,2025-09-01,48,825.88,34.05,1,2,monthly,automatic,11.26,1
C05361,2025-09-01,58,839.83,94.42,3,0,monthly,manual,127.49,0
C05362,2025-09-01,42,2480.89,51.23,2,0,monthly,automatic,28.73,0
C05363,2025-09-01,62,2323.46,29.78,0,0,annual,manual,28.23,0
C05364,2025-09-01,20,373.57,21.19,2,1,monthly,automatic,12.12,0
C05365,2025-09-01,12,1709.07,6.8,3,0,monthly,automatic,6.29,1
C05366,2025-09-01,7,1249.82,39.67,2,0,monthly,automatic,29.26,1
C05367,2025-09-01,42,1783.27,15.46,1,0,monthly,automatic,8.91,1
C05368,2025-09-01,48,1572.01,7.57,3,0,monthly,manual,2.72,1
C05369,2025-09-01,21,2244.28,14.78,1,0,annual,automatic,10.8,0
C05370,2025-09-01,57,353.07,35.26,1,0,monthly,manual,38.3,0
C05371,2025-09-01,54,1003.08,76.33,2,0,monthly,,88.24,0
C05372,2025-09-01,26,2465.64,11.36,4,0,monthly,automatic,7.59,1
C05373,2025-09-01,18,618.26,69.47,3,0,annual,automatic,46.5,1
C05374,2025-09-01,54,491.87,63.95,0,0,monthly,manual,54.93,0
C05375,2025-09-01,49,1875.64,88.79,1,0,monthly,manual,81.73,0
C05376,2025-09-01,13,1987.1,22.48,2,0,monthly,automatic,20.66,1
C05377,2025-09-01,19,1745.23,80.46,0,0,monthly,manual,61.8,1
C05378,2025-09-01,35,1984.25,87.16,0,1,monthly,automatic,69.04,0
C05379,2025-09-01,37,1794.56,97.77,1,0,monthly,manual,80.12,0
C05380,2025-09-01,12,511.27,81.81,2,0,annual,manual,6.11,0
C05381,2025-09-01,69,1597.91,16.76,3,0,annual,automatic,13.04,0
C05382,2025-09-01,28,1985.82,94.98,2,0,monthly,automatic,113.38,0
C05383,2025-09-01,28,2189.69,82.42,3,0,monthly,manual,116.02,1
C05384,2025-09-01,5,765.34,25.17,1,2,monthly,manual,33.52,0
C05385,2025-09-01,64,492.09,20.69,2,0,annual,automatic,19.69,0
C05386,2025-09-01,17,1995.51,93.96,4,0,monthly,automatic,47.35,1
C05387,2025-09-01,72,789.06,19.79,3,1,monthly,automatic,14.41,0
C05388,2025-09-01,36,272.44,78.82,1,0,monthly,automatic,51.5,0
C05389,2025-09-01,63,2096.99,43.5,0,0,monthly,automatic,18.57,1
C05390,2025-09-01,13,1362.78,73.76,1,1,monthly,automatic,43.54,1
C05391,2025-09-01,12,950.26,13.73,0,0,annual,automatic,9.13,1
C05392,2025-09-01,58,225.29,73.88,2,0,monthly,automatic,31.9,1
C05393,2025-09-01,60,280.25,53.63,2,1,monthly,manual,66.85,1
C05394,2025-09-01,40,2022.03,90.54,2,0,monthly,automatic,102.6,1
C05395,2025-09-01,3,1325.32,22.9,1,0,monthly,manual,20.67,1
C05396,2025-09-01,68,543.36,15.39,0,0,monthly,automatic,16.21,0
C05397,2025-09-01,29,1023.56,23.64,0,0,monthly,manual,24.28,0
C05398,2025-09-01,68,579.2,12.46,1,0,annual,manual,8.26,0
C05399,2025-09-01,63,458.63,98.11,0,1,annual,automatic,152.03,0
C05400,2025-09-01,62,834.51,16.67,1,1,monthly,manual,10.85,1
C05401,2025-09-01,50,1462.87,24.08,3,0,monthly,automatic,8.1,1
C05402,2025-09-01,49,682.02,81.92,0,1,annual,automatic,79.99,0
C05403,2025-09-01,39,989.44,28.44,0,0,monthly,automatic,31.78,1
C05404,2025-09-01,2,1298.24,26.12,0,0,monthly,automatic,21.27,0
C05405,2025-09-01,28,1165.07,68.87,1,0,annual,automatic,93.36,0
C05406,2025-09-01,53,494.84,42.88,1,0,monthly,manual,42.16,0
C05407,2025-09-01,59,288.39,84.37,1,0,annual,automatic,53.39,0
C05408,2025-09-01,41,280.56,65.64,0,0,monthly,manual,46.75,0
C05409,2025-09-01,52,1004.41,32.38,2,1,annual,automatic,31.47,0
C05410,2025-09-01,2,1852.24,61.8,1,0,monthly,automatic,58.6,0
C05411,2025-09-01,34,500.89,87.31,1,0,annual,automatic,117.41,0
C05412,2025-09-01,37,2009.05,39.63,1,0,monthly,manual,48.04,1
C05413,2025-09-01,65,1845.05,74.96,1,0,monthly,manual,27.83,0
C05414,2025-09-01,23,208.07,44.5,0,0,monthly,manual,38.31,0
C05415,2025-09-01,17,260.52,56.59,1,0,annual,automatic,27.45,0
C05416,2025-09-01,26,647.58,74.7,0,0,monthly,manual,106.86,0
C05417,2025-09-01,13,328.08,10.75,1,0,monthly,automatic,6.23,0
C05418,2025-09-01,41,1421.09,48.22,2,0,monthly,manual,47.77,1
C05419,2025-09-01,47,290.14,14.05,0,0,monthly,automatic,9.49,0
C05420,2025-09-01,58,2045.09,73.88,2,0,monthly,automatic,16.81,1
C05421,2025-09-01,70,,62.74,1,0,monthly,automatic,30.16,0
C05422,2025-09-01,6,1873.3,36.06,2,0,annual,automatic,30.03,1
C05423,2025-09-01,18,1925.62,12.25,2,1,monthly,automatic,13.71,0
C05424,2025-09-01,22,1364.56,92.95,1,0,monthly,automatic,102.79,0
C05425,2025-09-01,18,2327.33,34.93,0,0,monthly,automatic,15.87,1
C05426,2025-09-01,60,2476.55,31.16,2,0,monthly,automatic,32.08,0
C05427,2025-09-01,11,1025.19,14.6,0,1,monthly,manual,18.29,0
C05428,2025-09-01,3,488.49,59.85,0,0,annual,manual,65.8,0
C05429,2025-09-01,62,1034.45,30.24,1,0,monthly,manual,23.99,0
C05430,2025-09-01,70,712.71,85.07,0,0,monthly,automatic,79.7,0
C05431,2025-09-01,17,1420.31,69.86,0,0,monthly,automatic,68.0,0
C05432,2025-09-01,24,1069.29,5.37,1,0,monthly,manual,7.57,0
C05433,2025-09-01,37,1304.03,58.74,1,1,annual,manual,89.02,0
C05434,2025-09-01,38,1954.33,27.02,0,0,annual,manual,30.96,0
C05435,2025-09-01,72,829.25,6.46,1,0,monthly,manual,6.06,0
C05436,2025-09-01,30,1435.19,63.84,0,0,monthly,automatic,58.04,1
C05437,2025-09-01,1,969.87,24.47,2,0,monthly,manual,23.13,1
C05438,2025-09-01,31,2004.41,90.47,0,0,monthly,manual,89.74,0
C05439,2025-09-01,41,1669.93,59.47,0,0,monthly,automatic,43.97,0
C05440,2025-09-01,38,218.56,24.87,3,0,monthly,automatic,40.01,0
C05441,2025-09-01,37,1717.12,98.02,2,0,annual,automatic,63.01,1
C05442,2025-09-01,67,590.37,56.91,1,0,annual,automatic,78.16,0
C05443,2025-09-01,59,1865.29,20.72,1,0,annual,manual,3.12,0
C05444,2025-09-01,19,1503.88,54.14,0,0,monthly,manual,44.59,0
C05445,2025-09-01,26,1122.41,96.14,2,0,annual,manual,77.05,0
C05446,2025-09-01,49,1795.35,45.3,1,0,monthly,manual,45.3,1
C05447,2025-09-01,30,2169.16,45.41,1,0,annual,automatic,35.99,0
C05448,2025-09-01,31,1990.11,48.81,3,0,monthly,automatic,68.58,0
C05449,2025-09-01,13,1453.37,31.61,1,1,monthly,automatic,26.4,1
C05450,2025-09-01,19,1861.2,20.37,3,0,monthly,manual,11.4,1
C05451,2025-09-01,54,1151.0,60.0,1,0,monthly,automatic,34.91,1
C05452,2025-09-01,61,2013.76,89.95,1,0,monthly,automatic,67.86,0
C05453,2025-09-01,57,2105.82,74.89,3,1,monthly,manual,87.88,0
C05454,2025-09-01,23,514.78,14.14,0,1,monthly,automatic,17.49,0
C05455,2025-09-01,10,746.47,43.08,0,0,monthly,manual,21.51,1
C05456,2025-09-01,12,819.97,5.5,3,2,monthly,manual,3.52,1
C05457,2025-09-01,29,580.99,34.25,0,0,annual,,18.74,0
C05458,2025-09-01,38,1101.83,68.59,2,1,monthly,automatic,56.25,0
C05459,2025-09-01,65,642.98,32.57,1,0,monthly,automatic,40.93,0
C05460,2025-09-01,65,1568.74,84.85,1,1,monthly,automatic,83.15,0
C05461,2025-09-01,1,432.72,50.35,0,1,annual,automatic,56.02,0
C05462,2025-09-01,51,819.81,68.57,1,0,annual,automatic,81.01,0
C05463,2025-09-01,22,1729.7,88.97,0,0,monthly,automatic,63.58,0
C05464,2025-09-01,15,1115.65,69.87,1,0,annual,automatic,32.96,0
C05465,2025-09-01,40,1168.36,90.25,2,0,monthly,automatic,64.48,1
C05466,2025-09-01,3,2034.23,81.77,2,0,monthly,automatic,98.74,1
C05467,2025-09-01,25,2463.38,58.87,1,0,monthly,automatic,66.58,0
C05468,2025-09-01,40,1498.66,33.24,0,0,annual,automatic,31.5,0
C05469,2025-09-01,20,380.85,33.32,0,0,annual,manual,41.72,0
C05470,2025-09-01,43,435.68,88.16,2,0,monthly,automatic,85.6,0
C05471,2025-09-01,34,2426.55,10.12,1,1,monthly,automatic,8.14,1
C05472,2025-09-01,58,1761.24,94.44,0,0,monthly,manual,35.03,0
C05473,2025-09-01,14,1929.68,36.07,1,0,monthly,manual,49.23,0
C05474,2025-09-01,5,1753.26,75.19,0,0,monthly,manual,66.65,0
C05475,2025-09-01,39,612.12,36.35,0,0,annual,manual,27.7,0
C05476,2025-09-01,19,1230.23,95.56,1,0,annual,manual,84.48,0
C05477,2025-09-01,51,2034.59,8.47,1,0,monthly,manual,12.24,0
C05478,2025-09-01,7,2191.63,38.57,1,0,monthly,manual,48.88,1
C05479,2025-09-01,42,744.87,87.41,0,0,monthly,manual,69.4,0
C05480,2025-09-01,72,1569.71,31.04,0,1,annual,manual,33.66,0
C05481,2025-09-01,7,560.33,31.18,1,0,annual,manual,42.08,0
C05482,2025-09-01,22,2403.04,90.38,0,0,annual,automatic,94.14,0
C05483,2025-09-01,61,779.07,83.91,1,1,annual,manual,80.74,0
C05484,2025-09-01,39,1870.26,15.05,1,1,monthly,automatic,2.84,1
C05485,2025-09-01,13,730.56,60.12,0,0,monthly,automatic,81.52,0
C05486,2025-09-01,16,1615.92,26.22,3,0,annual,automatic,14.69,0
C05487,2025-09-01,56,1715.31,25.44,1,0,monthly,manual,6.75,0
C05488,2025-09-01,62,954.38,63.46,2,0,annual,automatic,18.31,0
C05489,2025-09-01,26,2082.32,16.77,1,0,annual,manual,10.41,0
C05490,2025-09-01,35,2235.35,49.63,0,0,monthly,automatic,54.1,0
C05491,2025-09-01,57,2165.66,29.3,2,0,monthly,automatic,38.86,1
C05492,2025-09-01,13,959.84,86.12,2,0,annual,manual,89.53,0
C05493,2025-09-01,15,1910.98,57.68,2,1,monthly,automatic,88.1,0
C05494,2025-09-01,56,1485.83,25.44,1,0,monthly,manual,19.82,1
C05495,2025-09-01,14,1562.05,93.01,2,2,monthly,manual,78.01,1
C05496,2025-09-01,56,1297.08,83.18,1,0,monthly,automatic,22.18,1
C05497,2025-09-01,36,1579.6,30.2,0,1,monthly,automatic,21.7,1
C05498,2025-09-01,72,511.0,96.3,0,0,monthly,automatic,19.77,0
C05499,2025-09-01,3,1139.35,30.44,0,0,monthly,automatic,13.71,1
C05500,2025-11-01,69,607.65,32.8,0,0,annual,manual,37.41,0
C05501,2025-11-01,17,843.24,41.67,0,0,monthly,automatic,13.73,1
C05502,2025-11-01,3,492.97,20.66,0,0,annual,automatic,7.52,0
C05503,2025-11-01,53,687.74,70.27,0,0,annual,manual,21.42,0
C05504,2025-11-01,39,1997.44,57.95,0,0,annual,manual,69.06,0
C05505,2025-11-01,61,1463.62,89.97,1,1,annual,automatic,134.38,0
C05506,2025-11-01,8,253.38,27.88,1,0,monthly,automatic,24.92,0
C05507,2025-11-01,6,2012.61,21.17,0,0,monthly,automatic,26.46,0
C05508,2025-11-01,41,2290.78,39.07,1,1,monthly,automatic,20.03,0
C05509,2025-11-01,64,2223.99,18.88,2,0,monthly,automatic,25.5,0
C05510,2025-11-01,30,2091.94,94.88,0,0,monthly,manual,63.52,0
C05511,2025-11-01,58,2481.1,73.16,1,0,monthly,manual,84.4,1
C05512,2025-11-01,66,1547.72,80.64,2,0,annual,automatic,73.42,0
C05513,2025-11-01,63,2412.95,76.06,0,0,annual,automatic,18.92,1
C05514,2025-11-01,37,2381.34,28.07,1,0,monthly,automatic,17.13,0
C05515,2025-11-01,51,919.45,18.36,1,1,monthly,manual,17.99,0
C05516,2025-11-01,38,2184.9,45.8,1,0,annual,manual,12.49,0
C05517,2025-11-01,49,2021.69,83.76,0,0,annual,manual,85.75,0
C05518,2025-11-01,41,1983.34,36.4,2,0,monthly,automatic,15.44,1
C05519,2025-11-01,38,2260.45,5.91,2,1,monthly,automatic,6.56,1
C05520,2025-11-01,32,1082.64,67.71,2,0,annual,manual,30.05,0
C05521,2025-11-01,48,1119.13,24.01,2,0,monthly,automatic,25.81,0
C05522,2025-11-01,55,1671.12,56.57,0,0,annual,automatic,68.21,0
C05523,2025-11-01,67,1895.95,6.41,2,0,monthly,automatic,5.52,0
C05524,2025-11-01,45,2222.4,53.34,1,0,monthly,manual,47.58,0
C05525,2025-11-01,8,2213.44,42.39,1,0,monthly,automatic,61.04,0
C05526,2025-11-01,43,1858.08,88.64,3,0,annual,manual,57.25,1
C05527,2025-11-01,23,2399.85,73.57,1,0,monthly,automatic,53.93,0
C05528,2025-11-01,2,609.85,8.42,0,0,annual,manual,9.63,0
C05529,2025-11-01,6,2384.78,80.0,3,0,monthly,manual,85.42,0
C05530,2025-11-01,43,346.64,80.17,0,0,annual,manual,66.94,0
C05531,2025-11-01,69,1476.93,68.02,1,2,monthly,automatic,33.65,1
C05532,2025-11-01,37,406.45,93.28,1,0,monthly,automatic,117.6,0
C05533,2025-11-01,33,1505.4,81.31,0,0,annual,manual,39.57,0
C05534,2025-11-01,7,1096.25,25.8,1,0,monthly,automatic,44.31,0
C05535,2025-11-01,49,386.7,41.25,1,0,monthly,automatic,20.69,0
C05536,2025-11-01,4,1689.67,38.24,0,0,monthly,manual,20.39,1
C05537,2025-11-01,61,1880.76,52.97,0,0,annual,manual,55.07,0
C05538,2025-11-01,59,599.63,95.6,0,1,annual,manual,106.33,0
C05539,2025-11-01,72,1796.2,63.48,2,0,annual,automatic,36.76,0
C05540,2025-11-01,21,610.81,34.73,2,0,monthly,automatic,52.52,0
C05541,2025-11-01,12,515.01,94.44,2,0,monthly,automatic,97.78,1
C05542,2025-11-01,22,537.94,71.53,1,0,monthly,manual,59.6,1
C05543,2025-11-01,58,,30.28,3,0,annual,manual,31.95,0
C05544,2025-11-01,16,1990.22,91.12,1,1,monthly,automatic,122.44,0
C05545,2025-11-01,64,1571.86,37.7,2,1,monthly,automatic,55.92,0
C05546,2025-11-01,12,2060.51,54.04,1,1,monthly,manual,53.36,1
C05547,2025-11-01,4,1559.4,50.53,0,0,monthly,automatic,23.95,0
C05548,2025-11-01,16,2032.84,92.74,2,0,annual,automatic,44.47,0
C05549,2025-11-01,55,2445.0,30.24,0,0,monthly,manual,12.85,0
C05550,2025-11-01,44,1098.21,36.66,2,0,monthly,automatic,25.48,0
C05551,2025-11-01,26,543.87,67.72,2,0,monthly,,63.2,1
C05552,2025-11-01,48,510.41,89.23,3,0,monthly,manual,88.77,0
C05553,2025-11-01,47,1573.2,15.91,2,0,monthly,manual,20.91,0
C05554,2025-11-01,40,1457.34,24.94,0,1,annual,automatic,4.85,1
C05555,2025-11-01,38,622.74,95.06,0,1,monthly,manual,87.1,0
C05556,2025-11-01,8,2227.84,78.84,3,1,monthly,manual,85.25,1
C05557,2025-11-01,19,2399.52,37.88,1,0,annual,manual,1.89,1
C05558,2025-11-01,38,781.4,38.98,2,1,monthly,automatic,42.05,1
C05559,2025-11-01,10,674.83,49.61,0,0,monthly,manual,93.04,0
C05560,2025-11-01,35,691.02,69.01,3,0,annual,manual,82.17,0
C05561,2025-11-01,9,1090.07,58.3,2,0,monthly,,59.92,0
C05562,2025-11-01,57,2161.42,78.73,1,0,monthly,manual,64.89,1
C05563,2025-11-01,8,1569.71,10.15,2,0,monthly,automatic,10.16,0
C05564,2025-11-01,7,354.37,82.81,0,1,monthly,automatic,120.74,0
C05565,2025-11-01,46,1286.85,10.51,0,0,monthly,automatic,8.39,1
C05566,2025-11-01,16,406.76,88.69,0,1,annual,automatic,118.65,0
C05567,2025-11-01,26,1133.29,9.11,2,0,monthly,automatic,9.86,0
C05568,2025-11-01,23,1127.1,17.14,0,0,annual,automatic,25.53,0
C05569,2025-11-01,16,1690.21,22.12,0,1,annual,automatic,28.78,0
C05570,2025-11-01,55,1462.74,26.19,1,0,monthly,automatic,25.83,0
C05571,2025-11-01,50,2210.94,43.17,0,1,monthly,automatic,41.61,0
C05572,2025-11-01,18,236.43,67.27,3,0,monthly,manual,54.51,1
C05573,2025-11-01,50,1979.2,89.8,0,0,annual,automatic,113.32,0
C05574,2025-11-01,52,251.11,54.83,3,0,monthly,manual,39.12,1
C05575,2025-11-01,39,898.87,55.59,0,0,annual,manual,53.36,0
C05576,2025-11-01,42,2222.23,35.33,1,0,annual,manual,30.11,0
C05577,2025-11-01,68,1786.95,81.06,0,0,monthly,manual,36.52,1
C05578,2025-11-01,33,594.59,15.5,1,0,annual,manual,15.46,0
C05579,2025-11-01,28,1327.8,33.6,0,0,monthly,automatic,12.97,0
C05580,2025-11-01,39,1859.38,14.21,0,2,monthly,automatic,10.84,0
C05581,2025-11-01,61,2354.89,25.35,0,1,monthly,automatic,29.24,0
C05582,2025-11-01,52,1657.94,60.73,2,0,annual,manual,59.46,1
C05583,2025-11-01,6,255.75,16.97,0,0,monthly,manual,16.52,0
C05584,2025-11-01,34,1348.31,14.56,1,0,monthly,manual,8.99,1
C05585,2025-11-01,54,550.81,83.46,1,0,annual,,107.42,0
C05586,2025-11-01,17,308.89,16.24,1,0,monthly,automatic,9.9,1
C05587,2025-11-01,72,1575.57,62.77,2,1,monthly,automatic,73.27,0
C05588,2025-11-01,59,1985.92,38.44,1,0,monthly,automatic,52.84,0
C05589,2025-11-01,61,281.94,90.15,2,0,monthly,automatic,34.65,1
C05590,2025-11-01,6,2001.26,72.22,1,0,monthly,manual,56.17,0
C05591,2025-11-01,42,1823.69,10.65,2,1,annual,manual,7.94,0
C05592,2025-11-01,39,1928.57,90.07,2,0,monthly,automatic,91.47,0
C05593,2025-11-01,46,761.88,44.32,1,0,monthly,automatic,26.14,0
C05594,2025-11-01,62,1104.27,33.33,1,0,annual,manual,17.07,0
C05595,2025-11-01,26,474.43,68.91,2,0,monthly,manual,62.1,0
C05596,2025-11-01,39,748.45,73.21,1,0,monthly,manual,52.98,1
C05597,2025-11-01,49,895.42,33.81,1,0,monthly,automatic,29.38,0
C05598,2025-11-01,55,933.7,38.41,1,0,annual,automatic,47.34,0
C05599,2025-11-01,56,601.59,19.85,0,0,annual,automatic,7.03,0
C05600,2025-11-01,25,633.04,61.38,0,1,monthly,automatic,54.03,0
C05601,2025-11-01,72,2272.38,95.91,1,0,monthly,automatic,68.4,0
C05602,2025-11-01,1,2001.96,44.58,1,1,monthly,automatic,41.38,1
C05603,2025-11-01,36,991.3,99.64,5,0,monthly,manual,71.2,0
C05604,2025-11-01,44,2378.58,21.76,0,1,monthly,automatic,11.03,1
C05605,2025-11-01,5,748.52,80.63,0,0,annual,automatic,85.27,0
C05606,2025-11-01,33,1134.69,93.17,0,0,annual,automatic,176.09,0
C05607,2025-11-01,43,2070.11,70.37,4,0,monthly,automatic,62.26,1
C05608,2025-11-01,44,1217.64,15.39,1,0,monthly,manual,10.25,0
C05609,2025-11-01,9,738.64,36.02,2,1,monthly,manual,23.95,1
C05610,2025-11-01,20,1046.63,13.14,0,0,monthly,automatic,16.39,0
C05611,2025-11-01,18,1350.66,62.17,2,0,monthly,automatic,38.11,0
C05612,2025-11-01,47,1626.48,99.82,2,0,annual,automatic,137.24,0
C05613,2025-11-01,24,1131.89,40.6,3,1,annual,manual,14.09,1
C05614,2025-11-01,42,1191.0,20.48,0,0,annual,manual,20.22,1
C05615,2025-11-01,53,806.07,30.52,2,1,annual,automatic,35.16,0
C05616,2025-11-01,58,1430.3,59.23,1,0,monthly,manual,70.3,0
C05617,2025-11-01,14,703.75,59.05,1,1,monthly,automatic,68.63,0
C05618,2025-11-01,66,2194.31,26.83,0,0,annual,manual,27.18,0
C05619,2025-11-01,12,1917.94,76.32,0,0,monthly,manual,101.03,0
C05620,2025-11-01,2,1142.64,13.36,1,0,monthly,automatic,7.66,1
C05621,2025-11-01,4,1917.62,64.19,1,1,monthly,manual,44.58,0
C05622,2025-11-01,15,215.09,45.44,0,0,annual,automatic,35.39,0
C05623,2025-11-01,63,991.33,17.08,0,0,monthly,manual,24.58,0
C05624,2025-11-01,15,1211.69,65.27,1,0,annual,automatic,70.7,0
C05625,2025-11-01,50,1279.54,68.94,1,0,monthly,manual,,0
C05626,2025-11-01,31,1921.08,46.8,0,0,monthly,automatic,40.12,0
C05627,2025-11-01,3,2413.46,80.81,1,0,annual,automatic,97.45,0
C05628,2025-11-01,32,1072.99,53.39,1,0,annual,manual,20.12,0
C05629,2025-11-01,3,1005.38,32.15,1,0,monthly,manual,24.98,0
C05630,2025-11-01,35,1603.19,95.59,2,0,monthly,automatic,80.67,1
C05631,2025-11-01,41,845.88,94.68,1,0,monthly,manual,71.39,1
C05632,2025-11-01,38,524.11,14.08,0,0,monthly,manual,11.37,0
C05633,2025-11-01,21,2410.54,94.88,0,0,monthly,,105.45,1
C05634,2025-11-01,56,2060.92,78.67,2,0,annual,automatic,78.94,0
C05635,2025-11-01,43,2403.55,15.13,0,0,monthly,manual,20.24,0
C05636,2025-11-01,19,700.02,54.34,0,0,monthly,automatic,10.31,0
C05637,2025-11-01,32,239.96,8.32,1,0,monthly,automatic,11.99,0
C05638,2025-11-01,8,1204.7,60.94,1,0,monthly,manual,42.21,1
C05639,2025-11-01,67,2346.3,93.65,2,0,monthly,automatic,129.29,0
C05640,2025-11-01,55,517.15,39.98,1,0,monthly,automatic,30.94,0
C05641,2025-11-01,21,468.53,53.32,1,0,annual,manual,55.95,0
C05642,2025-11-01,49,,26.62,1,1,annual,automatic,14.46,0
C05643,2025-11-01,49,1958.54,56.39,2,2,monthly,automatic,27.88,0
C05644,2025-11-01,44,2006.63,81.24,0,0,annual,automatic,91.26,0
C05645,2025-11-01,4,1798.36,25.45,1,0,monthly,manual,1.27,0
C05646,2025-11-01,64,321.57,57.58,1,0,monthly,automatic,28.48,1
C05647,2025-11-01,69,1862.56,38.69,1,0,annual,automatic,45.98,0
C05648,2025-11-01,71,1230.85,76.05,2,0,monthly,manual,58.94,0
C05649,2025-11-01,71,562.16,71.69,2,1,annual,manual,43.82,1
C05650,2025-11-01,67,877.79,71.39,1,0,monthly,manual,103.73,1
C05651,2025-11-01,54,1351.64,40.89,0,0,annual,automatic,64.44,0
C05652,2025-11-01,5,957.2,61.93,3,0,monthly,manual,56.98,1
C05653,2025-11-01,34,2429.42,66.85,0,0,monthly,automatic,91.3,0
C05654,2025-11-01,18,1290.91,69.68,0,0,monthly,manual,101.1,0
C05655,2025-11-01,16,1054.95,59.65,0,1,annual,automatic,54.54,0
C05656,2025-11-01,60,1747.28,87.35,1,0,monthly,manual,64.7,0
C05657,2025-11-01,59,1695.25,28.64,1,0,monthly,manual,27.24,0
C05658,2025-11-01,38,204.61,10.3,0,0,annual,automatic,4.23,0
C05659,2025-11-01,54,1621.49,96.44,0,0,monthly,automatic,107.9,0
C05660,2025-11-01,10,759.67,10.77,1,0,monthly,automatic,8.67,0
C05661,2025-11-01,16,1062.04,90.78,0,0,monthly,automatic,85.31,0
C05662,2025-11-01,62,1823.6,63.17,1,1,annual,automatic,59.05,0
C05663,2025-11-01,33,1480.99,92.28,1,1,annual,automatic,57.52,0
C05664,2025-11-01,40,1046.91,58.67,0,0,annual,automatic,53.24,0
C05665,2025-11-01,34,584.04,83.0,0,1,monthly,automatic,36.87,0
C05666,2025-11-01,15,,73.52,0,0,monthly,automatic,55.23,0
C05667,2025-11-01,60,933.54,54.89,0,0,monthly,manual,29.11,1
C05668,2025-11-01,55,2298.73,39.52,2,0,annual,automatic,24.23,1
C05669,2025-11-01,50,1428.0,5.27,1,0,annual,automatic,0.68,1
C05670,2025-11-01,26,2190.72,28.84,1,1,annual,automatic,22.2,1
C05671,2025-11-01,47,1096.42,95.42,2,0,monthly,automatic,104.0,0
C05672,2025-11-01,69,2102.11,31.17,1,0,monthly,automatic,30.62,0
C05673,2025-11-01,47,329.03,76.43,0,0,annual,automatic,99.31,0
C05674,2025-11-01,36,884.67,53.31,0,0,monthly,automatic,31.27,0
C05675,2025-11-01,20,378.8,34.31,0,1,monthly,automatic,25.82,0
C05676,2025-11-01,38,271.8,99.15,0,1,annual,automatic,123.05,0
C05677,2025-11-01,27,2312.38,9.46,1,0,monthly,manual,8.42,0
C05678,2025-11-01,45,1847.8,60.3,0,0,annual,manual,59.38,0
C05679,2025-11-01,4,1636.75,48.84,0,0,annual,manual,81.07,0
C05680,2025-11-01,14,1423.73,12.27,0,1,monthly,automatic,10.2,1
C05681,2025-11-01,57,1508.97,25.34,0,0,annual,automatic,19.02,0
C05682,2025-11-01,28,1667.99,70.95,0,0,monthly,manual,40.62,0
C05683,2025-11-01,32,2100.13,15.29,0,0,monthly,automatic,12.52,0
C05684,2025-11-01,40,1571.84,81.1,0,1,annual,automatic,103.61,0
C05685,2025-11-01,32,1920.74,64.38,0,0,annual,manual,72.15,1
C05686,2025-11-01,55,845.25,14.58,2,0,monthly,automatic,20.72,1
C05687,2025-11-01,18,2445.55,32.25,2,0,annual,automatic,33.74,0
C05688,2025-11-01,55,272.36,18.03,1,0,monthly,manual,2.45,1
C05689,2025-11-01,16,1088.13,80.77,1,0,annual,manual,92.09,0
C05690,2025-11-01,27,2227.71,55.63,1,1,monthly,manual,53.21,1
C05691,2025-11-01,43,614.2,5.27,3,0,monthly,manual,4.85,1
C05692,2025-11-01,64,524.08,56.58,3,1,monthly,automatic,76.18,0
C05693,2025-11-01,17,1039.49,50.87,1,0,annual,automatic,41.92,0
C05694,2025-11-01,43,1183.85,66.09,3,1,annual,automatic,74.21,0
C05695,2025-11-01,5,2345.81,8.31,0,0,monthly,automatic,4.51,0
C05696,2025-11-01,6,2122.07,8.37,0,0,monthly,manual,3.25,1
C05697,2025-11-01,56,1266.41,38.19,0,0,monthly,automatic,27.13,1
C05698,2025-11-01,52,2436.84,70.41,3,1,monthly,automatic,57.05,0
C05699,2025-11-01,28,1676.24,68.32,3,0,monthly,manual,75.96,0
C05700,2025-11-01,45,2208.42,31.44,1,0,annual,automatic,16.85,1
C05701,2025-11-01,28,764.93,25.53,0,0,monthly,automatic,36.95,0
C05702,2025-11-01,20,1323.62,69.9,2,1,monthly,manual,40.68,1
C05703,2025-11-01,32,267.35,7.58,3,0,annual,automatic,6.74,0
C05704,2025-11-01,23,219.42,57.89,0,0,monthly,manual,53.49,0
C05705,2025-11-01,59,1821.54,45.29,2,0,monthly,automatic,46.41,0
C05706,2025-11-01,30,471.08,27.71,0,0,annual,automatic,29.87,0
C05707,2025-11-01,24,1458.96,54.43,0,0,annual,automatic,93.17,0
C05708,2025-11-01,39,1799.82,25.63,0,1,monthly,automatic,18.17,0
C05709,2025-11-01,55,273.14,58.61,1,1,monthly,automatic,60.34,1
C05710,2025-11-01,20,1231.11,19.15,0,0,annual,manual,17.06,0
C05711,2025-11-01,68,1772.55,43.54,2,0,monthly,automatic,55.04,0
C05712,2025-11-01,34,2245.38,53.49,0,0,monthly,automatic,57.61,0
C05713,2025-11-01,48,887.23,8.01,2,1,monthly,automatic,7.99,0
C05714,2025-11-01,69,2439.7,63.02,0,1,annual,manual,25.03,0
C05715,2025-11-01,32,2141.45,76.28,1,0,monthly,automatic,58.08,1
C05716,2025-11-01,15,1695.46,95.83,2,1,monthly,automatic,55.41,1
C05717,2025-11-01,54,1100.43,24.3,2,0,annual,manual,18.55,1
C05718,2025-11-01,1,1834.55,24.83,0,1,monthly,manual,15.67,1
C05719,2025-11-01,33,2076.24,33.96,2,1,monthly,automatic,25.08,1
C05720,2025-11-01,71,896.59,89.62,1,0,annual,automatic,69.56,0
C05721,2025-11-01,30,2482.51,43.65,1,1,monthly,automatic,34.15,1
C05722,2025-11-01,50,2288.82,33.67,0,0,monthly,automatic,27.51,1
C05723,2025-11-01,38,1315.65,75.41,2,0,annual,manual,44.88,0
C05724,2025-11-01,16,1861.51,8.61,0,1,monthly,automatic,8.03,1
C05725,2025-11-01,23,1404.22,57.14,2,0,monthly,automatic,34.53,1
C05726,2025-11-01,38,1949.14,47.77,1,0,monthly,automatic,33.94,1
C05727,2025-11-01,8,2101.06,64.36,0,0,annual,automatic,58.08,1
C05728,2025-11-01,30,252.41,74.45,0,0,monthly,automatic,3.72,0
C05729,2025-11-01,30,381.0,35.87,2,0,monthly,automatic,64.28,0
C05730,2025-11-01,61,972.88,65.46,4,1,monthly,manual,72.25,1
C05731,2025-11-01,9,2309.51,54.81,1,1,monthly,automatic,56.56,1
C05732,2025-11-01,61,1115.03,17.73,1,1,annual,manual,13.07,0
C05733,2025-11-01,30,2240.28,88.76,1,0,monthly,automatic,84.58,0
C05734,2025-11-01,47,1262.6,76.69,2,1,monthly,manual,38.08,1
C05735,2025-11-01,41,863.36,92.56,2,0,monthly,automatic,101.04,0
C05736,2025-11-01,22,2270.48,73.44,2,0,annual,automatic,24.28,1
C05737,2025-11-01,68,1488.54,28.26,1,0,monthly,automatic,13.45,1
C05738,2025-11-01,17,1028.11,45.9,0,0,monthly,manual,30.82,1
C05739,2025-11-01,3,301.14,41.75,2,0,monthly,automatic,60.47,0
C05740,2025-11-01,55,454.15,8.4,1,0,annual,manual,4.49,0
C05741,2025-11-01,45,519.41,44.0,1,1,monthly,automatic,45.62,1
C05742,2025-11-01,65,1038.12,37.83,0,0,monthly,manual,7.49,1
C05743,2025-11-01,33,1595.87,5.37,3,1,monthly,manual,4.99,1
C05744,2025-11-01,2,906.46,85.48,1,0,monthly,automatic,130.55,0
C05745,2025-11-01,2,349.71,18.67,0,0,monthly,manual,20.45,0
C05746,2025-11-01,32,808.06,52.59,0,0,monthly,automatic,10.22,1
C05747,2025-11-01,18,,79.54,1,1,monthly,automatic,,0
C05748,2025-11-01,67,2481.22,62.43,1,0,monthly,automatic,47.3,0
C05749,2025-11-01,9,1102.87,21.09,0,0,annual,automatic,28.46,0
C05750,2025-11-01,64,404.15,63.73,1,1,monthly,manual,56.4,1
C05751,2025-11-01,16,1535.56,76.97,1,1,monthly,automatic,32.02,1
C05752,2025-11-01,9,2314.17,86.2,0,1,monthly,automatic,75.19,1
C05753,2025-11-01,20,2008.4,35.27,0,0,annual,automatic,23.85,0
C05754,2025-11-01,11,2122.3,8.22,1,0,annual,manual,1.35,1
C05755,2025-11-01,29,2333.93,62.76,2,0,annual,manual,53.91,0
C05756,2025-11-01,24,1663.05,26.45,0,0,annual,manual,24.38,0
C05757,2025-11-01,39,2487.32,79.19,1,0,monthly,,83.42,0
C05758,2025-11-01,39,275.55,69.59,2,1,monthly,manual,88.81,0
C05759,2025-11-01,1,2119.13,78.45,0,1,monthly,manual,64.47,1
C05760,2025-11-01,9,2170.12,96.92,2,0,monthly,automatic,38.24,1
C05761,2025-11-01,12,2307.41,60.53,1,1,annual,automatic,37.96,1
C05762,2025-11-01,15,1298.79,90.91,2,0,monthly,manual,83.04,1
C05763,2025-11-01,7,2010.84,65.98,0,0,monthly,automatic,88.76,0
C05764,2025-11-01,23,647.68,22.27,1,0,monthly,automatic,,0
C05765,2025-11-01,40,1586.2,80.93,0,0,annual,manual,70.71,0
C05766,2025-11-01,23,1023.88,70.9,0,0,annual,automatic,59.36,0
C05767,2025-11-01,24,1570.2,97.9,1,1,annual,manual,89.79,0
C05768,2025-11-01,34,1752.79,28.13,0,0,monthly,manual,44.69,0
C05769,2025-11-01,40,997.26,36.65,2,0,annual,automatic,32.64,0
C05770,2025-11-01,24,,83.04,0,0,annual,manual,68.74,0
C05771,2025-11-01,16,938.88,10.97,1,0,monthly,automatic,10.24,0
C05772,2025-11-01,30,1726.1,65.15,2,0,monthly,manual,44.52,0
C05773,2025-11-01,2,1755.81,55.87,1,0,monthly,automatic,20.87,1
C05774,2025-11-01,36,1904.03,21.04,0,0,annual,automatic,6.54,1
C05775,2025-11-01,68,490.03,20.69,2,1,annual,automatic,13.77,0
C05776,2025-11-01,29,2081.59,81.97,0,1,monthly,manual,109.3,0
C05777,2025-11-01,8,1781.74,6.47,0,0,monthly,manual,8.6,0
C05778,2025-11-01,51,269.16,75.95,3,1,monthly,automatic,40.21,1
C05779,2025-11-01,10,970.88,74.6,1,0,annual,manual,64.5,0
C05780,2025-11-01,14,1272.44,66.72,0,0,monthly,manual,64.45,1
C05781,2025-11-01,11,1028.42,43.9,0,0,annual,manual,29.25,1
C05782,2025-11-01,64,469.06,7.69,1,0,monthly,automatic,10.6,1
C05783,2025-11-01,71,675.9,81.17,1,2,monthly,manual,96.33,0
C05784,2025-11-01,42,255.49,16.94,0,1,monthly,manual,17.72,0
C05785,2025-11-01,45,413.08,31.67,0,1,monthly,manual,29.9,1
C05786,2025-11-01,47,811.49,94.94,2,0,monthly,automatic,35.41,1
C05787,2025-11-01,44,2084.93,33.68,2,0,monthly,manual,46.98,0
C05788,2025-11-01,40,1410.27,29.24,0,0,monthly,automatic,32.84,0
C05789,2025-11-01,72,1175.35,97.47,2,0,monthly,automatic,103.63,0
C05790,2025-11-01,53,1721.97,13.16,1,1,monthly,automatic,8.71,0
C05791,2025-11-01,7,1444.47,20.27,3,1,annual,manual,14.03,1
C05792,2025-11-01,29,501.48,46.64,1,1,monthly,manual,50.98,0
C05793,2025-11-01,71,711.03,79.83,1,1,annual,automatic,104.24,0
C05794,2025-11-01,30,710.8,89.01,0,0,monthly,manual,135.62,0
C05795,2025-11-01,15,1578.89,76.79,3,1,monthly,automatic,50.88,1
C05796,2025-11-01,63,1260.74,97.74,0,1,monthly,automatic,84.49,0
C05797,2025-11-01,45,1090.45,6.6,1,0,monthly,manual,1.23,1
C05798,2025-11-01,41,1479.27,63.85,0,0,annual,automatic,3.74,0
C05799,2025-11-01,31,2430.27,16.05,2,0,annual,manual,17.71,1
C05800,2025-11-01,9,921.64,91.48,2,0,monthly,automatic,56.84,1
C05801,2025-11-01,28,1395.45,93.85,0,0,monthly,automatic,21.53,0
C05802,2025-11-01,32,1303.85,33.79,1,1,annual,manual,17.33,0
C05803,2025-11-01,68,1847.28,83.63,1,1,annual,automatic,86.97,0
C05804,2025-11-01,23,1878.67,64.88,1,1,monthly,manual,68.41,0
C05805,2025-11-01,11,1875.86,14.55,1,0,monthly,manual,5.05,1
C05806,2025-11-01,31,662.5,62.26,1,0,monthly,automatic,84.22,0
C05807,2025-11-01,72,1231.91,97.73,2,0,annual,manual,66.11,0
C05808,2025-11-01,35,2064.7,34.27,2,0,monthly,automatic,34.83,0
C05809,2025-11-01,28,1076.52,5.11,1,0,monthly,manual,4.77,1
C05810,2025-11-01,49,2462.79,97.8,2,1,annual,automatic,89.58,0
C05811,2025-11-01,47,1038.01,44.33,2,1,monthly,automatic,26.25,1
C05812,2025-11-01,22,1343.63,45.94,4,1,monthly,automatic,41.87,1
C05813,2025-11-01,70,1290.41,72.7,0,0,monthly,manual,73.74,0
C05814,2025-11-01,43,1196.43,62.42,0,0,annual,automatic,53.07,0
C05815,2025-11-01,5,2143.95,33.69,1,0,annual,manual,32.18,0
C05816,2025-11-01,30,556.13,14.5,2,0,monthly,automatic,18.93,0
C05817,2025-11-01,67,1504.63,83.6,1,1,annual,automatic,63.12,1
C05818,2025-11-01,29,1621.78,50.92,0,0,monthly,manual,58.49,1
C05819,2025-11-01,41,2156.81,68.89,1,0,monthly,manual,58.31,1
C05820,2025-11-01,45,1600.16,86.75,0,1,monthly,automatic,123.06,0
C05821,2025-11-01,51,2407.05,6.68,3,0,annual,automatic,2.86,1
C05822,2025-11-01,63,2204.99,86.64,0,0,monthly,manual,119.25,0
C05823,2025-11-01,11,1001.1,76.42,0,1,monthly,,56.09,0
C05824,2025-11-01,38,2176.78,94.95,0,0,monthly,manual,157.53,0
C05825,2025-11-01,39,2403.5,27.19,1,0,annual,manual,29.16,0
C05826,2025-11-01,11,790.55,35.63,1,0,monthly,automatic,43.38,0
C05827,2025-11-01,49,1602.48,67.84,1,0,annual,automatic,58.59,1
C05828,2025-11-01,9,847.15,92.95,0,0,annual,manual,107.66,0
C05829,2025-11-01,33,1693.0,99.3,0,0,annual,automatic,115.0,0
C05830,2025-11-01,24,414.38,44.59,3,0,annual,manual,38.8,0
C05831,2025-11-01,12,1887.63,56.23,2,0,monthly,automatic,66.77,1
C05832,2025-11-01,60,1164.59,21.2,4,0,annual,manual,1.06,1
C05833,2025-11-01,18,1549.81,70.93,0,0,monthly,automatic,49.26,0
C05834,2025-11-01,19,258.48,84.55,0,0,monthly,manual,78.42,1
C05835,2025-11-01,62,1798.52,80.87,0,0,monthly,automatic,88.61,0
C05836,2025-11-01,64,1339.78,37.86,0,1,monthly,manual,47.71,1
C05837,2025-11-01,3,1637.08,96.51,0,0,monthly,manual,80.25,1
C05838,2025-11-01,21,925.04,16.43,1,0,monthly,,12.87,1
C05839,2025-11-01,52,534.39,51.93,2,0,monthly,automatic,63.62,0
C05840,2025-11-01,57,1200.49,57.69,0,0,monthly,manual,76.33,0
C05841,2025-11-01,72,2370.15,55.97,1,0,monthly,,65.99,0
C05842,2025-11-01,40,722.93,77.0,2,0,monthly,manual,66.72,1
C05843,2025-11-01,1,1753.43,62.91,2,0,monthly,manual,113.99,0
C05844,2025-11-01,63,313.64,12.33,1,0,monthly,manual,11.69,0
C05845,2025-11-01,12,1850.63,22.09,0,0,annual,automatic,22.0,0
C05846,2025-11-01,9,747.41,55.56,0,0,monthly,automatic,82.87,0
C05847,2025-11-01,49,1237.49,70.98,1,0,annual,automatic,103.26,0
C05848,2025-11-01,44,,53.85,2,0,monthly,automatic,62.88,0
C05849,2025-11-01,5,458.53,38.77,1,0,annual,manual,23.43,0
C05850,2025-11-01,13,993.84,9.86,1,0,annual,automatic,9.46,0
C05851,2025-11-01,43,1004.29,79.66,2,1,monthly,automatic,87.71,1
C05852,2025-11-01,19,1399.84,52.23,1,0,annual,automatic,83.74,0
C05853,2025-11-01,50,2435.41,56.18,0,0,monthly,automatic,109.69,0
C05854,2025-11-01,30,1280.04,49.55,0,0,annual,manual,35.2,1
C05855,2025-11-01,43,2302.18,30.21,1,0,monthly,automatic,36.81,0
C05856,2025-11-01,35,1260.58,31.26,0,0,monthly,automatic,19.84,0
C05857,2025-11-01,27,446.35,11.03,2,1,monthly,automatic,9.67,0
C05858,2025-11-01,25,728.35,72.22,4,0,monthly,automatic,44.51,1
C05859,2025-11-01,51,1136.29,30.83,0,0,annual,manual,,0
C05860,2025-11-01,38,947.35,33.36,3,1,annual,manual,33.47,1
C05861,2025-11-01,43,2190.41,99.38,1,0,monthly,manual,101.64,1
C05862,2025-11-01,42,1759.88,41.65,0,0,monthly,manual,39.04,0
C05863,2025-11-01,15,1529.11,53.52,1,1,annual,automatic,56.29,0
C05864,2025-11-01,66,1328.83,41.71,1,0,annual,automatic,44.37,0
C05865,2025-11-01,41,1112.72,32.57,1,0,annual,automatic,22.15,0
C05866,2025-11-01,52,1607.04,5.56,0,1,monthly,manual,1.83,0
C05867,2025-11-01,64,485.6,86.21,0,0,monthly,automatic,39.26,0
C05868,2025-11-01,67,572.83,49.95,0,1,monthly,automatic,17.79,0
C05869,2025-11-01,49,896.17,73.39,0,0,annual,automatic,72.53,0
C05870,2025-11-01,57,592.72,96.07,1,0,monthly,manual,60.93,1
C05871,2025-11-01,34,1756.33,5.27,1,0,monthly,automatic,6.66,0
C05872,2025-11-01,54,255.97,69.13,1,1,monthly,automatic,69.42,0
C05873,2025-11-01,24,567.41,16.27,0,0,monthly,automatic,4.52,1
C05874,2025-11-01,52,2275.0,48.51,0,0,monthly,automatic,37.66,0
C05875,2025-11-01,7,2493.35,85.44,0,0,annual,manual,15.12,1
C05876,2025-11-01,66,1320.46,11.79,2,0,annual,manual,,0
C05877,2025-11-01,18,1338.35,99.01,1,0,monthly,manual,74.1,0
C05878,2025-11-01,48,1977.82,60.18,0,1,monthly,manual,35.45,1
C05879,2025-11-01,1,282.24,42.52,2,0,monthly,automatic,67.17,0
C05880,2025-11-01,12,1181.15,6.85,2,0,annual,manual,8.1,0
C05881,2025-11-01,72,428.6,60.75,2,0,annual,manual,48.92,0
C05882,2025-11-01,61,1121.13,52.01,1,0,monthly,manual,73.82,0
C05883,2025-11-01,17,2461.79,25.46,0,0,monthly,automatic,14.74,0
C05884,2025-11-01,10,1932.36,51.59,1,0,annual,automatic,41.46,0
C05885,2025-11-01,59,2464.61,6.21,0,1,monthly,manual,7.57,0
C05886,2025-11-01,72,1914.91,99.95,1,0,monthly,manual,52.93,1
C05887,2025-11-01,13,1597.65,36.55,3,0,monthly,manual,42.39,1
C05888,2025-11-01,48,1933.71,50.62,1,0,monthly,automatic,51.76,0
C05889,2025-11-01,21,1714.91,79.55,1,0,monthly,automatic,89.56,1
C05890,2025-11-01,54,1266.35,72.71,0,1,monthly,manual,112.63,0
C05891,2025-11-01,31,871.86,89.41,2,0,annual,automatic,96.51,0
C05892,2025-11-01,10,1395.41,94.43,1,0,monthly,automatic,91.04,1
C05893,2025-11-01,24,793.53,22.97,1,1,monthly,manual,9.09,0
C05894,2025-11-01,39,1318.36,42.09,2,0,monthly,automatic,41.82,1
C05895,2025-11-01,58,535.11,70.25,1,0,monthly,automatic,52.83,0
C05896,2025-11-01,2,1499.41,9.28,1,0,monthly,automatic,8.14,1
C05897,2025-11-01,69,763.15,73.11,1,0,monthly,automatic,55.15,0
C05898,2025-11-01,47,874.3,5.46,5,0,annual,automatic,5.96,0
C05899,2025-11-01,64,1346.76,91.84,0,0,monthly,manual,52.65,0
C05900,2025-11-01,67,572.81,73.23,1,1,monthly,manual,72.81,0
C05901,2025-11-01,12,2412.47,58.72,0,0,annual,automatic,32.62,1
C05902,2025-11-01,7,1226.97,45.75,1,0,monthly,manual,13.29,0
C05903,2025-11-01,56,1009.24,98.86,1,0,monthly,automatic,79.13,0
C05904,2025-11-01,14,266.15,74.97,1,0,monthly,automatic,81.14,0
C05905,2025-11-01,11,2138.49,81.69,0,0,monthly,automatic,52.94,1
C05906,2025-11-01,34,1638.42,83.41,1,0,monthly,automatic,80.72,0
C05907,2025-11-01,66,1156.73,7.08,0,0,monthly,automatic,5.61,1
C05908,2025-11-01,58,763.73,10.2,3,0,monthly,automatic,5.69,1
C05909,2025-11-01,38,1912.82,23.84,0,0,monthly,manual,26.58,0
C05910,2025-11-01,15,2373.59,67.25,3,0,annual,manual,46.54,1
C05911,2025-11-01,25,1074.86,64.28,2,0,monthly,automatic,67.57,0
C05912,2025-11-01,50,509.21,35.89,2,0,monthly,manual,14.68,0
C05913,2025-11-01,12,450.15,97.43,1,0,monthly,automatic,94.3,0
C05914,2025-11-01,38,213.63,13.85,1,1,monthly,automatic,15.77,0
C05915,2025-11-01,1,1910.1,78.79,1,1,monthly,automatic,82.19,1
C05916,2025-11-01,24,2456.21,50.68,0,1,monthly,automatic,62.46,0
C05917,2025-11-01,18,2482.48,44.79,1,1,monthly,automatic,51.33,0
C05918,2025-11-01,50,2002.65,7.43,0,1,monthly,automatic,7.61,0
C05919,2025-11-01,66,572.02,74.14,0,0,annual,automatic,90.16,0
C05920,2025-11-01,11,2447.73,78.3,0,0,monthly,automatic,61.79,1
C05921,2025-11-01,58,952.97,35.3,0,0,monthly,automatic,38.92,0
C05922,2025-11-01,48,966.33,54.11,0,0,monthly,manual,50.19,0
C05923,2025-11-01,70,1779.87,62.61,0,1,monthly,automatic,98.15,0
C05924,2025-11-01,66,311.81,39.93,1,0,monthly,manual,40.56,0
C05925,2025-11-01,8,2098.27,63.48,1,0,monthly,automatic,29.84,1
C05926,2025-11-01,54,2492.78,46.24,1,0,monthly,manual,46.64,1
C05927,2025-11-01,43,1981.66,88.42,0,0,annual,manual,51.91,1
C05928,2025-11-01,9,1996.86,73.26,1,0,annual,automatic,86.08,0
C05929,2025-11-01,19,1096.72,15.5,0,0,monthly,manual,18.31,1
C05930,2025-11-01,67,350.62,80.96,1,0,annual,manual,57.22,1
C05931,2025-11-01,40,2022.14,37.06,1,0,monthly,automatic,20.63,1
C05932,2025-11-01,25,1572.46,93.88,0,0,annual,automatic,90.73,0
C05933,2025-11-01,24,2290.48,62.32,2,0,monthly,automatic,37.62,1
C05934,2025-11-01,61,465.71,7.62,0,0,monthly,manual,4.77,0
C05935,2025-11-01,21,900.78,74.76,2,1,monthly,automatic,55.54,0
C05936,2025-11-01,12,1028.51,17.42,2,0,annual,manual,19.83,0
C05937,2025-11-01,42,1770.54,88.34,2,0,monthly,automatic,35.39,0
C05938,2025-11-01,72,2010.81,95.09,0,1,monthly,automatic,62.37,1
C05939,2025-11-01,14,2409.35,71.05,0,1,monthly,automatic,125.02,0
C05940,2025-11-01,19,878.44,55.62,0,0,monthly,automatic,89.21,0
C05941,2025-11-01,34,1334.36,62.2,3,0,monthly,manual,83.56,1
C05942,2025-11-01,15,265.61,45.74,0,1,monthly,automatic,42.78,0
C05943,2025-11-01,47,780.87,12.94,0,0,monthly,automatic,15.31,0
C05944,2025-11-01,19,1059.21,93.24,1,1,monthly,manual,73.23,1
C05945,2025-11-01,10,1564.75,36.27,0,0,monthly,manual,1.81,1
C05946,2025-11-01,19,1281.94,34.72,2,1,monthly,manual,25.01,1
C05947,2025-11-01,68,1037.29,23.18,1,1,monthly,automatic,17.48,0
C05948,2025-11-01,68,1634.38,99.28,3,0,monthly,manual,92.32,1
C05949,2025-11-01,37,2104.82,94.54,1,1,annual,automatic,102.96,0
C05950,2025-11-01,29,754.87,38.2,2,0,monthly,automatic,57.22,0
C05951,2025-11-01,60,987.61,29.7,1,0,annual,manual,27.65,0
C05952,2025-11-01,14,1820.32,81.51,1,0,monthly,automatic,46.36,1
C05953,2025-11-01,48,1988.26,45.15,1,0,monthly,automatic,38.44,0
C05954,2025-11-01,49,2097.41,96.94,3,0,monthly,,111.04,0
C05955,2025-11-01,52,680.46,90.62,1,0,monthly,automatic,79.81,1
C05956,2025-11-01,16,1439.31,77.15,0,0,annual,automatic,49.28,0
C05957,2025-11-01,52,2269.03,13.54,1,0,monthly,manual,14.94,1
C05958,2025-11-01,45,1100.49,71.7,1,0,monthly,automatic,37.29,1
C05959,2025-11-01,64,1187.73,98.79,1,1,monthly,automatic,60.51,0
C05960,2025-11-01,13,2464.09,40.46,0,0,annual,automatic,43.12,0
C05961,2025-11-01,45,459.02,88.75,2,1,monthly,automatic,57.26,0
C05962,2025-11-01,60,1821.88,43.77,2,0,monthly,automatic,34.87,0
C05963,2025-11-01,21,2154.42,97.28,0,0,annual,automatic,90.04,0
C05964,2025-11-01,54,545.83,67.09,1,1,monthly,manual,60.74,0
C05965,2025-11-01,8,1842.24,14.17,0,0,monthly,manual,8.24,0
C05966,2025-11-01,52,1279.4,50.51,0,0,annual,automatic,52.28,0
C05967,2025-11-01,44,2160.65,9.72,0,1,annual,automatic,5.82,0
C05968,2025-11-01,14,2286.14,42.53,3,0,annual,manual,63.7,0
C05969,2025-11-01,5,2205.72,91.96,2,0,monthly,manual,71.68,1
C05970,2025-11-01,54,347.09,27.06,1,0,annual,manual,30.65,0
C05971,2025-11-01,18,1939.77,95.3,0,0,monthly,manual,112.13,0
C05972,2025-11-01,36,2318.51,14.49,2,0,annual,automatic,11.53,1
C05973,2025-11-01,5,1628.1,68.16,0,1,annual,automatic,39.64,1
C05974,2025-11-01,70,1581.01,96.74,1,0,monthly,automatic,113.71,0
C05975,2025-11-01,40,302.51,67.14,2,0,monthly,automatic,28.34,0
C05976,2025-11-01,68,2167.88,90.41,2,0,annual,manual,43.0,1
C05977,2025-11-01,12,305.73,99.15,1,0,monthly,automatic,112.28,0
C05978,2025-11-01,15,920.07,65.98,2,0,annual,manual,56.06,1
C05979,2025-11-01,44,2328.49,79.32,2,2,annual,manual,53.35,1
C05980,2025-11-01,44,2383.41,8.04,1,0,annual,manual,5.99,0
C05981,2025-11-01,57,2480.37,45.59,0,0,monthly,manual,29.25,0
C05982,2025-11-01,67,1294.73,32.39,2,0,annual,automatic,54.53,0
C05983,2025-11-01,60,607.09,83.3,1,1,annual,manual,106.33,0
C05984,2025-11-01,11,1321.27,69.37,2,0,monthly,manual,43.81,1
C05985,2025-11-01,23,434.32,63.37,1,0,monthly,automatic,51.37,0
C05986,2025-11-01,66,2205.83,93.5,1,0,annual,automatic,105.55,0
C05987,2025-11-01,40,1488.24,13.44,0,0,monthly,automatic,7.77,0
C05988,2025-11-01,63,1129.36,95.61,2,1,monthly,automatic,69.26,1
C05989,2025-11-01,41,381.92,14.57,2,0,monthly,manual,11.88,1
C05990,2025-11-01,4,1131.05,37.97,0,0,monthly,automatic,23.22,0
C05991,2025-11-01,35,2191.24,64.88,1,0,monthly,automatic,84.59,0
C05992,2025-11-01,60,1816.83,37.44,1,1,monthly,automatic,25.08,0
C05993,2025-11-01,48,388.65,69.84,1,0,monthly,manual,61.41,1
C05994,2025-11-01,10,566.79,78.66,2,0,annual,automatic,75.58,0
C05995,2025-11-01,16,1101.31,83.71,0,1,monthly,automatic,123.48,0
C05996,2025-11-01,62,432.16,22.04,1,1,monthly,manual,19.61,0
C05997,2025-11-01,71,2347.29,22.3,1,0,monthly,automatic,37.19,0
C05998,2025-11-01,55,1699.27,9.97,1,0,monthly,automatic,7.91,0
C05999,2025-11-01,8,417.09,51.63,1,0,monthly,automatic,43.51,1
C06000,2025-11-01,45,2011.53,18.07,0,1,annual,manual,22.55,0
C06001,2025-11-01,60,1046.33,35.27,2,0,annual,automatic,56.15,0
C06002,2025-11-01,47,762.2,84.84,0,0,monthly,automatic,70.2,0
C06003,2025-11-01,43,1509.97,95.12,1,0,monthly,manual,128.66,0
C06004,2025-11-01,34,229.76,83.1,1,1,annual,automatic,101.1,0
C06005,2025-11-01,18,1269.41,5.06,1,0,annual,automatic,3.31,0
C06006,2025-11-01,21,2139.75,58.96,1,0,annual,,53.87,0
C06007,2025-11-01,54,2333.53,20.83,2,1,annual,manual,18.87,1
C06008,2025-11-01,6,986.88,40.7,1,0,monthly,manual,22.75,1
C06009,2025-11-01,7,1676.6,45.65,1,0,annual,manual,44.62,0
C06010,2025-11-01,29,720.69,94.58,4,0,monthly,automatic,89.66,1
C06011,2025-11-01,56,1487.49,65.21,0,1,monthly,automatic,68.55,0
C06012,2025-11-01,48,783.26,30.43,0,0,monthly,manual,28.74,1
C06013,2025-11-01,43,1513.12,66.07,1,0,monthly,automatic,45.35,0
C06014,2025-11-01,39,593.96,95.43,2,1,monthly,manual,169.5,0
C06015,2025-11-01,8,2363.83,10.62,0,1,monthly,automatic,10.58,1
C06016,2025-11-01,24,2238.91,82.52,1,0,monthly,automatic,113.46,0
C06017,2025-11-01,6,973.91,25.61,1,0,monthly,manual,27.49,0
C06018,2025-11-01,55,1985.32,19.55,2,0,monthly,automatic,28.3,0
C06019,2025-11-01,55,418.66,90.39,0,0,monthly,automatic,58.61,0
C06020,2025-11-01,19,1901.83,5.18,1,0,monthly,automatic,4.6,0
C06021,2025-11-01,22,848.66,75.4,3,1,monthly,automatic,57.54,1
C06022,2025-11-01,23,510.98,13.29,3,0,monthly,automatic,9.57,0
C06023,2025-11-01,65,1758.84,63.71,2,0,annual,manual,64.58,0
C06024,2025-11-01,36,1279.56,63.99,1,0,monthly,automatic,53.36,1
C06025,2025-11-01,55,1418.32,86.96,1,1,annual,automatic,36.57,0
C06026,2025-11-01,33,1396.22,83.15,1,0,annual,manual,67.69,0
C06027,2025-11-01,51,335.73,70.09,4,0,annual,automatic,55.01,0
C06028,2025-11-01,39,317.17,41.15,1,0,monthly,automatic,50.54,0
C06029,2025-11-01,21,1581.69,20.81,2,2,annual,automatic,8.61,1
C06030,2025-11-01,64,1633.89,65.39,0,0,monthly,manual,48.42,0
C06031,2025-11-01,52,307.5,52.21,1,0,annual,automatic,34.32,0
C06032,2025-11-01,56,1069.41,12.4,1,1,monthly,automatic,14.64,0
C06033,2025-11-01,69,1608.56,95.78,0,0,monthly,automatic,69.83,0
C06034,2025-11-01,18,1709.37,34.87,2,0,monthly,automatic,44.85,0
C06035,2025-11-01,7,2104.03,5.2,0,0,annual,automatic,4.7,1
C06036,2025-11-01,42,1166.68,90.66,0,0,annual,automatic,98.95,0
C06037,2025-11-01,24,1459.99,59.82,2,0,monthly,automatic,78.18,0
C06038,2025-11-01,32,1529.69,74.64,1,0,monthly,automatic,37.26,0
C06039,2025-11-01,17,916.7,19.5,0,0,annual,automatic,16.25,0
C06040,2025-11-01,29,322.8,43.44,0,1,annual,automatic,46.37,0
C06041,2025-11-01,29,208.72,66.28,1,0,monthly,automatic,65.57,0
C06042,2025-11-01,26,2122.09,28.84,1,0,annual,manual,13.44,0
C06043,2025-11-01,54,659.53,71.64,2,0,monthly,manual,83.37,0
C06044,2025-11-01,43,1648.59,27.19,0,0,monthly,automatic,25.47,0
C06045,2025-11-01,35,1526.21,24.87,1,2,monthly,automatic,24.0,1
C06046,2025-11-01,9,1118.16,6.1,0,0,annual,automatic,5.14,0
C06047,2025-11-01,42,2116.03,31.78,1,0,monthly,manual,1.59,0
C06048,2025-11-01,13,1805.32,28.44,1,0,annual,manual,31.59,0
C06049,2025-11-01,23,251.31,77.61,0,0,monthly,automatic,87.37,0
C06050,2025-11-01,30,1985.4,59.12,2,0,monthly,manual,45.67,1
C06051,2025-11-01,11,1365.1,21.89,1,0,monthly,automatic,8.77,0
C06052,2025-11-01,29,997.14,58.97,2,1,annual,manual,43.2,0
C06053,2025-11-01,20,1870.83,26.42,1,0,monthly,manual,33.51,0
C06054,2025-11-01,62,1776.95,45.42,0,0,monthly,automatic,35.3,1
C06055,2025-11-01,62,913.35,89.38,2,0,monthly,manual,82.93,0
C06056,2025-11-01,1,2459.99,73.33,1,1,monthly,automatic,58.9,1
C06057,2025-11-01,44,1691.03,66.85,1,0,monthly,,68.88,0
C06058,2025-11-01,47,1592.29,31.74,0,0,monthly,automatic,14.57,1
C06059,2025-11-01,28,359.72,16.84,1,1,monthly,automatic,14.3,0
C06060,2025-11-01,34,841.43,76.53,1,1,monthly,automatic,99.77,0
C06061,2025-11-01,57,1227.04,58.95,1,0,monthly,automatic,35.31,0
C06062,2025-11-01,28,1649.44,64.16,0,0,monthly,automatic,52.86,0
C06063,2025-11-01,5,1378.36,97.64,0,0,monthly,automatic,125.81,0
C06064,2025-11-01,27,1953.98,38.09,1,0,monthly,automatic,45.0,1
C06065,2025-11-01,19,802.91,81.07,2,0,monthly,manual,87.42,1
C06066,2025-11-01,28,1813.96,58.1,0,0,monthly,automatic,61.36,0
C06067,2025-11-01,17,2077.17,27.35,0,0,annual,automatic,28.73,0
C06068,2025-11-01,11,1958.61,10.02,1,0,annual,automatic,8.41,0
C06069,2025-11-01,71,1971.95,63.52,2,1,monthly,automatic,82.94,0
C06070,2025-11-01,10,2242.57,33.27,1,1,monthly,automatic,25.15,1
C06071,2025-11-01,51,392.61,71.07,1,0,monthly,automatic,40.65,0
C06072,2025-11-01,52,1802.54,71.57,1,0,monthly,automatic,31.18,1
C06073,2025-11-01,45,2426.96,48.27,2,2,monthly,automatic,33.99,1
C06074,2025-11-01,66,1518.4,55.96,0,0,annual,automatic,39.16,0
C06075,2025-11-01,1,698.83,64.52,0,0,monthly,manual,43.29,0
C06076,2025-11-01,22,2496.13,49.52,0,0,annual,manual,25.18,1
C06077,2025-11-01,14,600.76,88.35,1,0,monthly,manual,92.85,0
C06078,2025-11-01,42,970.78,12.21,0,0,monthly,manual,7.19,1
C06079,2025-11-01,46,594.74,98.08,3,1,monthly,automatic,109.06,1
C06080,2025-11-01,65,1267.38,8.18,0,0,monthly,manual,9.59,0
C06081,2025-11-01,28,1162.41,24.77,1,0,monthly,manual,45.1,0
C06082,2025-11-01,17,1328.85,72.29,0,1,annual,manual,55.0,0
C06083,2025-11-01,67,2333.36,13.07,1,0,monthly,automatic,11.29,0
C06084,2025-11-01,49,1299.15,29.91,0,0,annual,automatic,19.7,0
C06085,2025-11-01,56,1382.64,19.63,1,1,annual,manual,10.01,0
C06086,2025-11-01,33,2238.37,73.74,0,0,annual,automatic,56.99,0
C06087,2025-11-01,33,2079.84,60.0,0,0,annual,automatic,38.9,0
C06088,2025-11-01,29,750.36,11.13,0,0,monthly,automatic,5.63,0
C06089,2025-11-01,54,228.73,48.71,1,0,annual,automatic,48.85,0
C06090,2025-11-01,16,1646.85,24.81,0,0,monthly,automatic,13.52,1
C06091,2025-11-01,71,2142.15,96.93,2,1,monthly,manual,108.37,0
C06092,2025-11-01,13,1470.56,15.25,2,0,monthly,manual,18.6,1
C06093,2025-11-01,34,684.71,61.82,1,0,annual,manual,38.16,0
C06094,2025-11-01,23,1904.12,50.78,2,1,annual,manual,71.57,0
C06095,2025-11-01,47,1738.94,59.92,0,0,monthly,automatic,63.54,1
C06096,2025-11-01,50,1498.57,95.87,0,1,monthly,automatic,85.75,0
C06097,2025-11-01,67,2184.67,37.42,1,0,monthly,manual,11.13,0
C06098,2025-11-01,57,2002.76,76.13,1,0,annual,automatic,24.39,0
C06099,2025-11-01,18,1735.29,47.51,1,0,monthly,automatic,69.86,1
C06100,2025-11-01,15,1727.94,67.77,0,0,monthly,manual,93.65,0
C06101,2025-11-01,64,1722.07,39.74,0,1,monthly,manual,58.81,1
C06102,2025-11-01,36,1406.88,26.58,0,0,annual,automatic,41.73,0
C06103,2025-11-01,8,1266.02,12.94,0,0,annual,manual,18.13,0
C06104,2025-11-01,60,1831.08,14.67,0,1,monthly,manual,14.72,0
C06105,2025-11-01,47,1603.14,96.15,1,0,monthly,manual,107.3,0
C06106,2025-11-01,2,1325.96,79.9,0,1,annual,manual,54.37,1
C06107,2025-11-01,57,490.32,28.27,3,0,monthly,automatic,28.37,0
C06108,2025-11-01,44,1813.44,55.27,1,0,monthly,manual,65.27,0
C06109,2025-11-01,45,1684.8,72.85,3,0,annual,manual,86.52,1
C06110,2025-11-01,63,986.17,38.49,2,0,monthly,automatic,33.72,0
C06111,2025-11-01,36,1018.54,46.8,2,0,annual,manual,9.81,1
C06112,2025-11-01,34,766.46,73.25,0,0,monthly,automatic,28.59,1
C06113,2025-11-01,45,2411.41,26.61,1,0,monthly,automatic,28.91,1
C06114,2025-11-01,15,2177.46,55.0,1,1,annual,automatic,40.87,1
C06115,2025-11-01,11,1489.41,24.96,0,0,annual,automatic,28.77,0
C06116,2025-11-01,61,1122.8,5.29,2,0,annual,automatic,2.61,1
C06117,2025-11-01,16,1893.7,70.58,0,1,annual,manual,98.57,0
C06118,2025-11-01,37,1412.77,72.19,0,0,monthly,automatic,42.72,1
C06119,2025-11-01,20,2443.46,99.59,0,1,monthly,manual,143.09,0
C06120,2025-11-01,17,325.78,22.2,3,0,annual,automatic,8.37,0
C06121,2025-11-01,44,277.86,75.26,1,0,annual,manual,85.13,0
C06122,2025-11-01,58,1506.81,95.06,1,0,annual,automatic,56.46,0
C06123,2025-11-01,32,666.54,66.24,1,0,monthly,manual,60.74,0
C06124,2025-11-01,10,1588.9,96.5,0,0,monthly,manual,,0
C06125,2025-11-01,18,1996.27,99.47,1,0,monthly,manual,122.91,0
C06126,2025-11-01,12,516.65,81.15,2,0,monthly,automatic,51.28,1
C06127,2025-11-01,64,1212.4,99.93,1,0,monthly,automatic,70.51,0
C06128,2025-11-01,24,1782.93,64.45,4,0,annual,manual,23.82,1
C06129,2025-11-01,27,2116.89,52.22,0,0,monthly,automatic,15.29,1
C06130,2025-11-01,6,1340.59,92.18,0,0,monthly,automatic,57.9,0
C06131,2025-11-01,33,673.15,83.94,1,1,monthly,automatic,52.11,0
C06132,2025-11-01,66,1546.34,15.46,2,1,monthly,manual,6.07,1
C06133,2025-11-01,30,1244.39,33.76,1,1,monthly,manual,28.63,1
C06134,2025-11-01,47,1974.43,29.76,2,0,annual,manual,27.04,0
C06135,2025-11-01,14,,86.25,0,0,monthly,,78.95,1
C06136,2025-11-01,11,841.67,27.16,1,0,annual,manual,17.39,0
C06137,2025-11-01,53,1934.1,33.88,1,0,annual,manual,24.3,0
C06138,2025-11-01,5,1389.82,54.28,1,1,monthly,manual,43.92,1
C06139,2025-11-01,33,607.36,12.23,0,0,monthly,automatic,14.75,0
C06140,2025-11-01,23,1494.07,96.32,1,0,monthly,manual,65.8,0
C06141,2025-11-01,2,2380.14,51.65,1,1,monthly,manual,17.17,1
C06142,2025-11-01,39,1821.69,23.09,0,0,monthly,manual,18.65,1
C06143,2025-11-01,70,886.25,30.73,0,0,annual,automatic,23.58,0
C06144,2025-11-01,5,1834.01,80.82,1,1,monthly,manual,28.67,1
C06145,2025-11-01,59,848.99,65.23,1,0,monthly,manual,50.9,0
C06146,2025-11-01,39,1447.18,49.14,0,1,monthly,automatic,29.99,0
C06147,2025-11-01,53,1410.17,36.5,2,0,annual,manual,32.58,1
C06148,2025-11-01,7,768.0,90.57,1,0,monthly,manual,96.63,1
C06149,2025-11-01,63,999.13,78.39,2,0,annual,manual,57.4,0
C06150,2025-11-01,1,2366.02,73.22,1,0,monthly,automatic,80.46,1
C06151,2025-11-01,66,775.38,47.37,0,0,monthly,automatic,38.51,0
C06152,2025-11-01,48,2041.36,98.21,0,0,monthly,automatic,81.26,0
C06153,2025-11-01,25,1733.95,72.46,0,0,monthly,automatic,58.82,0
C06154,2025-11-01,1,1424.05,45.24,0,0,monthly,automatic,38.55,1
C06155,2025-11-01,44,515.28,96.25,0,0,monthly,manual,42.18,1
C06156,2025-11-01,7,669.51,90.09,0,0,monthly,automatic,25.21,0
C06157,2025-11-01,44,610.65,75.3,0,0,monthly,automatic,98.74,0
C06158,2025-11-01,56,1548.63,77.86,0,0,monthly,automatic,77.4,0
C06159,2025-11-01,20,2437.78,45.24,0,0,monthly,manual,33.03,1
C06160,2025-11-01,18,2216.65,53.2,2,1,annual,manual,68.74,0
C06161,2025-11-01,16,257.08,23.2,1,0,monthly,automatic,44.6,0
C06162,2025-11-01,17,828.57,61.56,0,1,monthly,automatic,24.31,1
C06163,2025-11-01,9,560.69,40.14,1,0,annual,automatic,36.38,0
C06164,2025-11-01,18,2443.06,38.01,1,0,monthly,manual,43.84,0
C06165,2025-11-01,48,740.9,95.08,1,0,monthly,manual,33.22,0
C06166,2025-11-01,22,662.02,20.65,0,0,monthly,manual,7.96,1
C06167,2025-11-01,57,1627.01,83.85,4,1,annual,manual,105.1,0
C06168,2025-11-01,59,1478.23,31.74,0,1,annual,manual,28.6,0
C06169,2025-11-01,55,718.46,7.72,1,0,monthly,automatic,5.23,0
C06170,2025-11-01,39,1740.84,8.84,1,0,monthly,automatic,3.06,1
C06171,2025-11-01,23,422.12,45.77,0,0,monthly,automatic,47.34,0
C06172,2025-11-01,67,243.55,48.17,0,0,monthly,automatic,20.69,0
C06173,2025-11-01,15,388.55,35.42,1,0,annual,automatic,19.95,1
C06174,2025-11-01,34,1038.2,68.53,0,0,monthly,automatic,40.12,0
C06175,2025-11-01,33,2441.54,51.11,0,0,monthly,automatic,40.96,1
C06176,2025-11-01,54,1457.67,12.04,1,0,monthly,automatic,6.44,0
C06177,2025-11-01,40,1934.87,38.07,2,0,annual,manual,22.37,1
C06178,2025-11-01,58,938.44,14.69,1,0,monthly,automatic,18.37,0
C06179,2025-11-01,67,1853.48,10.98,0,0,monthly,automatic,10.75,0
C06180,2025-11-01,29,2421.22,24.79,0,0,monthly,automatic,22.94,1
C06181,2025-11-01,63,1021.85,71.55,2,0,monthly,automatic,76.75,0
C06182,2025-11-01,13,2496.84,71.12,1,0,monthly,manual,39.07,1
C06183,2025-11-01,66,1667.34,86.83,1,0,annual,automatic,90.93,1
C06184,2025-11-01,13,1920.76,76.86,3,0,monthly,manual,82.19,1
C06185,2025-11-01,62,778.98,55.87,2,0,monthly,manual,31.38,1
C06186,2025-11-01,29,1678.11,34.7,3,0,monthly,manual,39.17,1
C06187,2025-11-01,70,1374.31,5.55,0,0,monthly,automatic,5.56,1
C06188,2025-11-01,10,2398.73,66.48,2,0,annual,automatic,67.27,1
C06189,2025-11-01,34,2279.75,32.52,0,0,monthly,automatic,48.88,0
C06190,2025-11-01,65,1111.35,28.76,0,0,monthly,manual,27.69,0
C06191,2025-11-01,4,2376.8,97.61,1,0,monthly,manual,58.25,1
C06192,2025-11-01,20,2234.07,21.55,1,0,monthly,manual,20.81,1
C06193,2025-11-01,7,1556.88,8.08,1,0,monthly,automatic,7.47,0
C06194,2025-11-01,24,387.87,95.19,1,0,annual,automatic,50.64,0
C06195,2025-11-01,29,568.82,34.07,0,2,annual,automatic,7.21,0
C06196,2025-11-01,45,375.81,42.37,2,0,monthly,manual,38.01,0
C06197,2025-11-01,19,447.38,12.69,1,0,monthly,automatic,15.86,0
C06198,2025-11-01,12,2445.99,43.39,0,0,monthly,automatic,54.38,0
C06199,2025-11-01,13,686.98,97.36,1,1,annual,automatic,99.2,0
C06200,2025-11-01,68,1787.97,70.93,3,0,monthly,automatic,104.23,0
C06201,2025-11-01,69,1663.01,50.01,1,0,annual,automatic,49.06,0
C06202,2025-11-01,16,1650.63,34.21,0,0,annual,automatic,29.11,0
C06203,2025-11-01,15,674.42,39.77,5,0,monthly,automatic,39.43,0
C06204,2025-11-01,4,1531.5,63.07,1,1,monthly,automatic,41.84,1
C06205,2025-11-01,70,1637.74,29.17,2,0,monthly,automatic,13.9,0
C06206,2025-11-01,51,1510.93,19.44,1,1,annual,automatic,11.23,0
C06207,2025-11-01,55,,71.14,1,1,monthly,manual,53.51,1
C06208,2025-11-01,21,1862.04,87.6,0,0,annual,manual,107.15,0
C06209,2025-11-01,47,367.46,90.65,2,1,annual,manual,37.49,1
C06210,2025-11-01,5,1558.76,84.93,1,0,annual,automatic,49.18,1
C06211,2025-11-01,49,1202.4,55.41,2,0,monthly,manual,66.59,0
C06212,2025-11-01,42,774.66,79.94,1,0,monthly,automatic,63.56,0
C06213,2025-11-01,24,2055.99,93.0,0,0,annual,automatic,79.07,0
C06214,2025-11-01,52,603.55,7.22,1,0,monthly,manual,5.7,0
C06215,2025-11-01,47,2344.86,44.15,1,0,annual,automatic,70.48,0
C06216,2025-11-01,32,2233.5,24.39,2,0,monthly,automatic,27.22,0
C06217,2025-11-01,14,1028.35,99.69,0,0,monthly,automatic,100.51,0
C06218,2025-11-01,2,900.85,93.31,2,0,monthly,manual,92.29,0
C06219,2025-11-01,68,515.22,81.21,1,0,monthly,manual,86.35,0
C06220,2025-11-01,21,2306.55,33.11,0,0,monthly,automatic,51.88,0
C06221,2025-11-01,22,1642.32,95.45,2,0,annual,automatic,75.32,0
C06222,2025-11-01,50,272.1,7.78,2,0,monthly,automatic,7.62,0
C06223,2025-11-01,19,1374.3,22.86,0,1,monthly,automatic,21.26,0
C06224,2025-11-01,28,396.34,63.6,0,2,annual,automatic,78.62,1
C06225,2025-11-01,52,1518.63,80.34,2,0,annual,automatic,121.85,0
C06226,2025-11-01,43,1369.61,88.94,1,0,annual,manual,63.51,0
C06227,2025-11-01,48,389.55,33.55,0,0,monthly,manual,36.19,0
C06228,2025-11-01,1,2075.48,42.13,0,0,monthly,automatic,41.36,0
C06229,2025-11-01,33,802.33,48.21,1,0,monthly,automatic,20.85,1
C06230,2025-11-01,35,1444.41,7.56,0,2,annual,manual,9.52,1
C06231,2025-11-01,46,1668.79,87.08,0,0,annual,automatic,127.76,0
C06232,2025-11-01,11,2412.3,37.11,1,0,monthly,automatic,44.79,0
C06233,2025-11-01,12,1334.77,23.93,0,0,monthly,automatic,16.72,0
C06234,2025-11-01,55,2308.83,43.87,2,1,annual,automatic,19.53,1
C06235,2025-11-01,49,1015.17,72.5,3,1,monthly,automatic,82.97,0
C06236,2025-11-01,59,2171.11,87.74,2,0,monthly,automatic,47.57,1
C06237,2025-11-01,20,741.4,25.46,1,0,monthly,manual,14.69,0
C06238,2025-11-01,72,1826.2,21.4,2,1,monthly,automatic,21.26,1
C06239,2025-11-01,20,402.81,94.66,0,0,monthly,manual,111.47,0
C06240,2025-11-01,47,2466.92,57.33,1,0,monthly,automatic,46.0,0
C06241,2025-11-01,12,2393.05,39.75,2,0,annual,automatic,33.69,0
C06242,2025-11-01,67,1216.09,23.94,3,1,monthly,automatic,21.09,1
C06243,2025-11-01,24,1404.05,99.55,0,0,monthly,manual,59.67,0
C06244,2025-11-01,58,1573.88,73.32,0,0,monthly,automatic,57.7,0
C06245,2025-11-01,24,831.59,25.7,1,0,annual,automatic,9.09,0
C06246,2025-11-01,57,1750.28,13.67,0,0,monthly,automatic,16.1,0
C06247,2025-11-01,33,1805.69,23.93,2,0,monthly,manual,45.37,0
C06248,2025-11-01,5,1406.68,28.54,1,0,annual,manual,26.86,1
C06249,2025-11-01,14,538.8,15.55,1,0,monthly,manual,20.79,0
C06250,2025-11-01,50,2313.13,26.82,2,0,monthly,automatic,22.22,1
C06251,2025-11-01,14,463.6,16.09,1,0,monthly,automatic,7.22,0
C06252,2025-11-01,20,1646.1,40.88,0,0,monthly,automatic,69.82,1
C06253,2025-11-01,40,436.1,51.19,3,0,monthly,automatic,31.94,0
C06254,2025-11-01,19,535.03,48.25,3,0,monthly,manual,60.38,1
C06255,2025-11-01,10,246.24,83.77,2,2,annual,manual,83.4,1
C06256,2025-11-01,45,1034.74,29.13,2,0,monthly,automatic,38.9,0
C06257,2025-11-01,50,1670.04,89.27,1,0,monthly,manual,80.03,0
C06258,2025-11-01,53,1398.55,91.27,3,0,monthly,automatic,46.79,0
C06259,2025-11-01,68,1750.44,96.18,1,0,annual,automatic,66.11,0
C06260,2025-11-01,9,1751.54,22.19,1,0,annual,automatic,38.68,0
C06261,2025-11-01,31,521.4,28.35,1,1,annual,automatic,29.25,0
C06262,2025-11-01,17,330.88,64.26,0,0,monthly,automatic,108.09,0
C06263,2025-11-01,65,1637.32,18.38,1,0,monthly,automatic,,0
C06264,2025-11-01,39,1701.42,13.13,3,0,annual,manual,15.36,0
C06265,2025-11-01,8,1479.42,12.0,0,0,monthly,manual,5.65,1
C06266,2025-11-01,50,764.25,62.58,2,0,annual,automatic,58.23,1
C06267,2025-11-01,4,2063.76,81.44,0,0,monthly,manual,138.29,1
C06268,2025-11-01,20,373.08,29.59,0,0,monthly,automatic,19.11,0
C06269,2025-11-01,52,1653.32,93.69,2,0,annual,automatic,63.56,0
C06270,2025-11-01,37,475.95,80.23,0,0,annual,automatic,97.05,0
C06271,2025-11-01,55,1704.23,12.36,0,1,monthly,automatic,11.87,1
C06272,2025-11-01,42,1159.77,43.69,1,0,monthly,automatic,69.19,0
C06273,2025-11-01,61,1850.64,11.46,0,1,monthly,manual,9.58,0
C06274,2025-11-01,41,319.04,91.94,3,0,monthly,manual,86.8,1
C06275,2025-11-01,5,1475.69,75.57,2,0,monthly,automatic,77.9,0
C06276,2025-11-01,6,532.22,70.22,0,0,annual,automatic,38.16,0
C06277,2025-11-01,56,1768.48,69.86,0,1,monthly,manual,32.52,0
C06278,2025-11-01,3,474.9,32.09,0,0,monthly,manual,13.91,1
C06279,2025-11-01,28,368.24,93.69,3,0,monthly,automatic,4.68,0
C06280,2025-11-01,2,1839.18,92.66,0,0,annual,automatic,82.49,1
C06281,2025-11-01,22,345.12,75.25,1,1,monthly,manual,34.97,1
C06282,2025-11-01,43,715.42,49.55,1,0,monthly,automatic,36.24,0
C06283,2025-11-01,13,2095.89,9.48,0,1,monthly,manual,12.11,0
C06284,2025-11-01,34,2061.28,7.69,2,1,monthly,automatic,4.53,1
C06285,2025-11-01,72,2163.49,18.12,0,0,monthly,manual,21.05,0
C06286,2025-11-01,6,949.03,61.6,1,1,monthly,manual,22.6,1
C06287,2025-11-01,5,1413.51,80.82,2,0,monthly,automatic,54.98,1
C06288,2025-11-01,20,1977.7,95.1,1,0,annual,automatic,145.44,0
C06289,2025-11-01,60,514.07,21.66,0,0,monthly,automatic,16.68,0
C06290,2025-11-01,30,1865.1,31.18,1,1,monthly,automatic,42.74,0
C06291,2025-11-01,47,423.22,10.14,0,0,monthly,automatic,17.69,0
C06292,2025-11-01,3,2299.48,98.96,4,0,annual,automatic,76.54,1
C06293,2025-11-01,53,1664.81,79.19,1,0,monthly,automatic,54.4,1
C06294,2025-11-01,5,1333.6,50.67,3,0,monthly,manual,8.31,1
C06295,2025-11-01,52,1313.88,59.68,0,0,annual,,61.0,0
C06296,2025-11-01,11,616.13,58.41,1,0,monthly,automatic,61.49,1
C06297,2025-11-01,62,994.61,29.16,1,0,annual,manual,34.69,0
C06298,2025-11-01,22,1871.38,22.61,2,0,monthly,manual,31.81,0
C06299,2025-11-01,14,1443.17,33.21,1,0,monthly,automatic,18.63,0
C06300,2025-11-01,25,1416.4,28.48,1,1,monthly,automatic,44.85,0
C06301,2025-11-01,1,648.07,57.97,2,0,monthly,automatic,47.62,0
C06302,2025-11-01,12,1786.83,34.28,2,0,monthly,manual,35.9,1
C06303,2025-11-01,44,1100.68,74.25,1,1,monthly,automatic,66.56,0
C06304,2025-11-01,22,619.33,58.95,3,0,monthly,automatic,38.32,1
C06305,2025-11-01,26,2369.7,55.57,0,0,annual,manual,27.81,1
C06306,2025-11-01,59,1364.64,95.37,2,0,annual,automatic,94.76,0
C06307,2025-11-01,9,1413.48,35.63,2,0,monthly,manual,20.76,0
C06308,2025-11-01,29,2456.16,65.35,0,0,monthly,manual,55.08,0
C06309,2025-11-01,14,1041.73,5.0,0,1,annual,automatic,3.88,1
C06310,2025-11-01,35,2367.95,75.01,0,0,monthly,manual,59.5,0
C06311,2025-11-01,24,1797.33,52.74,1,0,monthly,automatic,15.31,1
C06312,2025-11-01,4,1655.12,24.8,1,0,annual,manual,1.24,1
C06313,2025-11-01,6,738.16,5.14,1,1,monthly,automatic,6.24,0
C06314,2025-11-01,62,318.04,72.16,0,0,monthly,automatic,94.81,0
C06315,2025-11-01,5,1205.9,67.96,1,0,annual,automatic,3.4,0
C06316,2025-11-01,57,222.39,68.21,1,0,monthly,automatic,72.74,0
C06317,2025-11-01,66,362.31,46.56,1,0,annual,automatic,46.38,0
C06318,2025-11-01,34,1568.25,65.73,0,0,annual,automatic,30.01,1
C06319,2025-11-01,23,1865.29,59.28,1,1,monthly,automatic,73.17,1
C06320,2025-11-01,56,585.28,27.7,1,0,annual,automatic,36.52,0
C06321,2025-11-01,71,1883.75,54.28,1,0,monthly,automatic,70.06,0
C06322,2025-11-01,9,2383.37,53.89,2,1,annual,manual,82.49,1
C06323,2025-11-01,70,1908.3,83.24,0,2,monthly,manual,105.72,0
C06324,2025-11-01,68,,46.18,3,1,monthly,manual,29.05,1
C06325,2025-11-01,11,1810.64,46.43,1,0,annual,manual,43.0,0
C06326,2025-11-01,4,715.9,98.52,5,1,annual,automatic,103.93,1
C06327,2025-11-01,52,1029.05,89.97,1,0,annual,automatic,130.6,0
C06328,2025-11-01,6,2382.31,28.02,0,1,annual,manual,23.32,0
C06329,2025-11-01,44,1719.78,91.48,1,0,annual,automatic,63.92,0
C06330,2025-11-01,5,2013.76,18.11,1,0,monthly,manual,6.18,1
C06331,2025-11-01,50,2427.0,86.07,0,0,annual,automatic,105.49,0
C06332,2025-11-01,17,731.3,22.42,0,0,monthly,automatic,22.27,1
C06333,2025-11-01,7,938.88,45.43,0,1,monthly,automatic,28.02,0
C06334,2025-11-01,5,1682.04,98.47,2,1,monthly,manual,117.15,1
C06335,2025-11-01,14,255.02,14.22,2,0,annual,manual,11.39,0
C06336,2025-11-01,39,1512.8,84.78,1,1,monthly,automatic,38.69,0
C06337,2025-11-01,6,2058.98,52.0,0,0,monthly,manual,72.06,0
C06338,2025-11-01,58,1603.02,15.54,1,0,monthly,manual,3.08,1
C06339,2025-11-01,44,878.4,95.49,1,0,monthly,manual,92.66,1
C06340,2025-11-01,22,1864.44,57.18,1,0,monthly,manual,50.39,1
C06341,2025-11-01,72,534.87,88.66,2,0,monthly,automatic,30.71,0
C06342,2025-11-01,48,2256.98,87.57,0,0,annual,automatic,90.54,0
C06343,2025-11-01,49,431.1,6.39,1,1,annual,manual,4.33,1
C06344,2025-11-01,13,2185.03,30.16,0,0,monthly,automatic,45.52,0
C06345,2025-11-01,52,1343.96,37.01,2,0,monthly,automatic,47.05,0
C06346,2025-11-01,41,1184.89,55.81,1,0,annual,manual,55.67,0
C06347,2025-11-01,71,1350.52,11.83,1,0,monthly,automatic,0.59,1
C06348,2025-11-01,35,659.47,41.95,1,1,monthly,manual,30.44,1
C06349,2025-11-01,49,1251.68,82.39,1,0,monthly,automatic,57.55,0
C06350,2025-11-01,25,2153.36,21.45,1,1,monthly,manual,28.82,0
C06351,2025-11-01,3,2041.2,71.62,1,0,monthly,manual,70.35,0
C06352,2025-11-01,10,574.01,48.73,2,0,monthly,automatic,50.24,0
C06353,2025-11-01,63,1747.87,11.72,0,0,annual,manual,14.96,0
C06354,2025-11-01,54,2169.73,21.85,2,0,monthly,automatic,32.57,0
C06355,2025-11-01,27,2084.47,18.4,1,0,monthly,manual,26.32,0
C06356,2025-11-01,51,1177.95,63.87,0,0,monthly,automatic,70.97,0
C06357,2025-11-01,1,309.61,13.3,0,0,annual,automatic,10.97,0
C06358,2025-11-01,3,2340.69,83.19,1,1,monthly,manual,89.2,1
C06359,2025-11-01,37,1109.54,81.63,2,1,monthly,manual,74.16,0
C06360,2025-11-01,45,1029.25,12.61,0,0,annual,manual,15.07,0
C06361,2025-11-01,68,1945.88,89.38,1,0,monthly,manual,64.47,0
C06362,2025-11-01,55,806.14,96.12,0,1,monthly,automatic,118.82,0
C06363,2025-11-01,19,2118.92,9.13,0,0,monthly,manual,8.55,0
C06364,2025-11-01,59,373.92,95.28,1,0,monthly,manual,100.53,0
C06365,2025-11-01,36,1902.64,31.55,0,0,monthly,manual,15.82,0
C06366,2025-11-01,60,2420.32,68.15,2,1,annual,manual,56.17,0
C06367,2025-11-01,13,2489.27,21.61,0,0,monthly,manual,23.26,0
C06368,2025-11-01,2,2323.75,82.66,0,1,monthly,manual,70.77,1
C06369,2025-11-01,5,,84.98,0,0,annual,manual,8.38,0
C06370,2025-11-01,72,840.42,97.94,0,0,monthly,automatic,47.8,0
C06371,2025-11-01,6,2422.29,99.29,0,1,annual,manual,103.23,0
C06372,2025-11-01,68,2333.16,12.21,2,0,monthly,automatic,17.66,0
C06373,2025-11-01,53,1428.06,67.51,0,1,monthly,automatic,56.61,0
C06374,2025-11-01,11,1123.78,30.94,3,0,monthly,automatic,23.17,0
C06375,2025-11-01,63,450.31,16.93,2,0,annual,automatic,21.81,0
C06376,2025-11-01,11,1557.46,19.14,2,0,annual,manual,17.68,0
C06377,2025-11-01,11,1810.26,93.96,1,0,monthly,automatic,110.88,1
C06378,2025-11-01,42,1128.19,69.95,1,0,annual,automatic,57.11,0
C06379,2025-11-01,21,1132.87,9.79,1,0,monthly,automatic,7.61,1
C06380,2025-11-01,21,1517.62,98.5,1,0,annual,manual,118.96,1
C06381,2025-11-01,15,262.9,81.74,0,0,monthly,automatic,94.44,0
C06382,2025-11-01,44,2402.09,34.37,0,0,monthly,automatic,27.76,0
C06383,2025-11-01,2,865.78,49.73,1,0,monthly,automatic,26.18,0
C06384,2025-11-01,18,523.05,74.02,1,0,monthly,manual,24.85,1
C06385,2025-11-01,40,211.62,69.22,3,1,monthly,automatic,26.43,1
C06386,2025-11-01,36,2169.85,48.99,1,0,monthly,manual,34.21,0
C06387,2025-11-01,51,2184.38,53.68,1,0,monthly,automatic,55.33,0
C06388,2025-11-01,16,418.21,9.1,1,0,monthly,automatic,3.07,1
C06389,2025-11-01,47,549.15,52.56,3,0,monthly,manual,18.91,1
C06390,2025-11-01,55,1229.18,37.32,5,0,monthly,manual,39.27,0
C06391,2025-11-01,28,,32.08,0,0,monthly,automatic,47.13,0
C06392,2025-11-01,19,1891.39,30.61,0,1,monthly,automatic,39.83,1
C06393,2025-11-01,40,332.49,66.65,5,1,monthly,automatic,18.36,1
C06394,2025-11-01,42,1463.33,45.78,1,1,annual,,48.39,0
C06395,2025-11-01,7,1079.42,45.45,0,0,annual,automatic,57.02,1
C06396,2025-11-01,41,1268.38,20.12,2,0,monthly,automatic,15.02,1
C06397,2025-11-01,12,1175.94,96.38,2,0,monthly,automatic,80.68,0
C06398,2025-11-01,41,551.27,26.27,1,0,monthly,automatic,27.23,0
C06399,2025-11-01,68,705.65,43.58,1,0,monthly,manual,47.53,0
C06400,2025-11-01,39,348.06,23.07,1,0,monthly,automatic,24.27,0
C06401,2025-11-01,55,464.16,71.8,2,0,monthly,automatic,84.26,0
C06402,2025-11-01,23,2448.16,46.43,3,0,annual,automatic,46.22,0
C06403,2025-11-01,67,842.51,44.3,0,0,annual,manual,31.05,0
C06404,2025-11-01,59,905.16,88.13,2,0,monthly,automatic,67.31,0
C06405,2025-11-01,67,491.34,77.15,2,1,annual,automatic,49.94,0
C06406,2025-11-01,54,1935.88,54.39,2,0,annual,manual,41.26,0
C06407,2025-11-01,47,2324.53,49.52,0,0,monthly,automatic,55.29,0
C06408,2025-11-01,38,2015.43,96.19,0,1,annual,automatic,62.48,0
C06409,2025-11-01,67,1608.02,95.86,1,0,monthly,manual,124.09,0
C06410,2025-11-01,62,2069.44,71.95,0,1,annual,automatic,41.31,0
C06411,2025-11-01,31,1128.73,77.21,0,1,monthly,automatic,76.53,1
C06412,2025-11-01,7,2175.84,90.41,2,2,monthly,automatic,109.63,1
C06413,2025-11-01,1,2035.59,96.61,3,0,monthly,manual,104.06,1
C06414,2025-11-01,17,202.97,12.82,0,0,monthly,manual,3.5,1
C06415,2025-11-01,5,1320.93,99.75,1,0,monthly,manual,96.42,1
C06416,2025-11-01,16,807.62,71.79,2,1,annual,automatic,47.51,0
C06417,2025-11-01,8,397.34,61.31,0,0,annual,automatic,28.03,0
C06418,2025-11-01,71,2145.25,44.25,3,0,monthly,manual,44.16,1
C06419,2025-11-01,7,217.28,36.96,1,2,monthly,manual,17.85,1
C06420,2025-11-01,46,1878.38,81.4,2,0,monthly,automatic,81.86,1
C06421,2025-11-01,26,2471.84,67.17,0,0,monthly,manual,96.03,0
C06422,2025-11-01,13,1307.65,24.07,1,0,monthly,manual,24.69,0
C06423,2025-11-01,51,1052.85,62.94,0,0,monthly,automatic,52.78,0
C06424,2025-11-01,70,1592.42,18.41,2,0,monthly,manual,15.9,1
C06425,2025-11-01,57,2049.81,52.2,0,0,monthly,manual,64.72,0
C06426,2025-11-01,71,751.58,60.43,0,0,monthly,automatic,49.13,0
C06427,2025-11-01,43,775.61,65.39,0,0,annual,manual,49.51,0
C06428,2025-11-01,49,1595.51,18.8,1,0,annual,automatic,11.17,0
C06429,2025-11-01,11,2360.72,14.08,5,0,annual,automatic,8.55,1
C06430,2025-11-01,62,885.41,29.58,2,0,monthly,manual,36.46,0
C06431,2025-11-01,54,1065.54,62.67,1,2,monthly,manual,47.0,1
C06432,2025-11-01,19,2483.67,93.51,3,1,monthly,automatic,104.2,1
C06433,2025-11-01,26,604.31,79.02,0,0,annual,manual,90.29,0
C06434,2025-11-01,44,376.03,75.84,0,1,monthly,manual,44.4,0
C06435,2025-11-01,1,1555.44,36.37,0,0,annual,manual,23.34,1
C06436,2025-11-01,59,254.81,15.61,2,0,monthly,automatic,17.52,0
C06437,2025-11-01,21,614.0,89.73,1,1,annual,manual,86.96,1
C06438,2025-11-01,6,1630.08,52.58,0,0,annual,manual,45.08,0
C06439,2025-11-01,24,1715.88,14.55,1,0,monthly,manual,15.74,0
C06440,2025-11-01,61,1372.98,55.82,0,1,monthly,automatic,71.13,0
C06441,2025-11-01,20,1081.62,69.16,1,0,monthly,automatic,62.68,1
C06442,2025-11-01,39,1524.25,35.39,0,0,monthly,automatic,25.51,0
C06443,2025-11-01,59,1678.79,5.88,1,0,monthly,automatic,5.65,0
C06444,2025-11-01,3,2047.01,64.05,1,0,monthly,manual,40.89,1
C06445,2025-11-01,55,2022.33,8.81,2,0,monthly,automatic,8.55,0
C06446,2025-11-01,21,1728.04,46.12,0,0,annual,automatic,42.46,0
C06447,2025-11-01,51,2255.73,83.35,3,0,monthly,automatic,52.88,1
C06448,2025-11-01,14,2126.46,99.89,0,0,annual,manual,77.75,0
C06449,2025-11-01,11,505.47,40.18,1,0,monthly,automatic,32.41,0
C06450,2025-11-01,57,2399.36,6.91,1,0,annual,manual,8.13,0
C06451,2025-11-01,59,2250.01,51.83,3,0,monthly,automatic,31.81,0
C06452,2025-11-01,71,937.13,31.25,1,0,monthly,automatic,19.9,1
C06453,2025-11-01,49,245.42,89.81,1,0,annual,automatic,70.88,0
C06454,2025-11-01,34,1588.14,72.59,1,1,monthly,automatic,81.11,0
C06455,2025-11-01,15,1207.36,43.41,0,0,annual,manual,50.99,1
C06456,2025-11-01,22,1923.0,77.39,0,0,monthly,manual,78.29,0
C06457,2025-11-01,47,1405.58,37.41,1,2,monthly,automatic,43.78,0
C06458,2025-11-01,25,374.93,54.57,4,0,monthly,manual,72.4,0
C06459,2025-11-01,35,761.78,92.66,1,0,monthly,manual,90.36,1
C06460,2025-11-01,13,2228.8,24.01,2,0,monthly,manual,15.35,0
C06461,2025-11-01,32,285.69,34.74,0,0,monthly,manual,31.02,0
C06462,2025-11-01,18,1893.34,89.13,2,0,annual,automatic,39.52,0
C06463,2025-11-01,9,870.47,48.88,1,0,monthly,automatic,51.72,0
C06464,2025-11-01,10,1240.07,35.2,2,0,monthly,automatic,26.33,1
C06465,2025-11-01,38,1420.31,8.54,2,0,monthly,automatic,8.19,1
C06466,2025-11-01,27,774.19,44.8,0,0,monthly,automatic,39.88,0
C06467,2025-11-01,8,1698.51,52.56,4,0,monthly,automatic,41.31,1
C06468,2025-11-01,38,1793.92,43.6,1,1,monthly,automatic,43.55,1
C06469,2025-11-01,12,394.64,31.36,0,1,annual,automatic,27.48,1
C06470,2025-11-01,2,1059.03,40.07,3,0,monthly,manual,28.02,1
C06471,2025-11-01,10,1911.07,66.03,1,0,monthly,automatic,35.37,1
C06472,2025-11-01,33,1858.77,89.67,1,0,annual,automatic,93.67,0
C06473,2025-11-01,69,1451.59,66.72,4,1,annual,automatic,33.21,0
C06474,2025-11-01,18,1987.65,66.39,1,1,monthly,automatic,102.78,0
C06475,2025-11-01,21,446.58,82.6,1,0,annual,automatic,113.2,0
C06476,2025-11-01,18,470.89,20.69,2,0,monthly,automatic,7.52,0
C06477,2025-11-01,26,1711.23,33.6,1,0,annual,automatic,38.29,1
C06478,2025-11-01,52,1793.67,9.81,3,1,monthly,automatic,12.93,0
C06479,2025-11-01,24,2072.41,38.22,1,0,monthly,manual,27.32,0
C06480,2025-11-01,48,615.38,99.89,0,0,monthly,automatic,104.17,0
C06481,2025-11-01,65,1387.57,36.28,0,0,monthly,manual,31.79,0
C06482,2025-11-01,69,1718.91,86.68,1,0,monthly,automatic,100.43,1
C06483,2025-11-01,41,713.51,13.15,1,1,monthly,automatic,10.04,0
C06484,2025-11-01,52,1387.93,48.67,0,0,annual,automatic,62.05,0
C06485,2025-11-01,67,1667.42,38.39,1,0,monthly,manual,33.39,0
C06486,2025-11-01,57,692.23,24.15,0,0,monthly,automatic,19.54,0
C06487,2025-11-01,22,1062.8,40.39,0,0,monthly,automatic,46.33,0
C06488,2025-11-01,10,696.58,66.87,0,0,annual,automatic,82.6,0
C06489,2025-11-01,9,2275.77,51.58,2,0,monthly,manual,5.28,1
C06490,2025-11-01,64,743.64,85.21,0,0,monthly,automatic,4.26,0
C06491,2025-11-01,41,476.92,90.97,0,0,monthly,automatic,94.57,0
C06492,2025-11-01,22,279.86,50.78,1,0,monthly,automatic,34.95,1
C06493,2025-11-01,25,302.39,98.26,0,1,monthly,manual,44.97,1
C06494,2025-11-01,21,639.65,11.84,0,0,monthly,automatic,9.34,0
C06495,2025-11-01,58,1597.88,31.25,2,0,monthly,automatic,60.59,0
C06496,2025-11-01,45,239.59,44.59,0,1,monthly,automatic,20.26,1
C06497,2025-11-01,64,858.51,60.36,1,0,annual,automatic,74.24,0
C06498,2025-11-01,22,332.78,56.86,2,0,monthly,automatic,37.16,0
C06499,2025-11-01,35,1127.42,58.96,1,1,monthly,manual,24.28,1
C06500,2025-11-01,9,310.73,90.14,1,0,monthly,automatic,63.62,1
C06501,2025-11-01,70,1596.35,31.37,1,0,monthly,automatic,13.25,0
C06502,2025-11-01,37,1782.38,82.6,1,0,monthly,automatic,30.66,0
C06503,2025-11-01,40,1881.08,58.01,0,0,monthly,automatic,38.65,0
C06504,2025-11-01,30,714.99,51.6,0,0,monthly,manual,27.78,0
C06505,2025-11-01,20,2196.55,33.44,1,0,annual,manual,29.06,0
C06506,2025-11-01,69,1786.66,33.89,3,0,monthly,manual,33.18,1
C06507,2025-11-01,36,329.3,41.91,1,0,monthly,manual,26.98,0
C06508,2025-11-01,49,1212.76,77.53,2,0,monthly,automatic,88.41,0
C06509,2025-11-01,3,1964.84,50.29,1,1,monthly,manual,34.58,1
C06510,2025-11-01,20,914.06,19.61,3,1,monthly,manual,16.99,1
C06511,2025-11-01,58,1076.59,77.19,0,1,annual,automatic,12.41,0
C06512,2025-11-01,7,1647.09,68.02,1,0,monthly,manual,64.53,0
C06513,2025-11-01,8,326.61,95.18,1,0,monthly,automatic,162.59,0
C06514,2025-11-01,59,2422.95,55.29,0,0,monthly,automatic,66.25,0
C06515,2025-11-01,23,600.31,67.17,3,0,annual,automatic,57.74,0
C06516,2025-11-01,20,,50.54,2,0,monthly,automatic,26.01,0
C06517,2025-11-01,41,211.24,69.67,3,0,annual,manual,103.89,0
C06518,2025-11-01,15,1117.98,46.43,1,0,monthly,automatic,40.1,0
C06519,2025-11-01,4,2232.78,18.1,2,0,monthly,automatic,12.39,0
C06520,2025-11-01,1,2084.45,98.73,0,0,monthly,manual,68.43,1
C06521,2025-11-01,6,2296.71,73.43,0,0,monthly,automatic,120.83,0
C06522,2025-11-01,12,1426.7,62.82,1,0,annual,automatic,55.2,0
C06523,2025-11-01,51,1231.12,50.73,1,1,monthly,manual,54.67,0
C06524,2025-11-01,22,1086.48,72.59,0,1,monthly,manual,61.62,0
C06525,2025-11-01,6,305.76,17.04,2,1,annual,automatic,15.29,0
C06526,2025-11-01,2,2290.9,35.98,0,1,annual,manual,27.75,1
C06527,2025-11-01,35,1340.21,16.85,0,0,monthly,manual,23.89,0
C06528,2025-11-01,61,1245.66,16.97,0,0,monthly,automatic,15.87,0
C06529,2025-11-01,25,1383.89,7.03,0,0,monthly,manual,3.0,1
C06530,2025-11-01,5,2025.56,76.81,0,1,annual,manual,81.26,0
C06531,2025-11-01,17,715.28,26.59,1,0,monthly,manual,23.39,0
C06532,2025-11-01,36,1831.77,84.04,2,0,monthly,automatic,88.53,0
C06533,2025-11-01,14,1833.77,90.92,2,1,monthly,manual,73.09,1
C06534,2025-11-01,71,2152.97,21.01,2,0,annual,automatic,15.35,0
C06535,2025-11-01,55,218.97,72.34,1,0,monthly,manual,89.19,0
C06536,2025-11-01,25,590.91,48.73,1,0,monthly,automatic,76.54,0
C06537,2025-11-01,69,1282.41,92.3,3,0,annual,manual,24.86,0
C06538,2025-11-01,24,2155.24,51.02,1,0,monthly,manual,48.4,0
C06539,2025-11-01,11,2418.77,40.99,0,1,monthly,automatic,29.96,0
C06540,2025-11-01,68,1567.2,32.98,1,0,monthly,automatic,19.82,0
C06541,2025-11-01,70,686.91,90.84,3,1,annual,automatic,15.01,1
C06542,2025-11-01,23,623.54,26.49,1,0,monthly,automatic,27.72,0
C06543,2025-11-01,43,1669.72,83.63,1,0,annual,manual,62.79,0
C06544,2025-11-01,13,682.16,23.45,1,0,monthly,manual,17.12,1
C06545,2025-11-01,47,1471.1,66.12,0,0,monthly,manual,88.66,0
C06546,2025-11-01,50,2119.07,47.85,1,1,monthly,manual,36.66,1
C06547,2025-11-01,52,1095.59,14.94,1,0,monthly,automatic,11.23,0
C06548,2025-11-01,41,1069.49,16.96,0,0,monthly,automatic,7.67,1
C06549,2025-11-01,51,282.12,31.74,0,0,annual,automatic,,0
C06550,2025-11-01,40,783.39,77.83,1,2,monthly,automatic,111.55,0
C06551,2025-11-01,60,1804.84,74.25,1,0,monthly,manual,84.2,0
C06552,2025-11-01,13,1027.9,24.49,2,0,monthly,manual,33.57,1
C06553,2025-11-01,35,563.09,50.24,2,0,monthly,automatic,31.44,1
C06554,2025-11-01,30,442.27,14.21,1,0,annual,automatic,14.87,0
C06555,2025-11-01,39,417.62,73.01,3,0,annual,automatic,93.94,0
C06556,2025-11-01,11,1715.01,80.36,2,0,annual,manual,90.23,0
C06557,2025-11-01,24,1608.03,89.88,1,0,annual,manual,132.4,0
C06558,2025-11-01,69,1391.6,89.15,0,0,monthly,automatic,94.56,1
C06559,2025-11-01,8,1349.75,37.1,2,0,annual,manual,34.11,0
C06560,2025-11-01,46,551.21,29.18,0,0,annual,manual,2.8,0
C06561,2025-11-01,48,1350.39,90.18,1,0,monthly,automatic,96.12,0
C06562,2025-11-01,35,336.86,18.87,2,0,monthly,manual,21.31,0
C06563,2025-11-01,3,2328.47,10.64,1,0,annual,automatic,14.06,0
C06564,2025-11-01,3,332.46,34.85,0,0,annual,manual,22.37,0
C06565,2025-11-01,20,1173.12,77.23,1,0,monthly,manual,70.14,1
C06566,2025-11-01,8,200.31,70.95,0,0,monthly,automatic,25.79,0
C06567,2025-11-01,7,2007.15,98.77,1,0,monthly,automatic,35.1,0
C06568,2025-11-01,12,581.19,39.16,2,0,monthly,manual,43.06,0
C06569,2025-11-01,14,2326.31,31.21,1,0,annual,automatic,42.55,0
C06570,2025-11-01,61,300.15,40.93,1,1,monthly,automatic,56.3,0
C06571,2025-11-01,46,2086.81,79.31,1,0,monthly,automatic,85.14,0
C06572,2025-11-01,3,1709.27,25.36,3,0,monthly,automatic,41.49,0
C06573,2025-11-01,46,773.39,95.04,0,1,monthly,manual,74.38,1
C06574,2025-11-01,10,664.57,53.69,1,0,annual,automatic,66.27,0
C06575,2025-11-01,31,1021.66,79.4,0,0,annual,manual,36.42,1
C06576,2025-11-01,3,2104.33,83.59,1,0,monthly,manual,4.18,1
C06577,2025-11-01,7,2181.5,50.49,2,0,monthly,,37.94,0
C06578,2025-11-01,10,602.16,75.43,1,0,monthly,automatic,66.21,0
C06579,2025-11-01,32,1011.93,39.65,1,0,annual,automatic,39.73,0
C06580,2025-11-01,34,745.23,82.04,0,1,annual,manual,70.13,0
C06581,2025-11-01,26,481.08,83.27,1,1,monthly,automatic,87.14,0
C06582,2025-11-01,45,1685.83,58.79,0,0,monthly,automatic,89.9,0
C06583,2025-11-01,52,994.5,25.72,0,1,monthly,manual,30.3,0
C06584,2025-11-01,53,717.38,97.17,0,0,annual,manual,63.36,0
C06585,2025-11-01,42,2190.79,94.96,0,1,annual,automatic,4.75,0
C06586,2025-11-01,40,1920.13,63.88,0,0,monthly,automatic,34.73,1
C06587,2025-11-01,36,1978.65,98.47,2,0,annual,automatic,136.88,0
C06588,2025-11-01,18,289.15,52.77,2,0,monthly,automatic,39.25,0
C06589,2025-11-01,36,2303.8,40.67,2,0,monthly,automatic,47.08,0
C06590,2025-11-01,1,1520.9,48.75,0,1,monthly,manual,55.78,1
C06591,2025-11-01,70,1357.75,9.36,1,0,monthly,manual,8.43,0
C06592,2025-11-01,27,223.35,57.17,1,0,monthly,manual,50.86,0
C06593,2025-11-01,55,2263.62,68.29,2,1,monthly,automatic,46.95,1
C06594,2025-11-01,69,1449.95,15.4,0,0,annual,manual,26.17,0
C06595,2025-11-01,36,2096.85,29.28,3,0,annual,automatic,17.14,0
C06596,2025-11-01,63,1706.68,73.51,1,2,annual,manual,96.47,0
C06597,2025-11-01,35,2031.4,80.39,0,0,monthly,automatic,97.33,0
C06598,2025-11-01,10,1792.74,98.66,1,0,monthly,automatic,112.01,1
C06599,2025-11-01,2,2317.22,29.06,1,0,monthly,automatic,25.52,1
C00000,2025-01-01,7,2366.77,26.42,1,1,monthly,manual,6.09,1
C00001,2025-01-01,56,933.1,24.2,0,0,monthly,manual,21.21,0
C00002,2025-01-01,48,787.66,72.69,1,0,monthly,automatic,71.41,0
C00003,2025-01-01,32,2497.64,52.63,1,0,monthly,automatic,12.44,1
C00004,2025-01-01,32,1851.99,61.92,0,1,monthly,manual,58.29,0
C00005,2025-01-01,62,307.94,72.31,1,1,annual,manual,3.62,1
C00006,2025-01-01,7,341.34,57.01,0,0,monthly,automatic,83.29,0
C00007,2025-01-01,51,257.65,79.83,0,0,monthly,automatic,86.78,0
C00008,2025-01-01,15,1578.12,35.29,0,0,monthly,automatic,22.36,0
C00009,2025-01-01,7,363.6,86.6,1,0,annual,manual,83.51,1
C00010,2025-01-01,38,2345.79,15.23,1,0,monthly,automatic,15.35,0
C00011,2025-01-01,71,2353.89,65.23,1,0,annual,manual,71.04,0
C00012,2025-01-01,53,1454.92,89.56,2,0,monthly,automatic,84.57,0
C00013,2025-01-01,55,1617.27,29.01,1,0,monthly,automatic,36.28,0
C00014,2025-01-01,52,870.36,36.05,1,0,monthly,automatic,17.17,0
C00015,2025-01-01,57,346.14,34.02,0,1,monthly,automatic,29.76,0
C00016,2025-01-01,37,1895.16,58.61,0,0,monthly,automatic,90.57,0
C00017,2025-01-01,10,433.11,44.22,0,1,monthly,manual,35.24,0
C00018,2025-01-01,61,395.78,15.26,0,1,monthly,automatic,15.33,0
C00019,2025-01-01,33,914.81,89.67,1,0,annual,automatic,51.26,0
